<?xml version="1.0" encoding="UTF-8"?>
<alpino_ds version="1.6">
  <parser build="Alpino-x86_64-linux-glibc2.5-git233-sicstus" date="2021-02-02T15:57" cats="1" skips="0" />
  <node begin="0" cat="top" end="6" id="0" rel="top">
    <node begin="0" cat="smain" end="6" id="1" rel="--">
      <node begin="0" cat="np" end="2" id="2" index="1" rel="su">
        <node begin="0" end="1" frame="number(hoofd(pl_num))" his="normal" his_1="decap" his_1_1="number_expression" id="3" infl="pl_num" lcat="detp" lemma="twee" naamval="stan" numtype="hoofd" pos="num" positie="prenom" postag="TW(hoofd,prenom,stan)" pt="tw" rel="det" root="twee" sense="twee" special="hoofd" word="Twee"/>
        <node begin="1" end="2" frame="noun(de,count,pl)" gen="de" getal="mv" graad="basis" his="normal" his_1="normal" id="4" lcat="np" lemma="hond" ntype="soort" num="pl" pos="noun" postag="N(soort,mv,basis)" pt="n" rel="hd" rnum="pl" root="hond" sense="hond" word="honden"/>
      </node>
      <node begin="2" end="3" frame="verb(unacc,pl,aan_het)" his="normal" his_1="normal" id="5" infl="pl" lcat="smain" lemma="zijn" pos="verb" postag="WW(pv,tgw,mv)" pt="ww" pvagr="mv" pvtijd="tgw" rel="hd" root="ben" sc="aan_het" sense="ben-aan_het" stype="declarative" tense="present" word="zijn" wvorm="pv"/>
      <node begin="0" cat="ahi" end="6" id="6" rel="vc">
        <node begin="3" cat="mwu" end="5" his="normal" his_1="normal" id="7" mwu_root="aan het" mwu_sense="aan het" rel="cmp">
          <node begin="3" end="4" frame="complementizer(aan_het)" id="8" lcat="ahi" lemma="aan" pos="comp" postag="VZ(init)" pt="vz" rel="mwp" root="aan" sc="aan_het" sense="aan" vztype="init" word="aan"/>
          <node begin="4" end="5" frame="complementizer(aan_het)" id="9" lcat="ahi" lemma="het" lwtype="bep" naamval="stan" npagr="evon" pos="comp" postag="LID(bep,stan,evon)" pt="lid" rel="mwp" root="het" sc="aan_het" sense="het" word="het"/>
        </node>
        <node begin="0" cat="inf" end="6" id="10" rel="body">
          <node begin="0" end="2" id="11" index="1" rel="su"/>
          <node begin="5" buiging="zonder" end="6" frame="verb(hebben,inf,intransitive)" his="normal" his_1="normal" id="12" infl="inf" lcat="inf" lemma="vechten" pos="verb" positie="vrij" postag="WW(inf,vrij,zonder)" pt="ww" rel="hd" root="vecht" sc="intransitive" sense="vecht" word="vechten" wvorm="inf"/>
        </node>
      </node>
    </node>
  </node>
  <sentence sentid="10">Twee honden zijn aan het vechten</sentence>
  <comments>
    <comment>Q#10|Twee honden zijn aan het vechten|1|1|-5.915882255900001</comment>
  </comments>
</alpino_ds>
