<?xml version="1.0" encoding="UTF-8"?>
<alpino_ds version="1.6">
  <parser build="Alpino-x86_64-linux-glibc2.5-git233-sicstus" date="2021-02-02T16:07" cats="1" skips="0" />
  <node begin="0" cat="top" end="11" id="0" rel="top">
    <node begin="0" cat="smain" end="11" id="1" rel="--">
      <node begin="1" end="2" frame="verb(unacc,sg3,passive)" his="normal" his_1="normal" id="2" infl="sg3" lcat="smain" lemma="worden" pos="verb" postag="WW(pv,tgw,met-t)" pt="ww" pvagr="met-t" pvtijd="tgw" rel="hd" root="word" sc="passive" sense="word" stype="declarative" tense="present" word="wordt" wvorm="pv"/>
      <node begin="2" cat="np" end="4" id="3" index="1" rel="su">
        <node begin="2" end="3" frame="determiner(wat,nwh,mod,pro,nparg,ntopicpro)" getal="ev" his="normal" his_1="normal" id="4" infl="wat" lcat="detp" lemma="wat" naamval="stan" pdtype="pron" persoon="3o" pos="det" postag="VNW(onbep,pron,stan,vol,3o,ev)" pt="vnw" rel="det" root="wat" sense="wat" status="vol" vwtype="onbep" wh="nwh" word="wat"/>
        <node begin="3" end="4" frame="noun(de,count,sg)" gen="de" genus="zijd" getal="ev" graad="basis" his="normal" his_1="normal" id="5" lcat="np" lemma="vloeistof" naamval="stan" ntype="soort" num="sg" pos="noun" postag="N(soort,ev,basis,zijd,stan)" pt="n" rel="hd" rnum="sg" root="vloeistof" sense="vloeistof" word="vloeistof"/>
      </node>
      <node begin="0" cat="ppart" end="11" id="6" rel="vc">
        <node begin="0" end="1" frame="er_vp_adverb" getal="getal" his="normal" his_1="decap" his_1_1="normal" id="7" lcat="advp" lemma="er" naamval="stan" pdtype="adv-pron" persoon="3" pos="adv" postag="VNW(aanw,adv-pron,stan,red,3,getal)" pt="vnw" rel="mod" root="er" sense="er" special="er" status="red" vwtype="aanw" word="Er"/>
        <node begin="2" end="4" id="8" index="1" rel="obj1"/>
        <node begin="4" cat="pp" end="7" id="9" rel="ld">
          <node begin="4" end="5" frame="preposition(in,[])" his="normal" his_1="normal" id="10" lcat="pp" lemma="in" pos="prep" postag="VZ(init)" pt="vz" rel="hd" root="in" sense="in" vztype="init" word="in"/>
          <node begin="5" cat="np" end="7" id="11" rel="obj1">
            <node begin="5" end="6" frame="determiner(een)" his="normal" his_1="normal" id="12" infl="een" lcat="detp" lemma="een" lwtype="onbep" naamval="stan" npagr="agr" pos="det" postag="LID(onbep,stan,agr)" pt="lid" rel="det" root="een" sense="een" word="een"/>
            <node begin="6" end="7" frame="noun(de,count,sg)" gen="de" genus="zijd" getal="ev" graad="basis" his="normal" his_1="normal" id="13" lcat="np" lemma="pan" naamval="stan" ntype="soort" num="sg" pos="noun" postag="N(soort,ev,basis,zijd,stan)" pt="n" rel="hd" rnum="sg" root="pan" sense="pan" word="pan"/>
          </node>
        </node>
        <node begin="7" buiging="zonder" end="8" frame="verb(hebben,psp,np_ld_pp)" his="normal" his_1="normal" id="14" infl="psp" lcat="ppart" lemma="gieten" pos="verb" positie="vrij" postag="WW(vd,vrij,zonder)" pt="ww" rel="hd" root="giet" sc="np_ld_pp" sense="giet" word="gegoten" wvorm="vd"/>
        <node begin="8" cat="pp" end="11" id="15" rel="mod">
          <node begin="8" end="9" frame="preposition(door,[heen])" his="normal" his_1="normal" id="16" lcat="pp" lemma="door" pos="prep" postag="VZ(init)" pt="vz" rel="hd" root="door" sense="door" vztype="init" word="door"/>
          <node begin="9" cat="np" end="11" id="17" rel="obj1">
            <node begin="9" end="10" frame="determiner(een)" his="normal" his_1="normal" id="18" infl="een" lcat="detp" lemma="een" lwtype="onbep" naamval="stan" npagr="agr" pos="det" postag="LID(onbep,stan,agr)" pt="lid" rel="det" root="een" sense="een" word="een"/>
            <node begin="10" end="11" frame="noun(de,count,bare_meas)" gen="de" genus="zijd" getal="ev" graad="basis" his="normal" his_1="normal" id="19" lcat="np" lemma="man" naamval="stan" ntype="soort" num="bare_meas" pos="noun" postag="N(soort,ev,basis,zijd,stan)" pt="n" rel="hd" rnum="sg" root="man" sense="man" word="man"/>
          </node>
        </node>
      </node>
    </node>
  </node>
  <sentence sentid="1000">Er wordt wat vloeistof in een pan gegoten door een man</sentence>
  <comments>
    <comment>Q#1000|Er wordt wat vloeistof in een pan gegoten door een man|1|1|-13.160663334599992</comment>
  </comments>
</alpino_ds>
