<?xml version="1.0" encoding="UTF-8"?>
<alpino_ds version="1.6">
  <parser build="Alpino-x86_64-linux-glibc2.5-git233-sicstus" date="2021-02-02T16:07" cats="1" skips="0" />
  <node begin="0" cat="top" end="8" id="0" rel="top">
    <node begin="0" cat="smain" end="8" id="1" rel="--">
      <node begin="0" cat="np" end="2" id="2" rel="su">
        <node begin="0" end="1" frame="determiner(de)" his="normal" his_1="decap" his_1_1="normal" id="3" infl="de" lcat="detp" lemma="de" lwtype="bep" naamval="stan" npagr="rest" pos="det" postag="LID(bep,stan,rest)" pt="lid" rel="det" root="de" sense="de" word="De"/>
        <node begin="1" end="2" frame="noun(de,count,sg)" gen="de" genus="zijd" getal="ev" graad="basis" his="compound" his_1="hyphen" id="4" lcat="np" lemma="chef_kok" naamval="stan" ntype="soort" num="sg" pos="noun" postag="N(soort,ev,basis,zijd,stan)" pt="n" rel="hd" rnum="sg" root="chef_kok" sense="chef_kok" word="chef-kok"/>
      </node>
      <node begin="2" end="3" frame="verb(hebben,sg,np_ld_pp)" his="normal" his_1="normal" id="5" infl="sg" lcat="smain" lemma="gieten" pos="verb" postag="WW(pv,tgw,ev)" pt="ww" pvagr="ev" pvtijd="tgw" rel="hd" root="giet" sc="np_ld_pp" sense="giet" stype="declarative" tense="present" word="giet" wvorm="pv"/>
      <node begin="3" cat="np" end="5" id="6" rel="obj1">
        <node aform="base" begin="3" buiging="zonder" end="4" frame="adjective(no_e(adv))" graad="basis" his="normal" his_1="normal" id="7" infl="no_e" lcat="ap" lemma="zorgvuldig" pos="adj" positie="prenom" postag="ADJ(prenom,basis,zonder)" pt="adj" rel="mod" root="zorgvuldig" sense="zorgvuldig" vform="adj" word="zorgvuldig"/>
        <node begin="4" end="5" frame="noun(de,count,sg)" gen="de" genus="zijd" getal="ev" graad="basis" his="normal" his_1="normal" id="8" lcat="np" lemma="olie" naamval="stan" ntype="soort" num="sg" pos="noun" postag="N(soort,ev,basis,zijd,stan)" pt="n" rel="hd" rnum="sg" root="olie" sense="olie" word="olie"/>
      </node>
      <node begin="5" cat="pp" end="8" id="9" rel="ld">
        <node begin="5" end="6" frame="preposition(in,[])" his="normal" his_1="normal" id="10" lcat="pp" lemma="in" pos="prep" postag="VZ(init)" pt="vz" rel="hd" root="in" sense="in" vztype="init" word="in"/>
        <node begin="6" cat="np" end="8" id="11" rel="obj1">
          <node begin="6" end="7" frame="determiner(de)" his="normal" his_1="normal" id="12" infl="de" lcat="detp" lemma="de" lwtype="bep" naamval="stan" npagr="rest" pos="det" postag="LID(bep,stan,rest)" pt="lid" rel="det" root="de" sense="de" word="de"/>
          <node begin="7" end="8" frame="noun(de,count,sg)" gen="de" genus="zijd" getal="ev" graad="basis" his="normal" his_1="normal" id="13" lcat="np" lemma="pan" naamval="stan" ntype="soort" num="sg" pos="noun" postag="N(soort,ev,basis,zijd,stan)" pt="n" rel="hd" rnum="sg" root="pan" sense="pan" word="pan"/>
        </node>
      </node>
    </node>
  </node>
  <sentence sentid="1003">De chef-kok giet zorgvuldig olie in de pan</sentence>
  <comments>
    <comment>Q#1003|De chef-kok giet zorgvuldig olie in de pan|1|1|0.04101272310000281</comment>
  </comments>
</alpino_ds>
