<?xml version="1.0" encoding="UTF-8"?>
<alpino_ds version="1.6">
  <parser build="Alpino-x86_64-linux-glibc2.5-git233-sicstus" date="2021-02-02T16:07" cats="1" skips="0" />
  <node begin="0" cat="top" end="9" id="0" rel="top">
    <node begin="0" cat="smain" end="9" id="1" rel="--">
      <node begin="0" cat="np" end="2" id="2" rel="su">
        <node begin="0" end="1" frame="determiner(de)" his="normal" his_1="decap" his_1_1="normal" id="3" infl="de" lcat="detp" lemma="de" lwtype="bep" naamval="stan" npagr="rest" pos="det" postag="LID(bep,stan,rest)" pt="lid" rel="det" root="de" sense="de" word="De"/>
        <node begin="1" end="2" frame="noun(de,count,sg)" gen="de" genus="zijd" getal="ev" graad="basis" his="normal" his_1="normal" id="4" lcat="np" lemma="chef" naamval="stan" ntype="soort" num="sg" pos="noun" postag="N(soort,ev,basis,zijd,stan)" pt="n" rel="hd" rnum="sg" root="chef" sense="chef" word="chef"/>
      </node>
      <node begin="2" end="3" frame="verb(hebben,sg,np_ld_pp)" his="normal" his_1="normal" id="5" infl="sg" lcat="smain" lemma="gieten" pos="verb" postag="WW(pv,tgw,ev)" pt="ww" pvagr="ev" pvtijd="tgw" rel="hd" root="giet" sc="np_ld_pp" sense="giet" stype="declarative" tense="present" word="giet" wvorm="pv"/>
      <node aform="base" begin="3" buiging="zonder" end="4" frame="adjective(no_e(adv))" graad="basis" his="normal" his_1="normal" id="6" infl="no_e" lcat="ap" lemma="voorzichtig" pos="adj" positie="vrij" postag="ADJ(vrij,basis,zonder)" pt="adj" rel="mod" root="voorzichtig" sense="voorzichtig" vform="adj" word="voorzichtig"/>
      <node begin="4" cat="np" end="6" id="7" rel="obj1">
        <node begin="4" end="5" frame="determiner(wat,nwh,mod,pro,nparg,ntopicpro)" getal="ev" his="normal" his_1="normal" id="8" infl="wat" lcat="detp" lemma="wat" naamval="stan" pdtype="pron" persoon="3o" pos="det" postag="VNW(onbep,pron,stan,vol,3o,ev)" pt="vnw" rel="det" root="wat" sense="wat" status="vol" vwtype="onbep" wh="nwh" word="wat"/>
        <node begin="5" end="6" frame="noun(de,count,sg)" gen="de" genus="zijd" getal="ev" graad="basis" his="normal" his_1="normal" id="9" lcat="np" lemma="olie" naamval="stan" ntype="soort" num="sg" pos="noun" postag="N(soort,ev,basis,zijd,stan)" pt="n" rel="hd" rnum="sg" root="olie" sense="olie" word="olie"/>
      </node>
      <node begin="6" cat="pp" end="9" id="10" rel="ld">
        <node begin="6" end="7" frame="preposition(in,[])" his="normal" his_1="normal" id="11" lcat="pp" lemma="in" pos="prep" postag="VZ(init)" pt="vz" rel="hd" root="in" sense="in" vztype="init" word="in"/>
        <node begin="7" cat="np" end="9" id="12" rel="obj1">
          <node begin="7" end="8" frame="determiner(een)" his="normal" his_1="normal" id="13" infl="een" lcat="detp" lemma="een" lwtype="onbep" naamval="stan" npagr="agr" pos="det" postag="LID(onbep,stan,agr)" pt="lid" rel="det" root="een" sense="een" word="een"/>
          <node begin="8" end="9" frame="noun(de,count,sg)" gen="de" genus="zijd" getal="ev" graad="basis" his="normal" his_1="normal" id="14" lcat="np" lemma="pan" naamval="stan" ntype="soort" num="sg" pos="noun" postag="N(soort,ev,basis,zijd,stan)" pt="n" rel="hd" rnum="sg" root="pan" sense="pan" word="pan"/>
        </node>
      </node>
    </node>
  </node>
  <sentence sentid="1004">De chef giet voorzichtig wat olie in een pan</sentence>
  <comments>
    <comment>Q#1004|De chef giet voorzichtig wat olie in een pan|1|1|-3.8425302629000013</comment>
  </comments>
</alpino_ds>
