<?xml version="1.0" encoding="UTF-8"?>
<alpino_ds version="1.6">
  <parser build="Alpino-x86_64-linux-glibc2.5-git233-sicstus" date="2021-02-02T16:07" cats="1" skips="0" />
  <node begin="0" cat="top" end="9" id="0" rel="top">
    <node begin="0" cat="smain" end="9" id="1" rel="--">
      <node begin="0" cat="np" end="2" id="2" rel="su">
        <node begin="0" end="1" frame="determiner(de)" his="normal" his_1="decap" his_1_1="normal" id="3" infl="de" lcat="detp" lemma="de" lwtype="bep" naamval="stan" npagr="rest" pos="det" postag="LID(bep,stan,rest)" pt="lid" rel="det" root="de" sense="de" word="De"/>
        <node begin="1" end="2" frame="noun(de,count,sg)" gen="de" genus="zijd" getal="ev" graad="basis" his="compound" his_1="hyphen" id="4" lcat="np" lemma="chef_kok" naamval="stan" ntype="soort" num="sg" pos="noun" postag="N(soort,ev,basis,zijd,stan)" pt="n" rel="hd" rnum="sg" root="chef_kok" sense="chef_kok" word="chef-kok"/>
      </node>
      <node begin="2" end="3" frame="verb(hebben,sg3,transitive)" his="normal" his_1="normal" id="5" infl="sg3" lcat="smain" lemma="drogen" pos="verb" postag="WW(pv,tgw,met-t)" pt="ww" pvagr="met-t" pvtijd="tgw" rel="hd" root="droog" sc="transitive" sense="droog" stype="declarative" tense="present" word="droogt" wvorm="pv"/>
      <node begin="3" cat="np" end="5" id="6" rel="obj1">
        <node begin="3" end="4" frame="determiner(de)" his="normal" his_1="normal" id="7" infl="de" lcat="detp" lemma="de" lwtype="bep" naamval="stan" npagr="rest" pos="det" postag="LID(bep,stan,rest)" pt="lid" rel="det" root="de" sense="de" word="de"/>
        <node begin="4" end="5" frame="noun(de,count,sg)" gen="de" genus="zijd" getal="ev" graad="basis" his="normal" his_1="normal" id="8" lcat="np" lemma="olie" naamval="stan" ntype="soort" num="sg" pos="noun" postag="N(soort,ev,basis,zijd,stan)" pt="n" rel="hd" rnum="sg" root="olie" sense="olie" word="olie"/>
      </node>
      <node aform="base" begin="5" buiging="zonder" end="6" frame="adjective(no_e(adv))" graad="basis" his="normal" his_1="normal" id="9" infl="no_e" lcat="ap" lemma="voorzichtig" pos="adj" positie="vrij" postag="ADJ(vrij,basis,zonder)" pt="adj" rel="mod" root="voorzichtig" sense="voorzichtig" vform="adj" word="voorzichtig"/>
      <node begin="6" cat="pp" end="9" id="10" rel="mod">
        <node begin="6" end="7" frame="preposition(uit,[vandaan])" his="normal" his_1="normal" id="11" lcat="pp" lemma="uit" pos="prep" postag="VZ(init)" pt="vz" rel="hd" root="uit" sense="uit" vztype="init" word="uit"/>
        <node begin="7" cat="np" end="9" id="12" rel="obj1">
          <node begin="7" end="8" frame="determiner(de)" his="normal" his_1="normal" id="13" infl="de" lcat="detp" lemma="de" lwtype="bep" naamval="stan" npagr="rest" pos="det" postag="LID(bep,stan,rest)" pt="lid" rel="det" root="de" sense="de" word="de"/>
          <node begin="8" end="9" frame="noun(de,count,sg)" gen="de" genus="zijd" getal="ev" graad="basis" his="normal" his_1="normal" id="14" lcat="np" lemma="pan" naamval="stan" ntype="soort" num="sg" pos="noun" postag="N(soort,ev,basis,zijd,stan)" pt="n" rel="hd" rnum="sg" root="pan" sense="pan" word="pan"/>
        </node>
      </node>
    </node>
  </node>
  <sentence sentid="1005">De chef-kok droogt de olie voorzichtig uit de pan</sentence>
  <comments>
    <comment>Q#1005|De chef-kok droogt de olie voorzichtig uit de pan|1|1|2.4211319245999983</comment>
  </comments>
</alpino_ds>
