<?xml version="1.0" encoding="UTF-8"?>
<alpino_ds version="1.6">
  <parser build="Alpino-x86_64-linux-glibc2.5-git233-sicstus" date="2021-02-02T16:07" cats="1" skips="0" />
  <node begin="0" cat="top" end="14" id="0" rel="top">
    <node begin="0" cat="smain" end="14" id="1" rel="--">
      <node begin="0" cat="np" end="2" id="2" index="1" rel="su">
        <node begin="0" end="1" frame="determiner(de)" his="normal" his_1="decap" his_1_1="normal" id="3" infl="de" lcat="detp" lemma="de" lwtype="bep" naamval="stan" npagr="rest" pos="det" postag="LID(bep,stan,rest)" pt="lid" rel="det" root="de" sense="de" word="De"/>
        <node begin="1" end="2" frame="noun(de,count,bare_meas)" gen="de" genus="zijd" getal="ev" graad="basis" his="normal" his_1="normal" id="4" lcat="np" lemma="man" naamval="stan" ntype="soort" num="bare_meas" pos="noun" postag="N(soort,ev,basis,zijd,stan)" pt="n" rel="hd" rnum="sg" root="man" sense="man" word="man"/>
      </node>
      <node begin="2" end="3" frame="verb(unacc,sg_heeft,aan_het)" his="normal" his_1="normal" id="5" infl="sg_heeft" lcat="smain" lemma="zijn" pos="verb" postag="WW(pv,tgw,ev)" pt="ww" pvagr="ev" pvtijd="tgw" rel="hd" root="ben" sc="aan_het" sense="ben-aan_het" stype="declarative" tense="present" word="is" wvorm="pv"/>
      <node begin="0" cat="ahi" end="14" id="6" rel="vc">
        <node begin="3" cat="mwu" end="5" his="normal" his_1="normal" id="7" mwu_root="aan het" mwu_sense="aan het" rel="cmp">
          <node begin="3" end="4" frame="complementizer(aan_het)" id="8" lcat="ahi" lemma="aan" pos="comp" postag="VZ(init)" pt="vz" rel="mwp" root="aan" sc="aan_het" sense="aan" vztype="init" word="aan"/>
          <node begin="4" end="5" frame="complementizer(aan_het)" id="9" lcat="ahi" lemma="het" lwtype="bep" naamval="stan" npagr="evon" pos="comp" postag="LID(bep,stan,evon)" pt="lid" rel="mwp" root="het" sc="aan_het" sense="het" word="het"/>
        </node>
        <node begin="0" cat="inf" end="14" id="10" rel="body">
          <node begin="0" end="2" id="11" index="1" rel="su"/>
          <node begin="5" buiging="zonder" end="6" frame="verb(hebben,inf,intransitive)" his="normal" his_1="normal" id="12" infl="inf" lcat="inf" lemma="typen" pos="verb" positie="vrij" postag="WW(inf,vrij,zonder)" pt="ww" rel="hd" root="typ" sc="intransitive" sense="typ" word="typen" wvorm="inf"/>
          <node begin="6" cat="pp" end="14" id="13" rel="mod">
            <node begin="6" end="7" frame="preposition(op,[af,na])" his="normal" his_1="normal" id="14" lcat="pp" lemma="op" pos="prep" postag="VZ(init)" pt="vz" rel="hd" root="op" sense="op" vztype="init" word="op"/>
            <node begin="7" cat="np" end="14" id="15" rel="obj1">
              <node begin="7" end="8" frame="determiner(een)" his="normal" his_1="normal" id="16" infl="een" lcat="detp" lemma="een" lwtype="onbep" naamval="stan" npagr="agr" pos="det" postag="LID(onbep,stan,agr)" pt="lid" rel="det" root="een" sense="een" word="een"/>
              <node begin="8" end="9" frame="noun(de,count,sg)" gen="de" genus="zijd" getal="ev" graad="basis" his="normal" his_1="normal" id="17" lcat="np" lemma="machine" naamval="stan" ntype="soort" num="sg" pos="noun" postag="N(soort,ev,basis,zijd,stan)" pt="n" rel="hd" rnum="sg" root="machine" sense="machine" word="machine"/>
              <node begin="9" cat="rel" end="14" id="18" rel="mod">
                <node begin="9" case="no_obl" end="10" frame="rel_pronoun(de,no_obl)" gen="de" getal="getal" his="normal" his_1="normal" id="19" index="2" lcat="np" lemma="die" naamval="stan" pdtype="pron" persoon="persoon" pos="pron" postag="VNW(betr,pron,stan,vol,persoon,getal)" pt="vnw" rel="rhd" rnum="sg" root="die" sense="die" status="vol" vwtype="betr" wh="rel" word="die"/>
                <node begin="9" cat="ssub" end="14" id="20" rel="body">
                  <node begin="9" end="10" id="21" index="2" rel="su"/>
                  <node begin="11" end="12" frame="verb(unacc,sg3,passive)" his="normal" his_1="normal" id="22" infl="sg3" lcat="ssub" lemma="worden" pos="verb" postag="WW(pv,tgw,met-t)" pt="ww" pvagr="met-t" pvtijd="tgw" rel="hd" root="word" sc="passive" sense="word" tense="present" word="wordt" wvorm="pv"/>
                  <node begin="9" cat="ppart" end="14" id="23" rel="vc">
                    <node begin="9" end="10" id="24" index="2" rel="obj1"/>
                    <node begin="10" buiging="zonder" end="11" frame="verb(hebben,psp,np_pc_pp(voor))" his="normal" his_1="normal" id="25" infl="psp" lcat="ppart" lemma="gebruiken" pos="verb" positie="vrij" postag="WW(vd,vrij,zonder)" pt="ww" rel="hd" root="gebruik" sc="np_pc_pp(voor)" sense="gebruik-voor" word="gebruikt" wvorm="vd"/>
                    <node begin="12" cat="pp" end="14" id="26" rel="pc">
                      <node begin="12" end="13" frame="preposition(voor,[aan,door,uit,[in,de,plaats]])" his="normal" his_1="normal" id="27" lcat="pp" lemma="voor" pos="prep" postag="VZ(init)" pt="vz" rel="hd" root="voor" sense="voor" vztype="init" word="voor"/>
                      <node begin="13" end="14" frame="noun(both,both,both)" gen="both" genus="zijd" getal="ev" graad="basis" his="noun" id="28" lcat="np" lemma="stenografie" naamval="stan" ntype="soort" num="both" pos="noun" postag="N(soort,ev,basis,zijd,stan)" pt="n" rel="obj1" rnum="sg" root="stenografie" sense="stenografie" word="stenografie"/>
                    </node>
                  </node>
                </node>
              </node>
            </node>
          </node>
        </node>
      </node>
    </node>
  </node>
  <sentence sentid="1006">De man is aan het typen op een machine die gebruikt wordt voor stenografie</sentence>
  <comments>
    <comment>Q#1006|De man is aan het typen op een machine die gebruikt wordt voor stenografie|1|1|-10.8248517715</comment>
  </comments>
</alpino_ds>
