<?xml version="1.0" encoding="UTF-8"?>
<alpino_ds version="1.6">
  <parser build="Alpino-x86_64-linux-glibc2.5-git233-sicstus" date="2021-02-02T16:07" cats="1" skips="0" />
  <node begin="0" cat="top" end="10" id="0" rel="top">
    <node begin="0" cat="smain" end="10" id="1" rel="--">
      <node begin="0" cat="np" end="2" id="2" index="1" rel="su">
        <node begin="0" end="1" frame="determiner(de)" his="normal" his_1="decap" his_1_1="normal" id="3" infl="de" lcat="detp" lemma="de" lwtype="bep" naamval="stan" npagr="rest" pos="det" postag="LID(bep,stan,rest)" pt="lid" rel="det" root="de" sense="de" word="De"/>
        <node begin="1" end="2" frame="noun(de,count,bare_meas)" gen="de" genus="zijd" getal="ev" graad="basis" his="normal" his_1="normal" id="4" lcat="np" lemma="man" naamval="stan" ntype="soort" num="bare_meas" pos="noun" postag="N(soort,ev,basis,zijd,stan)" pt="n" rel="hd" rnum="sg" root="man" sense="man" word="man"/>
      </node>
      <node begin="2" end="3" frame="verb(hebben,sg_heeft,fixed([ap_pred(nodig),meas,vp],no_passive))" his="normal" his_1="normal" id="5" infl="sg_heeft" lcat="smain" lemma="hebben" pos="verb" postag="WW(pv,tgw,met-t)" pt="ww" pvagr="met-t" pvtijd="tgw" rel="hd" root="heb" sc="fixed([ap_pred(nodig),meas,vp],no_passive)" sense="nodig-heb" stype="declarative" tense="present" word="heeft" wvorm="pv"/>
      <node begin="3" cat="np" end="5" id="6" rel="me">
        <node begin="3" end="4" frame="determiner(een)" his="normal" his_1="normal" id="7" infl="een" lcat="detp" lemma="een" lwtype="onbep" naamval="stan" npagr="agr" pos="det" postag="LID(onbep,stan,agr)" pt="lid" rel="det" root="een" sense="een" word="een"/>
        <node begin="4" end="5" frame="noun(both,both,both)" gen="both" genus="zijd" getal="ev" graad="basis" his="noun" id="8" lcat="np" lemma="stenograaf" naamval="stan" ntype="soort" num="both" pos="noun" postag="N(soort,ev,basis,zijd,stan)" pt="n" rel="hd" rnum="sg" root="stenograaf" sense="stenograaf" word="stenograaf"/>
      </node>
      <node aform="base" begin="5" buiging="zonder" end="6" frame="adjective(no_e(adv))" graad="basis" his="normal" his_1="normal" id="9" infl="no_e" lcat="ap" lemma="nodig" pos="adj" positie="vrij" postag="ADJ(vrij,basis,zonder)" pt="adj" rel="predc" root="nodig" sense="nodig" vform="adj" word="nodig"/>
      <node begin="0" cat="oti" end="10" id="10" rel="vc">
        <node begin="6" end="7" frame="complementizer(om)" his="normal" his_1="normal" id="11" lcat="oti" lemma="om" pos="comp" postag="VZ(init)" pt="vz" rel="cmp" root="om" sc="om" sense="om" vztype="init" word="om"/>
        <node begin="0" cat="ti" end="10" id="12" rel="body">
          <node begin="7" end="8" frame="complementizer(te)" his="normal" his_1="normal" id="13" lcat="ti" lemma="te" pos="comp" postag="VZ(init)" pt="vz" rel="cmp" root="te" sc="te" sense="te" vztype="init" word="te"/>
          <node begin="0" cat="inf" end="10" id="14" rel="body">
            <node begin="0" end="2" id="15" index="1" rel="su"/>
            <node begin="8" buiging="zonder" end="9" frame="verb('hebben/zijn',inf,aux(inf))" his="normal" his_1="normal" id="16" infl="inf" lcat="inf" lemma="kunnen" pos="verb" positie="vrij" postag="WW(inf,vrij,zonder)" pt="ww" rel="hd" root="kan" sc="aux(inf)" sense="kan" word="kunnen" wvorm="inf"/>
            <node begin="0" cat="inf" end="10" id="17" rel="vc">
              <node begin="0" end="2" id="18" index="1" rel="su"/>
              <node begin="9" buiging="zonder" end="10" frame="verb(hebben,inf,intransitive)" his="normal" his_1="normal" id="19" infl="inf" lcat="inf" lemma="werken" pos="verb" positie="vrij" postag="WW(inf,vrij,zonder)" pt="ww" rel="hd" root="werk" sc="intransitive" sense="werk" word="werken" wvorm="inf"/>
            </node>
          </node>
        </node>
      </node>
    </node>
  </node>
  <sentence sentid="1012">De man heeft een stenograaf nodig om te kunnen werken</sentence>
  <comments>
    <comment>Q#1012|De man heeft een stenograaf nodig om te kunnen werken|1|1|-11.326413103399998</comment>
  </comments>
</alpino_ds>
