<?xml version="1.0" encoding="UTF-8"?>
<alpino_ds version="1.6">
  <parser build="Alpino-x86_64-linux-glibc2.5-git233-sicstus" date="2021-02-02T16:07" cats="2" skips="0" />
  <node begin="0" cat="top" end="9" id="0" rel="top">
    <node begin="0" cat="du" end="9" id="1" rel="--">
      <node begin="0" cat="np" end="2" id="2" rel="dp">
        <node begin="0" end="1" frame="determiner(een)" his="normal" his_1="decap" his_1_1="normal" id="3" infl="een" lcat="detp" lemma="een" lwtype="onbep" naamval="stan" npagr="agr" pos="det" postag="LID(onbep,stan,agr)" pt="lid" rel="det" root="een" sense="een" word="Een"/>
        <node begin="1" end="2" frame="noun(de,count,sg)" gen="de" genus="zijd" getal="ev" graad="basis" his="normal" his_1="normal" id="4" lcat="np" lemma="slang" naamval="stan" ntype="soort" num="sg" pos="noun" postag="N(soort,ev,basis,zijd,stan)" pt="n" rel="hd" rnum="sg" root="slang" sense="slang" word="slang"/>
      </node>
      <node begin="2" cat="sv1" end="9" id="5" rel="dp">
        <node begin="2" end="3" frame="verb(unacc,sg3,passive)" his="normal" his_1="normal" id="6" infl="sg3" lcat="sv1" lemma="worden" pos="verb" postag="WW(pv,tgw,met-t)" pt="ww" pvagr="met-t" pvtijd="tgw" rel="hd" root="word" sc="passive" sense="word" stype="ynquestion" tense="present" word="wordt" wvorm="pv"/>
        <node begin="6" cat="np" end="8" id="7" index="1" rel="su">
          <node begin="6" end="7" frame="determiner(een)" his="normal" his_1="normal" id="8" infl="een" lcat="detp" lemma="een" lwtype="onbep" naamval="stan" npagr="agr" pos="det" postag="LID(onbep,stan,agr)" pt="lid" rel="det" root="een" sense="een" word="een"/>
          <node begin="7" end="8" frame="noun(de,count,sg)" gen="de" genus="zijd" getal="ev" graad="basis" his="normal" his_1="normal" id="9" lcat="np" lemma="muis" naamval="stan" ntype="soort" num="sg" pos="noun" postag="N(soort,ev,basis,zijd,stan)" pt="n" rel="hd" rnum="sg" root="muis" sense="muis" word="muis"/>
        </node>
        <node begin="3" cat="ppart" end="9" id="10" rel="vc">
          <node begin="3" cat="pp" end="6" id="11" rel="mod">
            <node begin="3" end="4" frame="preposition(door,[heen])" his="normal" his_1="normal" id="12" lcat="pp" lemma="door" pos="prep" postag="VZ(init)" pt="vz" rel="hd" root="door" sense="door" vztype="init" word="door"/>
            <node begin="4" cat="np" end="6" id="13" rel="obj1">
              <node begin="4" end="5" frame="determiner(een)" his="normal" his_1="normal" id="14" infl="een" lcat="detp" lemma="een" lwtype="onbep" naamval="stan" npagr="agr" pos="det" postag="LID(onbep,stan,agr)" pt="lid" rel="det" root="een" sense="een" word="een"/>
              <node begin="5" end="6" frame="noun(de,count,bare_meas)" gen="de" genus="zijd" getal="ev" graad="basis" his="normal" his_1="normal" id="15" lcat="np" lemma="man" naamval="stan" ntype="soort" num="bare_meas" pos="noun" postag="N(soort,ev,basis,zijd,stan)" pt="n" rel="hd" rnum="sg" root="man" sense="man" word="man"/>
            </node>
          </node>
          <node begin="6" end="8" id="16" index="1" rel="obj1"/>
          <node begin="8" buiging="zonder" end="9" frame="verb(hebben,psp,transitive)" his="normal" his_1="normal" id="17" infl="psp" lcat="ppart" lemma="voeden" pos="verb" positie="vrij" postag="WW(vd,vrij,zonder)" pt="ww" rel="hd" root="voed" sc="transitive" sense="voed" word="gevoed" wvorm="vd"/>
        </node>
      </node>
    </node>
  </node>
  <sentence sentid="1013">Een slang wordt door een man een muis gevoed</sentence>
  <comments>
    <comment>Q#1013|Een slang wordt door een man een muis gevoed|1|2|-6.101401872000001</comment>
  </comments>
</alpino_ds>
