<?xml version="1.0" encoding="UTF-8"?>
<alpino_ds version="1.6">
  <parser build="Alpino-x86_64-linux-glibc2.5-git233-sicstus" date="2021-02-02T16:07" cats="2" skips="0" />
  <node begin="0" cat="top" end="10" id="0" rel="top">
    <node begin="0" cat="du" end="10" id="1" rel="--">
      <node begin="0" cat="np" end="3" id="2" rel="dp">
        <node begin="0" buiging="zonder" end="1" frame="determiner(geen,nwh,mod,pro,yparg,nwkpro,geen)" his="normal" his_1="decap" his_1_1="normal" id="3" infl="geen" lcat="detp" lemma="geen" naamval="stan" npagr="agr" pdtype="det" pos="det" positie="prenom" postag="VNW(onbep,det,stan,prenom,zonder,agr)" pt="vnw" rel="det" root="geen" sense="geen" vwtype="onbep" wh="nwh" word="Geen"/>
        <node begin="1" buiging="met-e" end="2" frame="adj_number(enkele)" his="normal" his_1="normal" id="4" infl="enkele" lcat="detp" lemma="enkel" naamval="stan" npagr="rest" pdtype="det" pos="det" positie="prenom" postag="VNW(onbep,det,stan,prenom,met-e,rest)" pt="vnw" rel="det" root="enkel" sense="enkel" special="adj_number" vwtype="onbep" word="enkele"/>
        <node begin="2" end="3" frame="noun(de,count,sg)" gen="de" genus="zijd" getal="ev" graad="basis" his="normal" his_1="normal" id="5" lcat="np" lemma="slang" naamval="stan" ntype="soort" num="sg" pos="noun" postag="N(soort,ev,basis,zijd,stan)" pt="n" rel="hd" rnum="sg" root="slang" sense="slang" word="slang"/>
      </node>
      <node begin="3" cat="sv1" end="10" id="6" rel="dp">
        <node begin="3" end="4" frame="verb(unacc,sg3,passive)" his="normal" his_1="normal" id="7" infl="sg3" lcat="sv1" lemma="worden" pos="verb" postag="WW(pv,tgw,met-t)" pt="ww" pvagr="met-t" pvtijd="tgw" rel="hd" root="word" sc="passive" sense="word" stype="ynquestion" tense="present" word="wordt" wvorm="pv"/>
        <node begin="7" cat="np" end="9" id="8" index="1" rel="su">
          <node begin="7" end="8" frame="determiner(een)" his="normal" his_1="normal" id="9" infl="een" lcat="detp" lemma="een" lwtype="onbep" naamval="stan" npagr="agr" pos="det" postag="LID(onbep,stan,agr)" pt="lid" rel="det" root="een" sense="een" word="een"/>
          <node begin="8" end="9" frame="noun(de,count,sg)" gen="de" genus="zijd" getal="ev" graad="basis" his="normal" his_1="normal" id="10" lcat="np" lemma="muis" naamval="stan" ntype="soort" num="sg" pos="noun" postag="N(soort,ev,basis,zijd,stan)" pt="n" rel="hd" rnum="sg" root="muis" sense="muis" word="muis"/>
        </node>
        <node begin="4" cat="ppart" end="10" id="11" rel="vc">
          <node begin="4" cat="pp" end="7" id="12" rel="mod">
            <node begin="4" end="5" frame="preposition(door,[heen])" his="normal" his_1="normal" id="13" lcat="pp" lemma="door" pos="prep" postag="VZ(init)" pt="vz" rel="hd" root="door" sense="door" vztype="init" word="door"/>
            <node begin="5" cat="np" end="7" id="14" rel="obj1">
              <node begin="5" end="6" frame="determiner(een)" his="normal" his_1="normal" id="15" infl="een" lcat="detp" lemma="een" lwtype="onbep" naamval="stan" npagr="agr" pos="det" postag="LID(onbep,stan,agr)" pt="lid" rel="det" root="een" sense="een" word="een"/>
              <node begin="6" end="7" frame="noun(de,count,bare_meas)" gen="de" genus="zijd" getal="ev" graad="basis" his="normal" his_1="normal" id="16" lcat="np" lemma="man" naamval="stan" ntype="soort" num="bare_meas" pos="noun" postag="N(soort,ev,basis,zijd,stan)" pt="n" rel="hd" rnum="sg" root="man" sense="man" word="man"/>
            </node>
          </node>
          <node begin="7" end="9" id="17" index="1" rel="obj1"/>
          <node begin="9" buiging="zonder" end="10" frame="verb(hebben,psp,transitive)" his="normal" his_1="normal" id="18" infl="psp" lcat="ppart" lemma="voeden" pos="verb" positie="vrij" postag="WW(vd,vrij,zonder)" pt="ww" rel="hd" root="voed" sc="transitive" sense="voed" word="gevoed" wvorm="vd"/>
        </node>
      </node>
    </node>
  </node>
  <sentence sentid="1015">Geen enkele slang wordt door een man een muis gevoed</sentence>
  <comments>
    <comment>Q#1015|Geen enkele slang wordt door een man een muis gevoed|1|2|-8.020747065399997</comment>
  </comments>
</alpino_ds>
