<?xml version="1.0" encoding="UTF-8"?>
<alpino_ds version="1.6">
  <parser build="Alpino-x86_64-linux-glibc2.5-git233-sicstus" date="2021-02-02T16:07" cats="1" skips="0" />
  <node begin="0" cat="top" end="8" id="0" rel="top">
    <node begin="0" cat="smain" end="8" id="1" rel="--">
      <node begin="0" cat="np" end="3" id="2" rel="su">
        <node begin="0" end="1" frame="determiner(een)" his="normal" his_1="decap" his_1_1="normal" id="3" infl="een" lcat="detp" lemma="een" lwtype="onbep" naamval="stan" npagr="agr" pos="det" postag="LID(onbep,stan,agr)" pt="lid" rel="det" root="een" sense="een" word="Een"/>
        <node aform="base" begin="1" buiging="met-e" end="2" frame="adjective(e)" graad="basis" his="normal" his_1="normal" id="4" infl="e" lcat="ap" lemma="arm" naamval="stan" pos="adj" positie="prenom" postag="ADJ(prenom,basis,met-e,stan)" pt="adj" rel="mod" root="arm" sense="arm" vform="adj" word="arme"/>
        <node begin="2" end="3" frame="noun(de,count,bare_meas)" gen="de" genus="zijd" getal="ev" graad="basis" his="normal" his_1="normal" id="5" lcat="np" lemma="man" naamval="stan" ntype="soort" num="bare_meas" pos="noun" postag="N(soort,ev,basis,zijd,stan)" pt="n" rel="hd" rnum="sg" root="man" sense="man" word="man"/>
      </node>
      <node begin="3" end="4" frame="verb(unacc,sg3,so_nonp_copula)" his="normal" his_1="normal" id="6" infl="sg3" lcat="smain" lemma="worden" pos="verb" postag="WW(pv,tgw,met-t)" pt="ww" pvagr="met-t" pvtijd="tgw" rel="hd" root="word" sc="so_nonp_copula" sense="word" stype="declarative" tense="present" word="wordt" wvorm="pv"/>
      <node begin="4" cat="conj" end="7" id="7" rel="obj2">
        <node begin="4" end="5" frame="noun(de,count,pl)" gen="de" getal="mv" graad="basis" his="normal" his_1="normal" id="8" lcat="np" lemma="slang" ntype="soort" num="pl" pos="noun" postag="N(soort,mv,basis)" pt="n" rel="cnj" rnum="pl" root="slang" sense="slang" word="slangen"/>
        <node begin="5" conjtype="neven" end="6" frame="conj(en)" his="normal" his_1="normal" id="9" lcat="vg" lemma="en" pos="vg" postag="VG(neven)" pt="vg" rel="crd" root="en" sense="en" word="en"/>
        <node begin="6" end="7" frame="noun(de,count,pl)" gen="de" getal="mv" graad="basis" his="normal" his_1="normal" id="10" lcat="np" lemma="muis" ntype="soort" num="pl" pos="noun" postag="N(soort,mv,basis)" pt="n" rel="cnj" rnum="pl" root="muis" sense="muis" word="muizen"/>
      </node>
      <node aform="base" begin="7" buiging="zonder" end="8" frame="adjective(ge_no_e(adv))" his="normal" his_1="normal" id="11" infl="no_e" lcat="ppart" lemma="gevoed" pos="adj" positie="vrij" postag="WW(vd,vrij,zonder)" pt="ww" rel="predc" root="gevoed" sense="gevoed" vform="psp" word="gevoed" wvorm="vd"/>
    </node>
  </node>
  <sentence sentid="1016">Een arme man wordt slangen en muizen gevoed</sentence>
  <comments>
    <comment>Q#1016|Een arme man wordt slangen en muizen gevoed|1|1|-0.6917693627999997</comment>
  </comments>
</alpino_ds>
