<?xml version="1.0" encoding="UTF-8"?>
<alpino_ds version="1.6">
  <parser build="Alpino-x86_64-linux-glibc2.5-git233-sicstus" date="2021-02-02T16:08" cats="1" skips="0" />
  <node begin="0" cat="top" end="10" id="0" rel="top">
    <node begin="0" cat="smain" end="10" id="1" rel="--">
      <node begin="0" cat="np" end="2" id="2" index="1" rel="su">
        <node begin="0" buiging="met-e" end="1" frame="determiner(pl_num,nwh,nmod,pro,yparg)" his="normal" his_1="decap" his_1_1="normal" id="3" infl="pl_num" lcat="detp" lemma="sommig" naamval="stan" npagr="rest" pdtype="det" pos="det" positie="prenom" postag="VNW(onbep,det,stan,prenom,met-e,rest)" pt="vnw" rel="det" root="sommig" sense="sommig" vwtype="onbep" wh="nwh" word="Sommige"/>
        <node begin="1" end="2" frame="noun(het,count,pl)" gen="het" getal="mv" graad="basis" his="normal" his_1="normal" id="4" lcat="np" lemma="ingrediënt" ntype="soort" num="pl" pos="noun" postag="N(soort,mv,basis)" pt="n" rel="hd" rnum="pl" root="ingrediënt" sense="ingrediënt" word="ingrediënten"/>
      </node>
      <node begin="2" end="3" frame="verb(unacc,pl,passive)" his="normal" his_1="normal" id="5" infl="pl" lcat="smain" lemma="worden" pos="verb" postag="WW(pv,tgw,mv)" pt="ww" pvagr="mv" pvtijd="tgw" rel="hd" root="word" sc="passive" sense="word" stype="declarative" tense="present" word="worden" wvorm="pv"/>
      <node begin="0" cat="ppart" end="10" id="6" rel="vc">
        <node begin="0" end="2" id="7" index="1" rel="obj1"/>
        <node begin="3" cat="pp" end="6" id="8" rel="mod">
          <node begin="3" end="4" frame="preposition(door,[heen])" his="normal" his_1="normal" id="9" lcat="pp" lemma="door" pos="prep" postag="VZ(init)" pt="vz" rel="hd" root="door" sense="door" vztype="init" word="door"/>
          <node begin="4" cat="np" end="6" id="10" rel="obj1">
            <node begin="4" end="5" frame="determiner(een)" his="normal" his_1="normal" id="11" infl="een" lcat="detp" lemma="een" lwtype="onbep" naamval="stan" npagr="agr" pos="det" postag="LID(onbep,stan,agr)" pt="lid" rel="det" root="een" sense="een" word="een"/>
            <node begin="5" end="6" frame="noun(de,count,sg)" gen="de" genus="zijd" getal="ev" graad="basis" his="normal" his_1="normal" id="12" lcat="np" lemma="persoon" naamval="stan" ntype="soort" num="sg" pos="noun" postag="N(soort,ev,basis,zijd,stan)" pt="n" rel="hd" rnum="sg" root="persoon" sense="persoon" word="persoon"/>
          </node>
        </node>
        <node begin="6" cat="pp" end="9" id="13" rel="ld">
          <node begin="6" end="7" frame="preposition(in,[])" his="normal" his_1="normal" id="14" lcat="pp" lemma="in" pos="prep" postag="VZ(init)" pt="vz" rel="hd" root="in" sense="in" vztype="init" word="in"/>
          <node begin="7" cat="np" end="9" id="15" rel="obj1">
            <node begin="7" end="8" frame="determiner(een)" his="normal" his_1="normal" id="16" infl="een" lcat="detp" lemma="een" lwtype="onbep" naamval="stan" npagr="agr" pos="det" postag="LID(onbep,stan,agr)" pt="lid" rel="det" root="een" sense="een" word="een"/>
            <node begin="8" end="9" frame="noun(de,count,sg)" gen="de" genus="zijd" getal="ev" graad="basis" his="normal" his_1="normal" id="17" lcat="np" lemma="kom" naamval="stan" ntype="soort" num="sg" pos="noun" postag="N(soort,ev,basis,zijd,stan)" pt="n" rel="hd" rnum="sg" root="kom" sense="kom" word="kom"/>
          </node>
        </node>
        <node begin="9" buiging="zonder" end="10" frame="verb(hebben,psp,np_ld_pp)" his="normal" his_1="normal" id="18" infl="psp" lcat="ppart" lemma="mengen" pos="verb" positie="vrij" postag="WW(vd,vrij,zonder)" pt="ww" rel="hd" root="meng" sc="np_ld_pp" sense="meng" word="gemengd" wvorm="vd"/>
      </node>
    </node>
  </node>
  <sentence sentid="1027">Sommige ingrediënten worden door een persoon in een kom gemengd</sentence>
  <comments>
    <comment>Q#1027|Sommige ingrediënten worden door een persoon in een kom gemengd|1|1|-12.678961106499992</comment>
  </comments>
</alpino_ds>
