<?xml version="1.0" encoding="UTF-8"?>
<alpino_ds version="1.6">
  <parser build="Alpino-x86_64-linux-glibc2.5-git233-sicstus" date="2021-02-02T16:08" cats="1" skips="0" />
  <node begin="0" cat="top" end="10" id="0" rel="top">
    <node begin="0" cat="smain" end="10" id="1" rel="--">
      <node begin="0" cat="np" end="2" id="2" index="1" rel="su">
        <node begin="0" buiging="met-e" end="1" frame="determiner(pl_num,nwh,nmod,pro,yparg)" his="normal" his_1="decap" his_1_1="normal" id="3" infl="pl_num" lcat="detp" lemma="sommig" naamval="stan" npagr="rest" pdtype="det" pos="det" positie="prenom" postag="VNW(onbep,det,stan,prenom,met-e,rest)" pt="vnw" rel="det" root="sommig" sense="sommig" vwtype="onbep" wh="nwh" word="Sommige"/>
        <node begin="1" end="2" frame="noun(het,count,pl)" gen="het" getal="mv" graad="basis" his="normal" his_1="normal" id="4" lcat="np" lemma="ingrediënt" ntype="soort" num="pl" pos="noun" postag="N(soort,mv,basis)" pt="n" rel="hd" rnum="pl" root="ingrediënt" sense="ingrediënt" word="ingrediënten"/>
      </node>
      <node begin="2" end="3" frame="verb(unacc,pl,passive)" his="normal" his_1="normal" id="5" infl="pl" lcat="smain" lemma="worden" pos="verb" postag="WW(pv,tgw,mv)" pt="ww" pvagr="mv" pvtijd="tgw" rel="hd" root="word" sc="passive" sense="word" stype="declarative" tense="present" word="worden" wvorm="pv"/>
      <node begin="0" cat="ppart" end="10" id="6" rel="vc">
        <node begin="0" end="2" id="7" index="1" rel="obj1"/>
        <node begin="3" buiging="zonder" end="4" frame="verb(hebben,psp,transitive)" his="normal" his_1="normal" id="8" infl="psp" lcat="ppart" lemma="scheiden" pos="verb" positie="vrij" postag="WW(vd,vrij,zonder)" pt="ww" rel="hd" root="scheid" sc="transitive" sense="scheid" word="gescheiden" wvorm="vd"/>
        <node begin="4" cat="pp" end="10" id="9" rel="mod">
          <node begin="4" end="5" frame="preposition(in,[])" his="normal" his_1="normal" id="10" lcat="pp" lemma="in" pos="prep" postag="VZ(init)" pt="vz" rel="hd" root="in" sense="in" vztype="init" word="in"/>
          <node begin="5" cat="np" end="10" id="11" rel="obj1">
            <node begin="5" end="6" frame="determiner(een)" his="normal" his_1="normal" id="12" infl="een" lcat="detp" lemma="een" lwtype="onbep" naamval="stan" npagr="agr" pos="det" postag="LID(onbep,stan,agr)" pt="lid" rel="det" root="een" sense="een" word="een"/>
            <node begin="6" end="7" frame="noun(de,count,sg)" gen="de" genus="zijd" getal="ev" graad="basis" his="normal" his_1="normal" id="13" lcat="np" lemma="kom" naamval="stan" ntype="soort" num="sg" pos="noun" postag="N(soort,ev,basis,zijd,stan)" pt="n" rel="hd" rnum="sg" root="kom" sense="kom" word="kom"/>
            <node begin="7" cat="pp" end="10" id="14" rel="mod">
              <node begin="7" end="8" frame="preposition(door,[heen])" his="normal" his_1="normal" id="15" lcat="pp" lemma="door" pos="prep" postag="VZ(init)" pt="vz" rel="hd" root="door" sense="door" vztype="init" word="door"/>
              <node begin="8" cat="np" end="10" id="16" rel="obj1">
                <node begin="8" end="9" frame="determiner(een)" his="normal" his_1="normal" id="17" infl="een" lcat="detp" lemma="een" lwtype="onbep" naamval="stan" npagr="agr" pos="det" postag="LID(onbep,stan,agr)" pt="lid" rel="det" root="een" sense="een" word="een"/>
                <node begin="9" end="10" frame="noun(de,count,sg)" gen="de" genus="zijd" getal="ev" graad="basis" his="normal" his_1="normal" id="18" lcat="np" lemma="persoon" naamval="stan" ntype="soort" num="sg" pos="noun" postag="N(soort,ev,basis,zijd,stan)" pt="n" rel="hd" rnum="sg" root="persoon" sense="persoon" word="persoon"/>
              </node>
            </node>
          </node>
        </node>
      </node>
    </node>
  </node>
  <sentence sentid="1028">Sommige ingrediënten worden gescheiden in een kom door een persoon</sentence>
  <comments>
    <comment>Q#1028|Sommige ingrediënten worden gescheiden in een kom door een persoon|1|1|-7.438093134899994</comment>
  </comments>
</alpino_ds>
