<?xml version="1.0" encoding="UTF-8"?>
<alpino_ds version="1.6">
  <parser build="Alpino-x86_64-linux-glibc2.5-git233-sicstus" date="2021-02-02T16:08" cats="1" skips="0" />
  <node begin="0" cat="top" end="13" id="0" rel="top">
    <node begin="0" cat="smain" end="13" id="1" rel="--">
      <node begin="0" end="1" frame="noun(de,count,sg)" gen="de" getal="ev" his="normal" his_1="decap" his_1_1="normal" id="2" lcat="np" lemma="iemand" naamval="stan" num="sg" pdtype="pron" persoon="3p" pos="noun" postag="VNW(onbep,pron,stan,vol,3p,ev)" pt="vnw" rel="su" rnum="sg" root="iemand" sense="iemand" status="vol" vwtype="onbep" word="Iemand"/>
      <node begin="1" end="2" frame="verb(unacc,sg_heeft,copula)" his="normal" his_1="normal" id="3" infl="sg_heeft" lcat="smain" lemma="zijn" pos="verb" postag="WW(pv,tgw,ev)" pt="ww" pvagr="ev" pvtijd="tgw" rel="hd" root="ben" sc="copula" sense="ben" stype="declarative" tense="present" word="is" wvorm="pv"/>
      <node begin="2" cat="np" end="13" id="4" rel="predc">
        <node begin="2" end="3" frame="determiner(de)" his="normal" his_1="normal" id="5" infl="de" lcat="detp" lemma="de" lwtype="bep" naamval="stan" npagr="rest" pos="det" postag="LID(bep,stan,rest)" pt="lid" rel="det" root="de" sense="de" word="de"/>
        <node begin="3" end="4" frame="noun(het,count,pl)" gen="het" getal="mv" graad="basis" his="normal" his_1="normal" id="6" lcat="np" lemma="ingrediënt" ntype="soort" num="pl" pos="noun" postag="N(soort,mv,basis)" pt="n" rel="hd" rnum="pl" root="ingrediënt" sense="ingrediënt" word="ingrediënten"/>
        <node begin="4" cat="pp" end="13" id="7" rel="mod">
          <node begin="4" end="5" frame="preposition(aan,[vooraf])" his="normal" his_1="normal" id="8" lcat="pp" lemma="aan" pos="prep" postag="VZ(init)" pt="vz" rel="hd" root="aan" sense="aan" vztype="init" word="aan"/>
          <node begin="5" cat="np" end="13" id="9" rel="obj1">
            <node begin="5" end="6" frame="determiner(het,nwh,nmod,pro,nparg,wkpro)" his="normal" his_1="normal" id="10" infl="het" lcat="detp" lemma="het" lwtype="bep" naamval="stan" npagr="evon" pos="det" postag="LID(bep,stan,evon)" pt="lid" rel="det" root="het" sense="het" wh="nwh" word="het"/>
            <node begin="6" buiging="zonder" end="7" frame="v_noun(intransitive)" getal-n="zonder-n" his="normal" his_1="normal" id="11" lcat="np" lemma="bowlen" pos="verb" positie="nom" postag="WW(inf,nom,zonder,zonder-n)" pt="ww" rel="hd" rnum="sg" root="bowl" sc="intransitive" sense="bowl" special="v_noun" word="bowlen" wvorm="inf"/>
            <node begin="7" cat="pp" end="13" id="12" rel="mod">
              <node begin="7" end="8" frame="preposition(naar,[toe])" his="normal" his_1="normal" id="13" lcat="pp" lemma="naar" pos="prep" postag="VZ(init)" pt="vz" rel="hd" root="naar" sense="naar" vztype="init" word="naar"/>
              <node begin="8" cat="np" end="13" id="14" rel="obj1">
                <node begin="8" end="9" frame="determiner(de)" his="normal" his_1="normal" id="15" infl="de" lcat="detp" lemma="de" lwtype="bep" naamval="stan" npagr="rest" pos="det" postag="LID(bep,stan,rest)" pt="lid" rel="det" root="de" sense="de" word="de"/>
                <node begin="9" end="10" frame="noun(de,count,bare_meas)" gen="de" genus="zijd" getal="ev" graad="basis" his="normal" his_1="normal" id="16" lcat="np" lemma="man" naamval="stan" ntype="soort" num="bare_meas" pos="noun" postag="N(soort,ev,basis,zijd,stan)" pt="n" rel="hd" rnum="sg" root="man" sense="man" word="man"/>
                <node begin="10" cat="pp" end="13" id="17" rel="mod">
                  <node begin="10" end="11" frame="preposition(bij,[vandaan])" his="normal" his_1="normal" id="18" lcat="pp" lemma="bij" pos="prep" postag="VZ(init)" pt="vz" rel="hd" root="bij" sense="bij" vztype="init" word="bij"/>
                  <node begin="11" cat="np" end="13" id="19" rel="obj1">
                    <node begin="11" end="12" frame="determiner(de)" his="normal" his_1="normal" id="20" infl="de" lcat="detp" lemma="de" lwtype="bep" naamval="stan" npagr="rest" pos="det" postag="LID(bep,stan,rest)" pt="lid" rel="det" root="de" sense="de" word="de"/>
                    <node begin="12" end="13" frame="noun(both,both,both)" gen="both" genus="zijd" getal="ev" graad="basis" his="noun" id="21" lcat="np" lemma="mixer" naamval="stan" ntype="soort" num="both" pos="noun" postag="N(soort,ev,basis,zijd,stan)" pt="n" rel="hd" rnum="sg" root="mixer" sense="mixer" word="mixer"/>
                  </node>
                </node>
              </node>
            </node>
          </node>
        </node>
      </node>
    </node>
  </node>
  <sentence sentid="1029">Iemand is de ingrediënten aan het bowlen naar de man bij de mixer</sentence>
  <comments>
    <comment>Q#1029|Iemand is de ingrediënten aan het bowlen naar de man bij de mixer|1|1|-3.7189095332999997</comment>
  </comments>
</alpino_ds>
