<?xml version="1.0" encoding="UTF-8"?>
<alpino_ds version="1.6">
  <parser build="Alpino-x86_64-linux-glibc2.5-git233-sicstus" date="2021-02-02T16:08" cats="1" skips="0" />
  <node begin="0" cat="top" end="11" id="0" rel="top">
    <node begin="0" cat="smain" end="11" id="1" rel="--">
      <node begin="0" cat="np" end="2" id="2" index="1" rel="su">
        <node begin="0" end="1" frame="determiner(een)" his="normal" his_1="decap" his_1_1="normal" id="3" infl="een" lcat="detp" lemma="een" lwtype="onbep" naamval="stan" npagr="agr" pos="det" postag="LID(onbep,stan,agr)" pt="lid" rel="det" root="een" sense="een" word="Een"/>
        <node begin="1" end="2" frame="noun(de,count,sg)" gen="de" genus="zijd" getal="ev" graad="basis" his="normal" his_1="normal" id="4" lcat="np" lemma="vrouw" naamval="stan" ntype="soort" num="sg" pos="noun" postag="N(soort,ev,basis,zijd,stan)" pt="n" rel="hd" rnum="sg" root="vrouw" sense="vrouw" word="vrouw"/>
      </node>
      <node begin="2" end="3" frame="verb(unacc,sg_heeft,aan_het)" his="normal" his_1="normal" id="5" infl="sg_heeft" lcat="smain" lemma="zijn" pos="verb" postag="WW(pv,tgw,ev)" pt="ww" pvagr="ev" pvtijd="tgw" rel="hd" root="ben" sc="aan_het" sense="ben-aan_het" stype="declarative" tense="present" word="is" wvorm="pv"/>
      <node begin="0" cat="ahi" end="11" id="6" rel="vc">
        <node begin="8" cat="mwu" end="10" his="normal" his_1="normal" id="7" mwu_root="aan het" mwu_sense="aan het" rel="cmp">
          <node begin="8" end="9" frame="complementizer(aan_het)" id="8" lcat="ahi" lemma="aan" pos="comp" postag="VZ(init)" pt="vz" rel="mwp" root="aan" sc="aan_het" sense="aan" vztype="init" word="aan"/>
          <node begin="9" end="10" frame="complementizer(aan_het)" id="9" lcat="ahi" lemma="het" lwtype="bep" naamval="stan" npagr="evon" pos="comp" postag="LID(bep,stan,evon)" pt="lid" rel="mwp" root="het" sc="aan_het" sense="het" word="het"/>
        </node>
        <node begin="0" cat="inf" end="11" id="10" rel="body">
          <node begin="0" end="2" id="11" index="1" rel="su"/>
          <node begin="3" cat="np" end="5" id="12" rel="obj1">
            <node begin="3" end="4" frame="number(hoofd(pl_num))" his="normal" his_1="number_expression" id="13" infl="pl_num" lcat="detp" lemma="twee" naamval="stan" numtype="hoofd" pos="num" positie="prenom" postag="TW(hoofd,prenom,stan)" pt="tw" rel="det" root="twee" sense="twee" special="hoofd" word="twee"/>
            <node begin="4" end="5" frame="noun(het,count,pl)" gen="het" getal="mv" graad="basis" his="normal" his_1="normal" id="14" lcat="np" lemma="ei" ntype="soort" num="pl" pos="noun" postag="N(soort,mv,basis)" pt="n" rel="hd" rnum="pl" root="ei" sense="ei" word="eieren"/>
          </node>
          <node begin="5" cat="pp" end="8" id="15" rel="mod">
            <node begin="5" end="6" frame="preposition(naar,[toe])" his="normal" his_1="normal" id="16" lcat="pp" lemma="naar" pos="prep" postag="VZ(init)" pt="vz" rel="hd" root="naar" sense="naar" vztype="init" word="naar"/>
            <node begin="6" cat="np" end="8" id="17" rel="obj1">
              <node begin="6" end="7" frame="determiner(een)" his="normal" his_1="normal" id="18" infl="een" lcat="detp" lemma="een" lwtype="onbep" naamval="stan" npagr="agr" pos="det" postag="LID(onbep,stan,agr)" pt="lid" rel="det" root="een" sense="een" word="een"/>
              <node begin="7" end="8" frame="noun(de,count,sg)" gen="de" genus="zijd" getal="ev" graad="basis" his="compound" his_1="2" id="19" lcat="np" lemma="break_danser" naamval="stan" ntype="soort" num="sg" pos="noun" postag="N(soort,ev,basis,zijd,stan)" pt="n" rel="hd" rnum="sg" root="break_danser" sense="break_danser" word="breakdanser"/>
            </node>
          </node>
          <node begin="10" buiging="zonder" end="11" frame="verb(hebben,inf,transitive)" his="normal" his_1="normal" id="20" infl="inf" lcat="inf" lemma="bowlen" pos="verb" positie="vrij" postag="WW(inf,vrij,zonder)" pt="ww" rel="hd" root="bowl" sc="transitive" sense="bowl" word="bowlen" wvorm="inf"/>
        </node>
      </node>
    </node>
  </node>
  <sentence sentid="1033">Een vrouw is twee eieren naar een breakdanser aan het bowlen</sentence>
  <comments>
    <comment>Q#1033|Een vrouw is twee eieren naar een breakdanser aan het bowlen|1|1|-5.7543301689</comment>
  </comments>
</alpino_ds>
