<?xml version="1.0" encoding="UTF-8"?>
<alpino_ds version="1.6">
  <parser build="Alpino-x86_64-linux-glibc2.5-git233-sicstus" date="2021-02-02T16:08" cats="1" skips="0" />
  <node begin="0" cat="top" end="7" id="0" rel="top">
    <node begin="0" cat="smain" end="7" id="1" rel="--">
      <node begin="0" cat="np" end="2" id="2" rel="su">
        <node begin="0" end="1" frame="determiner(het,nwh,nmod,pro,nparg,wkpro)" his="normal" his_1="decap" his_1_1="normal" id="3" infl="het" lcat="detp" lemma="het" lwtype="bep" naamval="stan" npagr="evon" pos="det" postag="LID(bep,stan,evon)" pt="lid" rel="det" root="het" sense="het" wh="nwh" word="Het"/>
        <node begin="1" end="2" frame="noun(het,count,sg)" gen="het" genus="onz" getal="ev" graad="dim" his="normal" his_1="normal" id="4" lcat="np" lemma="meisje" naamval="stan" ntype="soort" num="sg" pos="noun" postag="N(soort,ev,dim,onz,stan)" pt="n" rel="hd" rnum="sg" root="meisje" sense="meisje" word="meisje"/>
      </node>
      <node begin="2" end="3" frame="verb('hebben/zijn',sg3,ld_pp)" his="normal" his_1="normal" id="5" infl="sg3" lcat="smain" lemma="springen" pos="verb" postag="WW(pv,tgw,met-t)" pt="ww" pvagr="met-t" pvtijd="tgw" rel="hd" root="spring" sc="ld_pp" sense="spring" stype="declarative" tense="present" word="springt" wvorm="pv"/>
      <node aform="base" begin="3" buiging="zonder" end="4" frame="adjective(no_e(adv))" graad="basis" his="normal" his_1="normal" id="6" infl="no_e" lcat="ap" lemma="roekeloos" pos="adj" positie="vrij" postag="ADJ(vrij,basis,zonder)" pt="adj" rel="mod" root="roekeloos" sense="roekeloos" vform="adj" word="roekeloos"/>
      <node begin="4" cat="pp" end="7" id="7" rel="ld">
        <node begin="4" end="5" frame="preposition(op,[af,na])" his="normal" his_1="normal" id="8" lcat="pp" lemma="op" pos="prep" postag="VZ(init)" pt="vz" rel="hd" root="op" sense="op" vztype="init" word="op"/>
        <node begin="5" cat="np" end="7" id="9" rel="obj1">
          <node begin="5" end="6" frame="determiner(een)" his="normal" his_1="normal" id="10" infl="een" lcat="detp" lemma="een" lwtype="onbep" naamval="stan" npagr="agr" pos="det" postag="LID(onbep,stan,agr)" pt="lid" rel="det" root="een" sense="een" word="een"/>
          <node begin="6" end="7" frame="noun(het,count,sg)" gen="het" genus="onz" getal="ev" graad="basis" his="normal" his_1="normal" id="11" lcat="np" lemma="voertuig" naamval="stan" ntype="soort" num="sg" pos="noun" postag="N(soort,ev,basis,onz,stan)" pt="n" rel="hd" rnum="sg" root="voertuig" sense="voertuig" word="voertuig"/>
        </node>
      </node>
    </node>
  </node>
  <sentence sentid="1035">Het meisje springt roekeloos op een voertuig</sentence>
  <comments>
    <comment>Q#1035|Het meisje springt roekeloos op een voertuig|1|1|-2.4252150228000007</comment>
  </comments>
</alpino_ds>
