<?xml version="1.0" encoding="UTF-8"?>
<alpino_ds version="1.6">
  <parser build="Alpino-x86_64-linux-glibc2.5-git233-sicstus" date="2021-02-02T15:58" cats="1" skips="0" />
  <node begin="0" cat="top" end="10" id="0" rel="top">
    <node begin="0" cat="smain" end="10" id="1" rel="--">
      <node begin="0" end="1" frame="noun(both,count,pl)" gen="both" getal="mv" graad="basis" his="normal" his_1="decap" his_1_1="normal" id="2" lcat="np" lemma="mens" ntype="soort" num="pl" pos="noun" postag="N(soort,mv,basis)" pt="n" rel="su" rnum="pl" root="mens" sense="mens" word="Mensen"/>
      <node begin="1" end="2" frame="verb('hebben/zijn',pl,intransitive)" his="normal" his_1="normal" id="3" infl="pl" lcat="smain" lemma="lopen" pos="verb" postag="WW(pv,tgw,mv)" pt="ww" pvagr="mv" pvtijd="tgw" rel="hd" root="loop" sc="intransitive" sense="loop" stype="declarative" tense="present" word="lopen" wvorm="pv"/>
      <node begin="2" cat="pp" end="10" id="4" rel="mod">
        <node begin="2" end="3" frame="preposition(in,[])" his="normal" his_1="normal" id="5" lcat="pp" lemma="in" pos="prep" postag="VZ(init)" pt="vz" rel="hd" root="in" sense="in" vztype="init" word="in"/>
        <node begin="3" cat="np" end="10" id="6" rel="obj1">
          <node begin="3" end="4" frame="determiner(een)" his="normal" his_1="normal" id="7" infl="een" lcat="detp" lemma="een" lwtype="onbep" naamval="stan" npagr="agr" pos="det" postag="LID(onbep,stan,agr)" pt="lid" rel="det" root="een" sense="een" word="een"/>
          <node begin="4" end="5" frame="noun(het,count,sg)" gen="het" genus="onz" getal="ev" graad="basis" his="normal" his_1="normal" id="8" lcat="np" lemma="gebouw" naamval="stan" ntype="soort" num="sg" pos="noun" postag="N(soort,ev,basis,onz,stan)" pt="n" rel="hd" rnum="sg" root="gebouw" sense="gebouw" word="gebouw"/>
          <node begin="5" cat="rel" end="10" id="9" rel="mod">
            <node begin="5" end="6" frame="er_wh_loc_adverb" getal="getal" his="normal" his_1="normal" id="10" index="1" lcat="advp" lemma="waar" naamval="obl" pdtype="adv-pron" persoon="3o" pos="adv" postag="VNW(vb,adv-pron,obl,vol,3o,getal)" pt="vnw" rel="rhd" root="waar" sense="waar" special="er_loc" status="vol" vwtype="vb" wh="ywh" word="waar"/>
            <node begin="5" cat="ssub" end="10" id="11" rel="body">
              <node begin="6" cat="np" end="8" id="12" rel="su">
                <node aform="base" begin="6" buiging="zonder" end="7" frame="adjective(no_e(odet_adv))" graad="basis" his="normal" his_1="normal" id="13" infl="no_e" lcat="ap" lemma="veel" naamval="stan" npagr="agr" pdtype="grad" pos="adj" positie="prenom" postag="VNW(onbep,grad,stan,prenom,zonder,agr,basis)" pt="vnw" rel="det" root="veel" sense="veel" vform="adj" vwtype="onbep" word="veel"/>
                <node begin="7" end="8" frame="noun(de,count,pl)" gen="de" getal="mv" graad="basis" his="normal" his_1="normal" id="14" lcat="np" lemma="muurschildering" ntype="soort" num="pl" pos="noun" postag="N(soort,mv,basis)" pt="n" rel="hd" rnum="pl" root="muurschildering" sense="muurschildering" word="muurschilderingen"/>
              </node>
              <node begin="5" cat="pp" end="9" id="15" rel="ld">
                <node begin="5" end="6" id="16" index="1" rel="obj1"/>
                <node begin="8" end="9" frame="preposition(op,[af,na])" his="normal" his_1="normal" id="17" lcat="pp" lemma="op" pos="prep" postag="VZ(fin)" pt="vz" rel="hd" root="op" sense="op" vztype="fin" word="op"/>
              </node>
              <node begin="9" end="10" frame="verb(hebben,pl,ld_pp)" his="normal" his_1="normal" id="18" infl="pl" lcat="ssub" lemma="staan" pos="verb" postag="WW(pv,tgw,mv)" pt="ww" pvagr="mv" pvtijd="tgw" rel="hd" root="sta" sc="ld_pp" sense="sta" tense="present" word="staan" wvorm="pv"/>
            </node>
          </node>
        </node>
      </node>
    </node>
  </node>
  <sentence sentid="104">Mensen lopen in een gebouw waar veel muurschilderingen op staan</sentence>
  <comments>
    <comment>Q#104|Mensen lopen in een gebouw waar veel muurschilderingen op staan|1|1|-5.660837039699999</comment>
  </comments>
</alpino_ds>
