<?xml version="1.0" encoding="UTF-8"?>
<alpino_ds version="1.6">
  <parser build="Alpino-x86_64-linux-glibc2.5-git233-sicstus" date="2021-02-02T16:08" cats="1" skips="0" />
  <node begin="0" cat="top" end="7" id="0" rel="top">
    <node begin="0" cat="smain" end="7" id="1" rel="--">
      <node begin="0" cat="np" end="2" id="2" rel="su">
        <node begin="0" end="1" frame="determiner(een)" his="normal" his_1="decap" his_1_1="normal" id="3" infl="een" lcat="detp" lemma="een" lwtype="onbep" naamval="stan" npagr="agr" pos="det" postag="LID(onbep,stan,agr)" pt="lid" rel="det" root="een" sense="een" word="Een"/>
        <node begin="1" end="2" frame="noun(het,count,sg)" gen="het" genus="onz" getal="ev" graad="dim" his="normal" his_1="normal" id="4" lcat="np" lemma="meisje" naamval="stan" ntype="soort" num="sg" pos="noun" postag="N(soort,ev,dim,onz,stan)" pt="n" rel="hd" rnum="sg" root="meisje" sense="meisje" word="meisje"/>
      </node>
      <node begin="2" end="3" frame="verb(hebben,sg,ld_pp)" his="normal" his_1="normal" id="5" infl="sg" lcat="smain" lemma="zitten" pos="verb" postag="WW(pv,tgw,ev)" pt="ww" pvagr="ev" pvtijd="tgw" rel="hd" root="zit" sc="ld_pp" sense="zit" stype="declarative" tense="present" word="zit" wvorm="pv"/>
      <node begin="3" cat="pp" end="7" id="6" rel="ld">
        <node begin="3" end="4" frame="preposition(in,[])" his="normal" his_1="normal" id="7" lcat="pp" lemma="in" pos="prep" postag="VZ(init)" pt="vz" rel="hd" root="in" sense="in" vztype="init" word="in"/>
        <node begin="4" cat="np" end="7" id="8" rel="obj1">
          <node begin="4" end="5" frame="determiner(een)" his="normal" his_1="normal" id="9" infl="een" lcat="detp" lemma="een" lwtype="onbep" naamval="stan" npagr="agr" pos="det" postag="LID(onbep,stan,agr)" pt="lid" rel="det" root="een" sense="een" word="een"/>
          <node aform="base" begin="5" buiging="met-e" end="6" frame="adjective(ende(padv))" his="normal" his_1="V-de" his_1_1="normal" id="10" infl="e" lcat="ppres" lemma="springen" pos="adj" positie="prenom" postag="WW(od,prenom,met-e)" pt="ww" rel="mod" root="spring" sense="spring" vform="gerund" word="springende" wvorm="od"/>
          <node begin="6" end="7" frame="noun(de,count,sg)" gen="de" genus="zijd" getal="ev" graad="basis" his="normal" his_1="normal" id="11" lcat="np" lemma="auto" naamval="stan" ntype="soort" num="sg" pos="noun" postag="N(soort,ev,basis,zijd,stan)" pt="n" rel="hd" rnum="sg" root="auto" sense="auto" word="auto"/>
        </node>
      </node>
    </node>
  </node>
  <sentence sentid="1041">Een meisje zit in een springende auto</sentence>
  <comments>
    <comment>Q#1041|Een meisje zit in een springende auto|1|1|-4.6061916408000005</comment>
  </comments>
</alpino_ds>
