<?xml version="1.0" encoding="UTF-8"?>
<alpino_ds version="1.6">
  <parser build="Alpino-x86_64-linux-glibc2.5-git233-sicstus" date="2021-02-02T16:08" cats="1" skips="0" />
  <node begin="0" cat="top" end="7" id="0" rel="top">
    <node begin="0" cat="smain" end="7" id="1" rel="--">
      <node begin="0" cat="np" end="2" id="2" rel="su">
        <node begin="0" end="1" frame="determiner(een)" his="normal" his_1="decap" his_1_1="normal" id="3" infl="een" lcat="detp" lemma="een" lwtype="onbep" naamval="stan" npagr="agr" pos="det" postag="LID(onbep,stan,agr)" pt="lid" rel="det" root="een" sense="een" word="Een"/>
        <node begin="1" end="2" frame="noun(de,count,sg)" gen="de" genus="zijd" getal="ev" graad="basis" his="normal" his_1="normal" id="4" lcat="np" lemma="boot" naamval="stan" ntype="soort" num="sg" pos="noun" postag="N(soort,ev,basis,zijd,stan)" pt="n" rel="hd" rnum="sg" root="boot" sense="boot" word="boot"/>
      </node>
      <node begin="2" end="3" frame="verb('hebben/zijn',sg3,ld_pp)" his="normal" his_1="normal" id="5" infl="sg3" lcat="smain" lemma="varen" pos="verb" postag="WW(pv,tgw,met-t)" pt="ww" pvagr="met-t" pvtijd="tgw" rel="hd" root="vaar" sc="ld_pp" sense="vaar" stype="declarative" tense="present" word="vaart" wvorm="pv"/>
      <node aform="base" begin="3" buiging="zonder" end="4" frame="adjective(pred(adv))" graad="dim" his="normal" his_1="normal" id="6" infl="pred" lcat="ap" lemma="stilletjes" pos="adj" positie="vrij" postag="ADJ(vrij,dim,zonder)" pt="adj" rel="mod" root="stilletjes" sense="stilletjes" vform="adj" word="stilletjes"/>
      <node begin="4" cat="pp" end="7" id="7" rel="ld">
        <node begin="4" end="5" frame="preposition(over,[heen])" his="normal" his_1="normal" id="8" lcat="pp" lemma="over" pos="prep" postag="VZ(init)" pt="vz" rel="hd" root="over" sense="over" vztype="init" word="over"/>
        <node begin="5" cat="np" end="7" id="9" rel="obj1">
          <node begin="5" end="6" frame="determiner(het,nwh,nmod,pro,nparg,wkpro)" his="normal" his_1="normal" id="10" infl="het" lcat="detp" lemma="het" lwtype="bep" naamval="stan" npagr="evon" pos="det" postag="LID(bep,stan,evon)" pt="lid" rel="det" root="het" sense="het" wh="nwh" word="het"/>
          <node begin="6" end="7" frame="noun(het,both,sg)" gen="het" genus="onz" getal="ev" graad="basis" his="normal" his_1="normal" id="11" lcat="np" lemma="water" naamval="stan" ntype="soort" num="sg" pos="noun" postag="N(soort,ev,basis,onz,stan)" pt="n" rel="hd" rnum="sg" root="water" sense="water" word="water"/>
        </node>
      </node>
    </node>
  </node>
  <sentence sentid="1048">Een boot vaart stilletjes over het water</sentence>
  <comments>
    <comment>Q#1048|Een boot vaart stilletjes over het water|1|1|-5.344483888900003</comment>
  </comments>
</alpino_ds>
