<?xml version="1.0" encoding="UTF-8"?>
<alpino_ds version="1.6">
  <parser build="Alpino-x86_64-linux-glibc2.5-git233-sicstus" date="2021-02-02T15:58" cats="1" skips="0" />
  <node begin="0" cat="top" end="11" id="0" rel="top">
    <node begin="0" cat="smain" end="11" id="1" rel="--">
      <node begin="0" cat="np" end="2" id="2" rel="su">
        <node aform="base" begin="0" buiging="met-e" end="1" frame="adjective(ende(padv))" graad="basis" his="normal" his_1="decap" his_1_1="V-de" his_1_1_1="normal" id="3" infl="e" lcat="ppres" lemma="verschillen" naamval="stan" pos="adj" positie="prenom" postag="ADJ(prenom,basis,met-e,stan)" pt="adj" rel="mod" root="verschil" sense="verschil" vform="gerund" word="Verschillende"/>
        <node begin="1" end="2" frame="noun(both,count,pl)" gen="both" getal="mv" graad="basis" his="normal" his_1="normal" id="4" lcat="np" lemma="mens" ntype="soort" num="pl" pos="noun" postag="N(soort,mv,basis)" pt="n" rel="hd" rnum="pl" root="mens" sense="mens" word="mensen"/>
      </node>
      <node begin="2" end="3" frame="verb(hebben,pl,pc_pp(voor))" his="normal" his_1="normal" id="5" infl="pl" lcat="smain" lemma="staan" pos="verb" postag="WW(pv,tgw,mv)" pt="ww" pvagr="mv" pvtijd="tgw" rel="hd" root="sta" sc="pc_pp(voor)" sense="sta-voor" stype="declarative" tense="present" word="staan" wvorm="pv"/>
      <node begin="3" cat="pp" end="11" id="6" rel="pc">
        <node begin="3" end="4" frame="preposition(voor,[aan,door,uit,[in,de,plaats]])" his="normal" his_1="normal" id="7" lcat="pp" lemma="voor" pos="prep" postag="VZ(init)" pt="vz" rel="hd" root="voor" sense="voor" vztype="init" word="voor"/>
        <node begin="4" cat="np" end="11" id="8" rel="obj1">
          <node begin="4" end="5" frame="determiner(een)" his="normal" his_1="normal" id="9" infl="een" lcat="detp" lemma="een" lwtype="onbep" naamval="stan" npagr="agr" pos="det" postag="LID(onbep,stan,agr)" pt="lid" rel="det" root="een" sense="een" word="een"/>
          <node begin="5" end="6" frame="noun(het,count,sg)" gen="het" genus="onz" getal="ev" graad="basis" his="normal" his_1="normal" id="10" lcat="np" lemma="gebouw" naamval="stan" ntype="soort" num="sg" pos="noun" postag="N(soort,ev,basis,onz,stan)" pt="n" rel="hd" rnum="sg" root="gebouw" sense="gebouw" word="gebouw"/>
          <node begin="6" cat="rel" end="11" id="11" rel="mod">
            <node begin="6" case="no_obl" end="7" frame="rel_pronoun(het,no_obl)" gen="het" getal="ev" his="normal" his_1="normal" id="12" index="1" lcat="np" lemma="dat" naamval="stan" pdtype="pron" persoon="3" pos="pron" postag="VNW(betr,pron,stan,vol,3,ev)" pt="vnw" rel="rhd" rnum="sg" root="dat" sense="dat" status="vol" vwtype="betr" wh="rel" word="dat"/>
            <node begin="6" cat="ssub" end="11" id="13" rel="body">
              <node begin="6" end="7" id="14" index="1" rel="su"/>
              <node begin="8" end="9" frame="verb(unacc,sg_heeft,copula)" his="normal" his_1="normal" id="15" infl="sg_heeft" lcat="ssub" lemma="zijn" pos="verb" postag="WW(pv,tgw,ev)" pt="ww" pvagr="ev" pvtijd="tgw" rel="hd" root="ben" sc="copula" sense="ben" tense="present" word="is" wvorm="pv"/>
              <node begin="7" cat="ppart" end="11" id="16" rel="predc">
                <node aform="base" begin="7" buiging="zonder" end="8" frame="adjective(ge_no_e(adv),pp(met))" his="normal" his_1="normal" id="17" infl="no_e" lcat="ppart" lemma="bedekt" pos="adj" positie="vrij" postag="WW(vd,vrij,zonder)" pt="ww" rel="hd" root="bedekt" sc="pp(met)" sense="bedekt-met" vform="psp" word="bedekt" wvorm="vd"/>
                <node begin="9" cat="pp" end="11" id="18" rel="pc">
                  <node begin="9" end="10" frame="preposition(met,[mee,[en,al]])" his="normal" his_1="normal" id="19" lcat="pp" lemma="met" pos="prep" postag="VZ(init)" pt="vz" rel="hd" root="met" sense="met" vztype="init" word="met"/>
                  <node begin="10" end="11" frame="noun(de,count,pl)" gen="de" getal="mv" graad="basis" his="normal" his_1="normal" id="20" lcat="np" lemma="kleur" ntype="soort" num="pl" pos="noun" postag="N(soort,mv,basis)" pt="n" rel="obj1" rnum="pl" root="kleur" sense="kleur" word="kleuren"/>
                </node>
              </node>
            </node>
          </node>
        </node>
      </node>
    </node>
  </node>
  <sentence sentid="105">Verschillende mensen staan voor een gebouw dat bedekt is met kleuren</sentence>
  <comments>
    <comment>Q#105|Verschillende mensen staan voor een gebouw dat bedekt is met kleuren|1|1|-7.5655474809</comment>
  </comments>
</alpino_ds>
