<?xml version="1.0" encoding="UTF-8"?>
<alpino_ds version="1.6">
  <parser build="Alpino-x86_64-linux-glibc2.5-git233-sicstus" date="2021-02-02T16:08" cats="1" skips="0" />
  <node begin="0" cat="top" end="5" id="0" rel="top">
    <node begin="0" cat="smain" end="5" id="1" rel="--">
      <node begin="0" cat="np" end="2" id="2" rel="su">
        <node begin="0" end="1" frame="determiner(een)" his="normal" his_1="decap" his_1_1="normal" id="3" infl="een" lcat="detp" lemma="een" lwtype="onbep" naamval="stan" npagr="agr" pos="det" postag="LID(onbep,stan,agr)" pt="lid" rel="det" root="een" sense="een" word="Een"/>
        <node begin="1" end="2" frame="noun(de,count,sg)" gen="de" genus="zijd" getal="ev" graad="basis" his="normal" his_1="normal" id="4" lcat="np" lemma="boot" naamval="stan" ntype="soort" num="sg" pos="noun" postag="N(soort,ev,basis,zijd,stan)" pt="n" rel="hd" rnum="sg" root="boot" sense="boot" word="boot"/>
      </node>
      <node begin="2" end="3" frame="verb(hebben,sg3,fixed([[voor,anker]],no_passive))" his="normal" his_1="normal" id="5" infl="sg3" lcat="smain" lemma="liggen" pos="verb" postag="WW(pv,tgw,met-t)" pt="ww" pvagr="met-t" pvtijd="tgw" rel="hd" root="lig" sc="fixed([[voor,anker]],no_passive)" sense="voor-anker-lig" stype="declarative" tense="present" word="ligt" wvorm="pv"/>
      <node begin="3" cat="mwu" end="5" his="normal" his_1="normal" id="6" mwu_root="voor anker" mwu_sense="voor anker" rel="svp">
        <node begin="3" end="4" frame="fixed_part([voor,anker])" id="7" lcat="fixed" lemma="voor" pos="fixed" postag="VZ(init)" pt="vz" rel="mwp" root="voor" sense="voor" vztype="init" word="voor"/>
        <node begin="4" end="5" frame="fixed_part([voor,anker])" genus="onz" getal="ev" graad="basis" id="8" lcat="fixed" lemma="anker" naamval="stan" ntype="soort" pos="fixed" postag="N(soort,ev,basis,onz,stan)" pt="n" rel="mwp" root="anker" sense="anker" word="anker"/>
      </node>
    </node>
  </node>
  <sentence sentid="1050">Een boot ligt voor anker</sentence>
  <comments>
    <comment>Q#1050|Een boot ligt voor anker|1|1|-4.853792670600002</comment>
  </comments>
</alpino_ds>
