<?xml version="1.0" encoding="UTF-8"?>
<alpino_ds version="1.6">
  <parser build="Alpino-x86_64-linux-glibc2.5-git233-sicstus" date="2021-02-02T16:08" cats="1" skips="0" />
  <node begin="0" cat="top" end="6" id="0" rel="top">
    <node begin="0" cat="smain" end="6" id="1" rel="--">
      <node begin="0" cat="np" end="2" id="2" index="1" rel="su">
        <node begin="0" end="1" frame="determiner(de)" his="normal" his_1="decap" his_1_1="normal" id="3" infl="de" lcat="detp" lemma="de" lwtype="bep" naamval="stan" npagr="rest" pos="det" postag="LID(bep,stan,rest)" pt="lid" rel="det" root="de" sense="de" word="De"/>
        <node begin="1" end="2" frame="noun(de,count,sg)" gen="de" genus="zijd" getal="ev" graad="basis" his="normal" his_1="normal" id="4" lcat="np" lemma="gitaar" naamval="stan" ntype="soort" num="sg" pos="noun" postag="N(soort,ev,basis,zijd,stan)" pt="n" rel="hd" rnum="sg" root="gitaar" sense="gitaar" word="gitaar"/>
      </node>
      <node begin="2" end="3" frame="verb(unacc,sg3,passive)" his="normal" his_1="normal" id="5" infl="sg3" lcat="smain" lemma="worden" pos="verb" postag="WW(pv,tgw,met-t)" pt="ww" pvagr="met-t" pvtijd="tgw" rel="hd" root="word" sc="passive" sense="word" stype="declarative" tense="present" word="wordt" wvorm="pv"/>
      <node begin="0" cat="ppart" end="6" id="6" rel="vc">
        <node begin="0" end="2" id="7" index="1" rel="obj1"/>
        <node begin="3" cat="pp" end="5" id="8" rel="mod">
          <node begin="3" end="4" frame="preposition(door,[heen])" his="normal" his_1="normal" id="9" lcat="pp" lemma="door" pos="prep" postag="VZ(init)" pt="vz" rel="hd" root="door" sense="door" vztype="init" word="door"/>
          <node begin="4" case="both" def="indef" end="5" frame="pronoun(nwh,thi,sg,de,both,indef,strpro)" gen="de" getal="ev" his="normal" his_1="normal" id="10" lcat="np" lemma="niemand" naamval="stan" num="sg" pdtype="pron" per="thi" persoon="3p" pos="pron" postag="VNW(onbep,pron,stan,vol,3p,ev)" pt="vnw" rel="obj1" rnum="sg" root="niemand" sense="niemand" special="strpro" status="vol" vwtype="onbep" wh="nwh" word="niemand"/>
        </node>
        <node begin="5" buiging="zonder" end="6" frame="verb(hebben,psp,transitive)" his="normal" his_1="normal" id="11" infl="psp" lcat="ppart" lemma="bespelen" pos="verb" positie="vrij" postag="WW(vd,vrij,zonder)" pt="ww" rel="hd" root="bespeel" sc="transitive" sense="bespeel" word="bespeeld" wvorm="vd"/>
      </node>
    </node>
  </node>
  <sentence sentid="1054">De gitaar wordt door niemand bespeeld</sentence>
  <comments>
    <comment>Q#1054|De gitaar wordt door niemand bespeeld|1|1|-6.619236881600001</comment>
  </comments>
</alpino_ds>
