<?xml version="1.0" encoding="UTF-8"?>
<alpino_ds version="1.6">
  <parser build="Alpino-x86_64-linux-glibc2.5-git233-sicstus" date="2021-02-02T15:58" cats="1" skips="0" />
  <node begin="0" cat="top" end="7" id="0" rel="top">
    <node begin="0" cat="smain" end="7" id="1" rel="--">
      <node begin="0" cat="np" end="2" id="2" rel="su">
        <node aform="base" begin="0" buiging="met-e" end="1" frame="adjective(ende(padv))" graad="basis" his="normal" his_1="decap" his_1_1="V-de" his_1_1_1="normal" id="3" infl="e" lcat="ppres" lemma="verschillen" naamval="stan" pos="adj" positie="prenom" postag="ADJ(prenom,basis,met-e,stan)" pt="adj" rel="mod" root="verschil" sense="verschil" vform="gerund" word="Verschillende"/>
        <node begin="1" end="2" frame="noun(both,count,pl)" gen="both" getal="mv" graad="basis" his="normal" his_1="normal" id="4" lcat="np" lemma="mens" ntype="soort" num="pl" pos="noun" postag="N(soort,mv,basis)" pt="n" rel="hd" rnum="pl" root="mens" sense="mens" word="mensen"/>
      </node>
      <node begin="2" end="3" frame="verb(hebben,pl,pc_pp(voor))" his="normal" his_1="normal" id="5" infl="pl" lcat="smain" lemma="staan" pos="verb" postag="WW(pv,tgw,mv)" pt="ww" pvagr="mv" pvtijd="tgw" rel="hd" root="sta" sc="pc_pp(voor)" sense="sta-voor" stype="declarative" tense="present" word="staan" wvorm="pv"/>
      <node begin="3" cat="pp" end="7" id="6" rel="pc">
        <node begin="3" end="4" frame="preposition(voor,[aan,door,uit,[in,de,plaats]])" his="normal" his_1="normal" id="7" lcat="pp" lemma="voor" pos="prep" postag="VZ(init)" pt="vz" rel="hd" root="voor" sense="voor" vztype="init" word="voor"/>
        <node begin="4" cat="np" end="7" id="8" rel="obj1">
          <node begin="4" end="5" frame="determiner(een)" his="normal" his_1="normal" id="9" infl="een" lcat="detp" lemma="een" lwtype="onbep" naamval="stan" npagr="agr" pos="det" postag="LID(onbep,stan,agr)" pt="lid" rel="det" root="een" sense="een" word="een"/>
          <node aform="base" begin="5" buiging="zonder" end="6" frame="adjective(no_e(padv))" graad="basis" his="normal" his_1="normal" id="10" infl="no_e" lcat="ap" lemma="kleurrijk" pos="adj" positie="prenom" postag="ADJ(prenom,basis,zonder)" pt="adj" rel="mod" root="kleurrijk" sense="kleurrijk" vform="adj" word="kleurrijk"/>
          <node begin="6" end="7" frame="noun(het,count,sg)" gen="het" genus="onz" getal="ev" graad="basis" his="normal" his_1="normal" id="11" lcat="np" lemma="gebouw" naamval="stan" ntype="soort" num="sg" pos="noun" postag="N(soort,ev,basis,onz,stan)" pt="n" rel="hd" rnum="sg" root="gebouw" sense="gebouw" word="gebouw"/>
        </node>
      </node>
    </node>
  </node>
  <sentence sentid="106">Verschillende mensen staan voor een kleurrijk gebouw</sentence>
  <comments>
    <comment>Q#106|Verschillende mensen staan voor een kleurrijk gebouw|1|1|-4.140586484100001</comment>
  </comments>
</alpino_ds>
