<?xml version="1.0" encoding="UTF-8"?>
<alpino_ds version="1.6">
  <parser build="Alpino-x86_64-linux-glibc2.5-git233-sicstus" date="2021-02-02T16:08" cats="1" skips="0" />
  <node begin="0" cat="top" end="7" id="0" rel="top">
    <node begin="0" cat="smain" end="7" id="1" rel="--">
      <node begin="0" cat="np" end="2" id="2" rel="su">
        <node begin="0" end="1" frame="determiner(een)" his="normal" his_1="decap" his_1_1="normal" id="3" infl="een" lcat="detp" lemma="een" lwtype="onbep" naamval="stan" npagr="agr" pos="det" postag="LID(onbep,stan,agr)" pt="lid" rel="det" root="een" sense="een" word="Een"/>
        <node begin="1" end="2" frame="noun(de,count,bare_meas)" gen="de" genus="zijd" getal="ev" graad="basis" his="normal" his_1="normal" id="4" lcat="np" lemma="man" naamval="stan" ntype="soort" num="bare_meas" pos="noun" postag="N(soort,ev,basis,zijd,stan)" pt="n" rel="hd" rnum="sg" root="man" sense="man" word="man"/>
      </node>
      <node begin="2" end="3" frame="verb(hebben,sg3,part_transitive(vast))" his="normal" his_1="normal" id="5" infl="sg3" lcat="smain" lemma="vast_houden" pos="verb" postag="WW(pv,tgw,met-t)" pt="ww" pvagr="met-t" pvtijd="tgw" rel="hd" root="houd_vast" sc="part_transitive(vast)" sense="houd_vast" stype="declarative" tense="present" word="houdt" wvorm="pv"/>
      <node aform="base" begin="3" buiging="zonder" end="4" frame="adjective(no_e(adv))" graad="basis" his="normal" his_1="normal" id="6" infl="no_e" lcat="ap" lemma="achteloos" pos="adj" positie="vrij" postag="ADJ(vrij,basis,zonder)" pt="adj" rel="mod" root="achteloos" sense="achteloos" vform="adj" word="achteloos"/>
      <node begin="4" cat="np" end="6" id="7" rel="obj1">
        <node begin="4" end="5" frame="determiner(een)" his="normal" his_1="normal" id="8" infl="een" lcat="detp" lemma="een" lwtype="onbep" naamval="stan" npagr="agr" pos="det" postag="LID(onbep,stan,agr)" pt="lid" rel="det" root="een" sense="een" word="een"/>
        <node begin="5" end="6" frame="noun(de,count,sg)" gen="de" genus="zijd" getal="ev" graad="basis" his="normal" his_1="normal" id="9" lcat="np" lemma="kikker" naamval="stan" ntype="soort" num="sg" pos="noun" postag="N(soort,ev,basis,zijd,stan)" pt="n" rel="hd" rnum="sg" root="kikker" sense="kikker" word="kikker"/>
      </node>
      <node begin="6" buiging="zonder" end="7" frame="particle(vast)" graad="basis" his="normal" his_1="normal" id="10" lcat="part" lemma="vast" pos="part" positie="vrij" postag="ADJ(vrij,basis,zonder)" pt="adj" rel="svp" root="vast" sense="vast" word="vast"/>
    </node>
  </node>
  <sentence sentid="1076">Een man houdt achteloos een kikker vast</sentence>
  <comments>
    <comment>Q#1076|Een man houdt achteloos een kikker vast|1|1|-5.5857887597</comment>
  </comments>
</alpino_ds>
