<?xml version="1.0" encoding="UTF-8"?>
<alpino_ds version="1.6">
  <parser build="Alpino-x86_64-linux-glibc2.5-git233-sicstus" date="2021-02-02T16:08" cats="1" skips="0" />
  <node begin="0" cat="top" end="7" id="0" rel="top">
    <node begin="0" cat="smain" end="7" id="1" rel="--">
      <node begin="0" cat="np" end="2" id="2" rel="su">
        <node begin="0" end="1" frame="determiner(een)" his="normal" his_1="decap" his_1_1="normal" id="3" infl="een" lcat="detp" lemma="een" lwtype="onbep" naamval="stan" npagr="agr" pos="det" postag="LID(onbep,stan,agr)" pt="lid" rel="det" root="een" sense="een" word="Een"/>
        <node begin="1" end="2" frame="noun(de,count,bare_meas)" gen="de" genus="zijd" getal="ev" graad="basis" his="normal" his_1="normal" id="4" lcat="np" lemma="man" naamval="stan" ntype="soort" num="bare_meas" pos="noun" postag="N(soort,ev,basis,zijd,stan)" pt="n" rel="hd" rnum="sg" root="man" sense="man" word="man"/>
      </node>
      <node begin="2" end="3" frame="verb(hebben,sg,aci)" his="normal" his_1="normal" id="5" infl="sg" lcat="smain" lemma="laten" pos="verb" postag="WW(pv,tgw,ev)" pt="ww" pvagr="ev" pvtijd="tgw" rel="hd" root="laat" sc="aci" sense="laat" stype="declarative" tense="present" word="laat" wvorm="pv"/>
      <node begin="4" cat="np" end="6" id="6" index="1" rel="obj1">
        <node begin="4" end="5" frame="determiner(een)" his="normal" his_1="normal" id="7" infl="een" lcat="detp" lemma="een" lwtype="onbep" naamval="stan" npagr="agr" pos="det" postag="LID(onbep,stan,agr)" pt="lid" rel="det" root="een" sense="een" word="een"/>
        <node begin="5" end="6" frame="noun(de,count,sg)" gen="de" genus="zijd" getal="ev" graad="basis" his="normal" his_1="normal" id="8" lcat="np" lemma="kikker" naamval="stan" ntype="soort" num="sg" pos="noun" postag="N(soort,ev,basis,zijd,stan)" pt="n" rel="hd" rnum="sg" root="kikker" sense="kikker" word="kikker"/>
      </node>
      <node begin="3" cat="inf" end="7" id="9" rel="vc">
        <node aform="base" begin="3" buiging="zonder" end="4" frame="adjective(no_e(adv))" graad="basis" his="normal" his_1="normal" id="10" infl="no_e" lcat="ap" lemma="zorgeloos" pos="adj" positie="vrij" postag="ADJ(vrij,basis,zonder)" pt="adj" rel="mod" root="zorgeloos" sense="zorgeloos" vform="adj" word="zorgeloos"/>
        <node begin="4" end="6" id="11" index="1" rel="su"/>
        <node begin="6" buiging="zonder" end="7" frame="verb(unacc,inf,intransitive)" his="normal" his_1="normal" id="12" infl="inf" lcat="inf" lemma="vallen" pos="verb" positie="vrij" postag="WW(inf,vrij,zonder)" pt="ww" rel="hd" root="val" sc="intransitive" sense="val" word="vallen" wvorm="inf"/>
      </node>
    </node>
  </node>
  <sentence sentid="1077">Een man laat zorgeloos een kikker vallen</sentence>
  <comments>
    <comment>Q#1077|Een man laat zorgeloos een kikker vallen|1|1|-4.088622088800001</comment>
  </comments>
</alpino_ds>
