<?xml version="1.0" encoding="UTF-8"?>
<alpino_ds version="1.6">
  <parser build="Alpino-x86_64-linux-glibc2.5-git233-sicstus" date="2021-02-02T16:08" cats="1" skips="0" />
  <node begin="0" cat="top" end="5" id="0" rel="top">
    <node begin="0" cat="smain" end="5" id="1" rel="--">
      <node begin="0" cat="np" end="2" id="2" rel="su">
        <node begin="0" end="1" frame="determiner(een)" his="normal" his_1="decap" his_1_1="normal" id="3" infl="een" lcat="detp" lemma="een" lwtype="onbep" naamval="stan" npagr="agr" pos="det" postag="LID(onbep,stan,agr)" pt="lid" rel="det" root="een" sense="een" word="Een"/>
        <node begin="1" end="2" frame="noun(de,count,bare_meas)" gen="de" genus="zijd" getal="ev" graad="basis" his="normal" his_1="normal" id="4" lcat="np" lemma="man" naamval="stan" ntype="soort" num="bare_meas" pos="noun" postag="N(soort,ev,basis,zijd,stan)" pt="n" rel="hd" rnum="sg" root="man" sense="man" word="man"/>
      </node>
      <node begin="2" end="3" frame="verb(hebben,sg,transitive)" his="normal" his_1="normal" id="5" infl="sg" lcat="smain" lemma="eten" pos="verb" postag="WW(pv,tgw,ev)" pt="ww" pvagr="ev" pvtijd="tgw" rel="hd" root="eet" sc="transitive" sense="eet" stype="declarative" tense="present" word="eet" wvorm="pv"/>
      <node begin="3" cat="np" end="5" id="6" rel="obj1">
        <node begin="3" end="4" frame="noun(het,count,pl,measure)" gen="het" getal="mv" graad="dim" his="normal" his_1="normal" id="7" lcat="np" lemma="schijf" ntype="soort" num="pl" pos="noun" postag="N(soort,mv,dim)" pt="n" rel="hd" rnum="pl" root="schijf_DIM" sc="measure" sense="schijf_DIM" word="schijfjes"/>
        <node begin="4" end="5" frame="noun(de,count,sg)" gen="de" genus="zijd" getal="ev" graad="basis" his="normal" his_1="normal" id="8" lcat="np" lemma="ui" naamval="stan" ntype="soort" num="sg" pos="noun" postag="N(soort,ev,basis,zijd,stan)" pt="n" rel="mod" rnum="sg" root="ui" sense="ui" word="ui"/>
      </node>
    </node>
  </node>
  <sentence sentid="1081">Een man eet schijfjes ui</sentence>
  <comments>
    <comment>Q#1081|Een man eet schijfjes ui|1|1|-1.0605559901000006</comment>
  </comments>
</alpino_ds>
