<?xml version="1.0" encoding="UTF-8"?>
<alpino_ds version="1.6">
  <parser build="Alpino-x86_64-linux-glibc2.5-git233-sicstus" date="2021-02-02T16:08" cats="1" skips="0" />
  <node begin="0" cat="top" end="6" id="0" rel="top">
    <node begin="0" cat="smain" end="6" id="1" rel="--">
      <node begin="0" end="1" frame="noun(de,count,sg)" gen="de" getal="ev" his="normal" his_1="decap" his_1_1="normal" id="2" lcat="np" lemma="iemand" naamval="stan" num="sg" pdtype="pron" persoon="3p" pos="noun" postag="VNW(onbep,pron,stan,vol,3p,ev)" pt="vnw" rel="su" rnum="sg" root="iemand" sense="iemand" status="vol" vwtype="onbep" word="Iemand"/>
      <node begin="1" end="2" frame="verb(hebben,sg3,so_pp_np)" his="normal" his_1="normal" id="3" infl="sg3" lcat="smain" lemma="geven" pos="verb" postag="WW(pv,tgw,met-t)" pt="ww" pvagr="met-t" pvtijd="tgw" rel="hd" root="geef" sc="so_pp_np" sense="geef" stype="declarative" tense="present" word="geeft" wvorm="pv"/>
      <node begin="2" buiging="zonder" end="3" frame="v_noun(intransitive)" getal-n="zonder-n" his="normal" his_1="normal" id="4" lcat="np" lemma="eten" pos="verb" positie="nom" postag="WW(inf,nom,zonder,zonder-n)" pt="ww" rel="obj1" rnum="sg" root="eet" sc="intransitive" sense="eet" special="v_noun" word="eten" wvorm="inf"/>
      <node begin="3" cat="pp" end="6" id="5" rel="obj2">
        <node begin="3" end="4" frame="preposition(aan,[vooraf])" his="normal" his_1="normal" id="6" lcat="pp" lemma="aan" pos="prep" postag="VZ(init)" pt="vz" rel="hd" root="aan" sense="aan" vztype="init" word="aan"/>
        <node begin="4" cat="np" end="6" id="7" rel="obj1">
          <node begin="4" end="5" frame="determiner(een)" his="normal" his_1="normal" id="8" infl="een" lcat="detp" lemma="een" lwtype="onbep" naamval="stan" npagr="agr" pos="det" postag="LID(onbep,stan,agr)" pt="lid" rel="det" root="een" sense="een" word="een"/>
          <node begin="5" end="6" frame="noun(het,count,sg)" gen="het" genus="onz" getal="ev" graad="basis" his="normal" his_1="normal" id="9" lcat="np" lemma="dier" naamval="stan" ntype="soort" num="sg" pos="noun" postag="N(soort,ev,basis,onz,stan)" pt="n" rel="hd" rnum="sg" root="dier" sense="dier" word="dier"/>
        </node>
      </node>
    </node>
  </node>
  <sentence sentid="1093">Iemand geeft eten aan een dier</sentence>
  <comments>
    <comment>Q#1093|Iemand geeft eten aan een dier|1|1|-3.558492102899999</comment>
  </comments>
</alpino_ds>
