<?xml version="1.0" encoding="UTF-8"?>
<alpino_ds version="1.6">
  <parser build="Alpino-x86_64-linux-glibc2.5-git233-sicstus" date="2021-02-02T16:08" cats="1" skips="0" />
  <node begin="0" cat="top" end="5" id="0" rel="top">
    <node begin="0" cat="smain" end="5" id="1" rel="--">
      <node begin="0" end="1" frame="noun(de,count,sg)" gen="de" getal="ev" his="normal" his_1="decap" his_1_1="normal" id="2" lcat="np" lemma="iemand" naamval="stan" num="sg" pdtype="pron" persoon="3p" pos="noun" postag="VNW(onbep,pron,stan,vol,3p,ev)" pt="vnw" rel="su" rnum="sg" root="iemand" sense="iemand" status="vol" vwtype="onbep" word="Iemand"/>
      <node begin="1" end="2" frame="verb(hebben,sg3,intransitive)" his="normal" his_1="normal" id="3" infl="sg3" lcat="smain" lemma="spelen" pos="verb" postag="WW(pv,tgw,met-t)" pt="ww" pvagr="met-t" pvtijd="tgw" rel="hd" root="speel" sc="intransitive" sense="speel" stype="declarative" tense="present" word="speelt" wvorm="pv"/>
      <node begin="2" cat="pp" end="5" id="4" rel="mod">
        <node begin="2" end="3" frame="preposition(op,[af,na])" his="normal" his_1="normal" id="5" lcat="pp" lemma="op" pos="prep" postag="VZ(init)" pt="vz" rel="hd" root="op" sense="op" vztype="init" word="op"/>
        <node begin="3" cat="np" end="5" id="6" rel="obj1">
          <node begin="3" end="4" frame="determiner(de)" his="normal" his_1="normal" id="7" infl="de" lcat="detp" lemma="de" lwtype="bep" naamval="stan" npagr="rest" pos="det" postag="LID(bep,stan,rest)" pt="lid" rel="det" root="de" sense="de" word="de"/>
          <node begin="4" end="5" frame="noun(de,count,sg)" gen="de" genus="zijd" getal="ev" graad="basis" his="normal" his_1="normal" id="8" lcat="np" lemma="piano" naamval="stan" ntype="soort" num="sg" pos="noun" postag="N(soort,ev,basis,zijd,stan)" pt="n" rel="hd" rnum="sg" root="piano" sense="piano" word="piano"/>
        </node>
      </node>
    </node>
  </node>
  <sentence sentid="1095">Iemand speelt op de piano</sentence>
  <comments>
    <comment>Q#1095|Iemand speelt op de piano|1|1|-0.5800933174000005</comment>
  </comments>
</alpino_ds>
