<?xml version="1.0" encoding="UTF-8"?>
<alpino_ds version="1.6">
  <parser build="Alpino-x86_64-linux-glibc2.5-git233-sicstus" date="2021-02-02T15:57" cats="1" skips="0" />
  <node begin="0" cat="top" end="8" id="0" rel="top">
    <node begin="0" cat="smain" end="8" id="1" rel="--">
      <node begin="0" cat="np" end="2" id="2" rel="su">
        <node begin="0" end="1" frame="number(hoofd(pl_num))" his="normal" his_1="decap" his_1_1="number_expression" id="3" infl="pl_num" lcat="detp" lemma="twee" naamval="stan" numtype="hoofd" pos="num" positie="prenom" postag="TW(hoofd,prenom,stan)" pt="tw" rel="det" root="twee" sense="twee" special="hoofd" word="Twee"/>
        <node begin="1" end="2" frame="noun(de,count,pl)" gen="de" getal="mv" graad="basis" his="normal" his_1="normal" id="4" lcat="np" lemma="hond" ntype="soort" num="pl" pos="noun" postag="N(soort,mv,basis)" pt="n" rel="hd" rnum="pl" root="hond" sense="hond" word="honden"/>
      </node>
      <node begin="2" end="3" frame="verb(unacc,pl,pc_pp(aan))" his="normal" his_1="normal" id="5" infl="pl" lcat="smain" lemma="zijn" pos="verb" postag="WW(pv,tgw,mv)" pt="ww" pvagr="mv" pvtijd="tgw" rel="hd" root="ben" sc="pc_pp(aan)" sense="ben-aan" stype="declarative" tense="present" word="zijn" wvorm="pv"/>
      <node begin="3" cat="pp" end="8" id="6" rel="pc">
        <node begin="3" end="4" frame="preposition(aan,[vooraf])" his="normal" his_1="normal" id="7" lcat="pp" lemma="aan" pos="prep" postag="VZ(init)" pt="vz" rel="hd" root="aan" sense="aan" vztype="init" word="aan"/>
        <node begin="4" cat="conj" end="8" id="8" rel="obj1">
          <node begin="4" cat="np" end="6" id="9" rel="cnj">
            <node begin="4" end="5" frame="determiner(het,nwh,nmod,pro,nparg,wkpro)" his="normal" his_1="normal" id="10" index="1" infl="het" lcat="detp" lemma="het" lwtype="bep" naamval="stan" npagr="evon" pos="det" postag="LID(bep,stan,evon)" pt="lid" rel="det" root="het" sense="het" wh="nwh" word="het"/>
            <node begin="5" buiging="zonder" end="6" frame="v_noun(intransitive)" getal-n="zonder-n" his="normal" his_1="normal" id="11" lcat="np" lemma="worstelen" pos="verb" positie="nom" postag="WW(inf,nom,zonder,zonder-n)" pt="ww" rel="hd" rnum="sg" root="worstel" sc="intransitive" sense="worstel" special="v_noun" word="worstelen" wvorm="inf"/>
          </node>
          <node begin="6" conjtype="neven" end="7" frame="conj(en)" his="normal" his_1="normal" id="12" lcat="vg" lemma="en" pos="vg" postag="VG(neven)" pt="vg" rel="crd" root="en" sense="en" word="en"/>
          <node begin="4" cat="np" end="8" id="13" rel="cnj">
            <node begin="4" end="5" id="14" index="1" rel="det"/>
            <node begin="7" buiging="zonder" end="8" frame="v_noun(intransitive)" getal-n="zonder-n" his="normal" his_1="normal" id="15" lcat="np" lemma="knuffelen" pos="verb" positie="nom" postag="WW(inf,nom,zonder,zonder-n)" pt="ww" rel="hd" rnum="sg" root="knuffel" sc="intransitive" sense="knuffel" special="v_noun" word="knuffelen" wvorm="inf"/>
          </node>
        </node>
      </node>
    </node>
  </node>
  <sentence sentid="11">Twee honden zijn aan het worstelen en knuffelen</sentence>
  <comments>
    <comment>Q#11|Twee honden zijn aan het worstelen en knuffelen|1|1|-2.9468480324</comment>
  </comments>
</alpino_ds>
