<?xml version="1.0" encoding="UTF-8"?>
<alpino_ds version="1.6">
  <parser build="Alpino-x86_64-linux-glibc2.5-git233-sicstus" date="2021-02-02T16:08" cats="1" skips="0" />
  <node begin="0" cat="top" end="10" id="0" rel="top">
    <node begin="0" cat="smain" end="10" id="1" rel="--">
      <node begin="0" cat="np" end="2" id="2" rel="su">
        <node begin="0" end="1" frame="determiner(een)" his="normal" his_1="decap" his_1_1="normal" id="3" infl="een" lcat="detp" lemma="een" lwtype="onbep" naamval="stan" npagr="agr" pos="det" postag="LID(onbep,stan,agr)" pt="lid" rel="det" root="een" sense="een" word="Een"/>
        <node begin="1" end="2" frame="noun(het,count,sg)" gen="het" genus="onz" getal="ev" graad="dim" his="normal" his_1="normal" id="4" lcat="np" lemma="meisje" naamval="stan" ntype="soort" num="sg" pos="noun" postag="N(soort,ev,dim,onz,stan)" pt="n" rel="hd" rnum="sg" root="meisje" sense="meisje" word="meisje"/>
      </node>
      <node begin="2" end="3" frame="verb(hebben,sg3,transitive)" his="normal" his_1="normal" id="5" infl="sg3" lcat="smain" lemma="maken" pos="verb" postag="WW(pv,tgw,met-t)" pt="ww" pvagr="met-t" pvtijd="tgw" rel="hd" root="maak" sc="transitive" sense="maak" stype="declarative" tense="present" word="maakt" wvorm="pv"/>
      <node begin="3" cat="np" end="10" id="6" rel="obj1">
        <node begin="3" end="4" frame="determiner(een)" his="normal" his_1="normal" id="7" infl="een" lcat="detp" lemma="een" lwtype="onbep" naamval="stan" npagr="agr" pos="det" postag="LID(onbep,stan,agr)" pt="lid" rel="det" root="een" sense="een" word="een"/>
        <node begin="4" end="5" frame="noun(de,count,sg)" gen="de" genus="zijd" getal="ev" graad="basis" his="normal" his_1="normal" id="8" lcat="np" lemma="fluit" naamval="stan" ntype="soort" num="sg" pos="noun" postag="N(soort,ev,basis,zijd,stan)" pt="n" rel="hd" rnum="sg" root="fluit" sense="fluit" word="fluit"/>
        <node begin="5" cat="rel" end="10" id="9" rel="mod">
          <node begin="5" case="no_obl" end="6" frame="rel_pronoun(de,no_obl)" gen="de" getal="getal" his="normal" his_1="normal" id="10" index="1" lcat="np" lemma="die" naamval="stan" pdtype="pron" persoon="persoon" pos="pron" postag="VNW(betr,pron,stan,vol,persoon,getal)" pt="vnw" rel="rhd" rnum="sg" root="die" sense="die" status="vol" vwtype="betr" wh="rel" word="die"/>
          <node begin="5" cat="ssub" end="10" id="11" rel="body">
            <node begin="5" end="6" id="12" index="1" rel="su"/>
            <node begin="8" end="9" frame="verb(hebben,sg,modifier(aux(inf)))" his="normal" his_1="normal" id="13" infl="sg" lcat="ssub" lemma="mogen" pos="verb" postag="WW(pv,tgw,ev)" pt="ww" pvagr="ev" pvtijd="tgw" rel="hd" root="mag" sc="modifier(aux(inf))" sense="mag" tense="present" word="mag" wvorm="pv"/>
            <node begin="5" cat="inf" end="10" id="14" rel="vc">
              <node begin="5" end="6" id="15" index="1" rel="su"/>
              <node begin="5" cat="ppart" end="8" id="16" rel="vc">
                <node begin="5" end="6" id="17" index="1" rel="obj1"/>
                <node begin="6" end="7" frame="adverb" his="normal" his_1="normal" id="18" lcat="advp" lemma="niet" pos="adv" postag="BW()" pt="bw" rel="mod" root="niet" sense="niet" word="niet"/>
                <node begin="7" buiging="zonder" end="8" frame="verb(hebben,psp,transitive)" his="normal" his_1="normal" id="19" infl="psp" lcat="ppart" lemma="bespelen" pos="verb" positie="vrij" postag="WW(vd,vrij,zonder)" pt="ww" rel="hd" root="bespeel" sc="transitive" sense="bespeel" word="bespeeld" wvorm="vd"/>
              </node>
              <node begin="9" buiging="zonder" end="10" frame="verb(unacc,inf,passive)" his="normal" his_1="normal" id="20" infl="inf" lcat="inf" lemma="worden" pos="verb" positie="vrij" postag="WW(inf,vrij,zonder)" pt="ww" rel="hd" root="word" sc="passive" sense="word" word="worden" wvorm="inf"/>
            </node>
          </node>
        </node>
      </node>
    </node>
  </node>
  <sentence sentid="1108">Een meisje maakt een fluit die niet bespeeld mag worden</sentence>
  <comments>
    <comment>Q#1108|Een meisje maakt een fluit die niet bespeeld mag worden|1|1|-13.065077782999992</comment>
  </comments>
</alpino_ds>
