<?xml version="1.0" encoding="UTF-8"?>
<alpino_ds version="1.6">
  <parser build="Alpino-x86_64-linux-glibc2.5-git233-sicstus" date="2021-02-02T16:08" cats="1" skips="0" />
  <node begin="0" cat="top" end="6" id="0" rel="top">
    <node begin="0" cat="smain" end="6" id="1" rel="--">
      <node begin="0" cat="np" end="2" id="2" rel="su">
        <node begin="0" end="1" frame="determiner(de)" his="normal" his_1="decap" his_1_1="normal" id="3" infl="de" lcat="detp" lemma="de" lwtype="bep" naamval="stan" npagr="rest" pos="det" postag="LID(bep,stan,rest)" pt="lid" rel="det" root="de" sense="de" word="De"/>
        <node begin="1" end="2" frame="noun(de,count,sg)" gen="de" genus="zijd" getal="ev" graad="basis" his="normal" his_1="normal" id="4" lcat="np" lemma="jongen" naamval="stan" ntype="soort" num="sg" pos="noun" postag="N(soort,ev,basis,zijd,stan)" pt="n" rel="hd" rnum="sg" root="jongen" sense="jongen" word="jongen"/>
      </node>
      <node begin="2" end="3" frame="verb(hebben,sg3,transitive)" his="normal" his_1="normal" id="5" infl="sg3" lcat="smain" lemma="spelen" pos="verb" postag="WW(pv,tgw,met-t)" pt="ww" pvagr="met-t" pvtijd="tgw" rel="hd" root="speel" sc="transitive" sense="speel" stype="declarative" tense="present" word="speelt" wvorm="pv"/>
      <node begin="3" end="4" frame="adverb" his="normal" his_1="normal" id="6" lcat="advp" lemma="niet" pos="adv" postag="BW()" pt="bw" rel="mod" root="niet" sense="niet" word="niet"/>
      <node aform="base" begin="4" buiging="zonder" end="5" frame="adjective(no_e(adv))" graad="basis" his="normal" his_1="normal" id="7" infl="no_e" lcat="ap" lemma="vrolijk" pos="adj" positie="vrij" postag="ADJ(vrij,basis,zonder)" pt="adj" rel="mod" root="vrolijk" sense="vrolijk" vform="adj" word="vrolijk"/>
      <node begin="5" end="6" frame="noun(de,count,sg)" gen="de" genus="zijd" getal="ev" graad="basis" his="normal" his_1="normal" id="8" lcat="np" lemma="piano" naamval="stan" ntype="soort" num="sg" pos="noun" postag="N(soort,ev,basis,zijd,stan)" pt="n" rel="obj1" rnum="sg" root="piano" sense="piano" word="piano"/>
    </node>
  </node>
  <sentence sentid="1114">De jongen speelt niet vrolijk piano</sentence>
  <comments>
    <comment>Q#1114|De jongen speelt niet vrolijk piano|1|1|0.42920143610000006</comment>
  </comments>
</alpino_ds>
