<?xml version="1.0" encoding="UTF-8"?>
<alpino_ds version="1.6">
  <parser build="Alpino-x86_64-linux-glibc2.5-git233-sicstus" date="2021-02-02T16:08" cats="1" skips="0" />
  <node begin="0" cat="top" end="10" id="0" rel="top">
    <node begin="0" cat="smain" end="10" id="1" rel="--">
      <node begin="0" cat="np" end="2" id="2" rel="su">
        <node begin="0" end="1" frame="determiner(het,nwh,nmod,pro,nparg,wkpro)" his="normal" his_1="decap" his_1_1="normal" id="3" infl="het" lcat="detp" lemma="het" lwtype="bep" naamval="stan" npagr="evon" pos="det" postag="LID(bep,stan,evon)" pt="lid" rel="det" root="het" sense="het" wh="nwh" word="Het"/>
        <node begin="1" end="2" frame="noun(het,count,sg)" gen="het" genus="onz" getal="ev" graad="basis" his="normal" his_1="normal" id="4" lcat="np" lemma="toneelstuk" naamval="stan" ntype="soort" num="sg" pos="noun" postag="N(soort,ev,basis,onz,stan)" pt="n" rel="hd" rnum="sg" root="toneelstuk" sense="toneelstuk" word="toneelstuk"/>
      </node>
      <node begin="2" end="3" frame="verb(zijn,sg3,pc_pp(over))" his="normal" his_1="normal" id="5" infl="sg3" lcat="smain" lemma="gaan" pos="verb" postag="WW(pv,tgw,met-t)" pt="ww" pvagr="met-t" pvtijd="tgw" rel="hd" root="ga" sc="pc_pp(over)" sense="ga-over" stype="declarative" tense="present" word="gaat" wvorm="pv"/>
      <node begin="3" cat="pp" end="10" id="6" rel="pc">
        <node begin="3" end="4" frame="preposition(over,[heen])" his="normal" his_1="normal" id="7" lcat="pp" lemma="over" pos="prep" postag="VZ(init)" pt="vz" rel="hd" root="over" sense="over" vztype="init" word="over"/>
        <node begin="4" cat="np" end="10" id="8" rel="obj1">
          <node begin="4" end="5" frame="determiner(een)" his="normal" his_1="normal" id="9" infl="een" lcat="detp" lemma="een" lwtype="onbep" naamval="stan" npagr="agr" pos="det" postag="LID(onbep,stan,agr)" pt="lid" rel="det" root="een" sense="een" word="een"/>
          <node aform="base" begin="5" buiging="met-e" end="6" frame="adjective(e)" graad="basis" his="normal" his_1="normal" id="10" infl="e" lcat="ap" lemma="gelukkig" naamval="stan" pos="adj" positie="prenom" postag="ADJ(prenom,basis,met-e,stan)" pt="adj" rel="mod" root="gelukkig" sense="gelukkig" vform="adj" word="gelukkige"/>
          <node begin="6" end="7" frame="noun(de,count,sg)" gen="de" genus="zijd" getal="ev" graad="basis" his="normal" his_1="normal" id="11" lcat="np" lemma="jongen" naamval="stan" ntype="soort" num="sg" pos="noun" postag="N(soort,ev,basis,zijd,stan)" pt="n" rel="hd" rnum="sg" root="jongen" sense="jongen" word="jongen"/>
          <node begin="7" cat="rel" end="10" id="12" rel="mod">
            <node begin="7" case="no_obl" end="8" frame="rel_pronoun(de,no_obl)" gen="de" getal="getal" his="normal" his_1="normal" id="13" index="1" lcat="np" lemma="die" naamval="stan" pdtype="pron" persoon="persoon" pos="pron" postag="VNW(betr,pron,stan,vol,persoon,getal)" pt="vnw" rel="rhd" rnum="sg" root="die" sense="die" status="vol" vwtype="betr" wh="rel" word="die"/>
            <node begin="7" cat="ssub" end="10" id="14" rel="body">
              <node begin="7" end="8" id="15" index="1" rel="su"/>
              <node begin="8" end="9" frame="noun(de,count,sg)" gen="de" genus="zijd" getal="ev" graad="basis" his="normal" his_1="normal" id="16" lcat="np" lemma="piano" naamval="stan" ntype="soort" num="sg" pos="noun" postag="N(soort,ev,basis,zijd,stan)" pt="n" rel="obj1" rnum="sg" root="piano" sense="piano" word="piano"/>
              <node begin="9" end="10" frame="verb(hebben,sg3,transitive)" his="normal" his_1="normal" id="17" infl="sg3" lcat="ssub" lemma="spelen" pos="verb" postag="WW(pv,tgw,met-t)" pt="ww" pvagr="met-t" pvtijd="tgw" rel="hd" root="speel" sc="transitive" sense="speel" tense="present" word="speelt" wvorm="pv"/>
            </node>
          </node>
        </node>
      </node>
    </node>
  </node>
  <sentence sentid="1115">Het toneelstuk gaat over een gelukkige jongen die piano speelt</sentence>
  <comments>
    <comment>Q#1115|Het toneelstuk gaat over een gelukkige jongen die piano speelt|1|1|-11.793676613400002</comment>
  </comments>
</alpino_ds>
