<?xml version="1.0" encoding="UTF-8"?>
<alpino_ds version="1.6">
  <parser build="Alpino-x86_64-linux-glibc2.5-git233-sicstus" date="2021-02-02T16:08" cats="1" skips="0" />
  <node begin="0" cat="top" end="8" id="0" rel="top">
    <node begin="0" cat="smain" end="8" id="1" rel="--">
      <node begin="0" cat="np" end="2" id="2" rel="su">
        <node begin="0" end="1" frame="determiner(een)" his="normal" his_1="decap" his_1_1="normal" id="3" infl="een" lcat="detp" lemma="een" lwtype="onbep" naamval="stan" npagr="agr" pos="det" postag="LID(onbep,stan,agr)" pt="lid" rel="det" root="een" sense="een" word="Een"/>
        <node begin="1" end="2" frame="noun(de,count,sg)" gen="de" genus="zijd" getal="ev" graad="basis" his="normal" his_1="normal" id="4" lcat="np" lemma="prooi" naamval="stan" ntype="soort" num="sg" pos="noun" postag="N(soort,ev,basis,zijd,stan)" pt="n" rel="hd" rnum="sg" root="prooi" sense="prooi" word="prooi"/>
      </node>
      <node begin="2" end="3" frame="verb(hebben,sg3,part_ld_pp(aan,achter))" his="normal" his_1="normal" id="5" infl="sg3" lcat="smain" lemma="aan_lopen" pos="verb" postag="WW(pv,tgw,met-t)" pt="ww" pvagr="met-t" pvtijd="tgw" rel="hd" root="loop_aan" sc="part_ld_pp(aan,achter)" sense="loop_aan" stype="declarative" tense="present" word="loopt" wvorm="pv"/>
      <node aform="base" begin="3" buiging="zonder" end="4" frame="adjective(no_e(adv))" graad="basis" his="normal" his_1="normal" id="6" infl="no_e" lcat="ap" lemma="snel" pos="adj" positie="vrij" postag="ADJ(vrij,basis,zonder)" pt="adj" rel="mod" root="snel" sense="snel" vform="adj" word="snel"/>
      <node begin="4" cat="pp" end="7" id="7" rel="ld">
        <node begin="4" end="5" frame="preposition(achter,[aan,door,langs,om,uit,vandaan])" his="normal" his_1="normal" id="8" lcat="pp" lemma="achter" pos="prep" postag="VZ(init)" pt="vz" rel="hd" root="achter" sense="achter" vztype="init" word="achter"/>
        <node begin="5" cat="np" end="7" id="9" rel="obj1">
          <node begin="5" end="6" frame="determiner(de)" his="normal" his_1="normal" id="10" infl="de" lcat="detp" lemma="de" lwtype="bep" naamval="stan" npagr="rest" pos="det" postag="LID(bep,stan,rest)" pt="lid" rel="det" root="de" sense="de" word="de"/>
          <node begin="6" end="7" frame="noun(both,count,sg)" gen="both" genus="zijd" getal="ev" graad="basis" his="normal" his_1="normal" id="11" lcat="np" lemma="jacht_luipaard" naamval="stan" ntype="soort" num="sg" pos="noun" postag="N(soort,ev,basis,zijd,stan)" pt="n" rel="hd" rnum="sg" root="jacht_luipaard" sense="jacht_luipaard" word="jachtluipaard"/>
        </node>
      </node>
      <node begin="7" end="8" frame="particle(aan)" his="normal" his_1="normal" id="12" lcat="part" lemma="aan" pos="part" postag="VZ(fin)" pt="vz" rel="svp" root="aan" sense="aan" vztype="fin" word="aan"/>
    </node>
  </node>
  <sentence sentid="1126">Een prooi loopt snel achter de jachtluipaard aan</sentence>
  <comments>
    <comment>Q#1126|Een prooi loopt snel achter de jachtluipaard aan|1|1|-5.9793010888000016</comment>
  </comments>
</alpino_ds>
