<?xml version="1.0" encoding="UTF-8"?>
<alpino_ds version="1.6">
  <parser build="Alpino-x86_64-linux-glibc2.5-git233-sicstus" date="2021-02-02T16:08" cats="1" skips="0" />
  <node begin="0" cat="top" end="4" id="0" rel="top">
    <node begin="0" cat="smain" end="4" id="1" rel="--">
      <node begin="0" cat="np" end="2" id="2" rel="su">
        <node begin="0" end="1" frame="determiner(een)" his="normal" his_1="decap" his_1_1="normal" id="3" infl="een" lcat="detp" lemma="een" lwtype="onbep" naamval="stan" npagr="agr" pos="det" postag="LID(onbep,stan,agr)" pt="lid" rel="det" root="een" sense="een" word="Een"/>
        <node begin="1" end="2" frame="noun(de,count,sg)" gen="de" genus="zijd" getal="ev" graad="basis" his="normal" his_1="normal" id="4" lcat="np" lemma="leeuw" naamval="stan" ntype="soort" num="sg" pos="noun" postag="N(soort,ev,basis,zijd,stan)" pt="n" rel="hd" rnum="sg" root="leeuw" sense="leeuw" word="leeuw"/>
      </node>
      <node begin="2" end="3" frame="verb(zijn,sg3,ap_copula)" his="normal" his_1="normal" id="5" infl="sg3" lcat="smain" lemma="lopen" pos="verb" postag="WW(pv,tgw,met-t)" pt="ww" pvagr="met-t" pvtijd="tgw" rel="hd" root="loop" sc="ap_copula" sense="loop" stype="declarative" tense="present" word="loopt" wvorm="pv"/>
      <node aform="base" begin="3" buiging="zonder" end="4" frame="adjective(no_e(adv))" graad="basis" his="normal" his_1="normal" id="6" infl="no_e" lcat="ap" lemma="langzaam" pos="adj" positie="vrij" postag="ADJ(vrij,basis,zonder)" pt="adj" rel="predc" root="langzaam" sense="langzaam" vform="adj" word="langzaam"/>
    </node>
  </node>
  <sentence sentid="1131">Een leeuw loopt langzaam</sentence>
  <comments>
    <comment>Q#1131|Een leeuw loopt langzaam|1|1|-2.2508580439999997</comment>
  </comments>
</alpino_ds>
