<?xml version="1.0" encoding="UTF-8"?>
<alpino_ds version="1.6">
  <parser build="Alpino-x86_64-linux-glibc2.5-git233-sicstus" date="2021-02-02T16:08" cats="1" skips="0" />
  <node begin="0" cat="top" end="6" id="0" rel="top">
    <node begin="0" cat="smain" end="6" id="1" rel="--">
      <node begin="0" cat="np" end="2" id="2" rel="su">
        <node begin="0" end="1" frame="determiner(een)" his="normal" his_1="decap" his_1_1="normal" id="3" infl="een" lcat="detp" lemma="een" lwtype="onbep" naamval="stan" npagr="agr" pos="det" postag="LID(onbep,stan,agr)" pt="lid" rel="det" root="een" sense="een" word="Een"/>
        <node begin="1" end="2" frame="noun(de,count,sg)" gen="de" genus="zijd" getal="ev" graad="basis" his="normal" his_1="normal" id="4" lcat="np" lemma="leeuw" naamval="stan" ntype="soort" num="sg" pos="noun" postag="N(soort,ev,basis,zijd,stan)" pt="n" rel="hd" rnum="sg" root="leeuw" sense="leeuw" word="leeuw"/>
      </node>
      <node begin="2" end="3" frame="verb(hebben,sg3,part_ld_transitive(rond))" his="normal" his_1="normal" id="5" infl="sg3" lcat="smain" lemma="rond_bewegen" pos="verb" postag="WW(pv,tgw,met-t)" pt="ww" pvagr="met-t" pvtijd="tgw" rel="hd" root="beweeg_rond" sc="part_ld_transitive(rond)" sense="beweeg_rond" stype="declarative" tense="present" word="beweegt" wvorm="pv"/>
      <node begin="3" case="dat_acc" def="def" end="4" frame="pronoun(nwh,thi,both,de,dat_acc,def,wkpro)" gen="de" getal="getal" his="normal" his_1="normal" id="6" lcat="np" lemma="zich" naamval="obl" num="both" pdtype="pron" per="thi" persoon="3" pos="pron" postag="VNW(refl,pron,obl,red,3,getal)" pt="vnw" rel="ld" rnum="sg" root="zich" sense="zich" special="wkpro" status="red" vwtype="refl" wh="nwh" word="zich"/>
      <node aform="base" begin="4" buiging="zonder" end="5" frame="adjective(no_e(adv))" graad="basis" his="normal" his_1="normal" id="7" infl="no_e" lcat="ap" lemma="langzaam" pos="adj" positie="vrij" postag="ADJ(vrij,basis,zonder)" pt="adj" rel="mod" root="langzaam" sense="langzaam" vform="adj" word="langzaam"/>
      <node begin="5" end="6" frame="particle(rond)" his="normal" his_1="normal" id="8" lcat="part" lemma="rond" pos="part" postag="VZ(fin)" pt="vz" rel="svp" root="rond" sense="rond" vztype="fin" word="rond"/>
    </node>
  </node>
  <sentence sentid="1132">Een leeuw beweegt zich langzaam rond</sentence>
  <comments>
    <comment>Q#1132|Een leeuw beweegt zich langzaam rond|1|1|-2.236119066100001</comment>
  </comments>
</alpino_ds>
