<?xml version="1.0" encoding="UTF-8"?>
<alpino_ds version="1.6">
  <parser build="Alpino-x86_64-linux-glibc2.5-git233-sicstus" date="2021-02-02T16:08" cats="1" skips="0" />
  <node begin="0" cat="top" end="11" id="0" rel="top">
    <node begin="0" cat="smain" end="11" id="1" rel="--">
      <node begin="0" cat="np" end="2" his="normal" his_1="decap" his_1_1="normal" id="2" rel="su">
        <node begin="0" end="1" frame="adverb" id="3" lcat="advp" lemma="niet" pos="adv" postag="BW()" pt="bw" rel="mod" root="niet" sense="niet" word="Niet"/>
        <node begin="1" case="both" def="def" end="2" frame="pronoun(nwh,thi,sg,de,both,def,strpro)" gen="de" getal="ev" id="4" lcat="np" lemma="iedereen" naamval="stan" num="sg" pdtype="pron" per="thi" persoon="3p" pos="pron" postag="VNW(onbep,pron,stan,vol,3p,ev)" pt="vnw" rel="hd" rnum="sg" root="iedereen" sense="iedereen" special="strpro" status="vol" vwtype="onbep" wh="nwh" word="iedereen"/>
      </node>
      <node begin="2" end="3" frame="verb(unacc,sg_heeft,copula)" his="normal" his_1="normal" id="5" infl="sg_heeft" lcat="smain" lemma="zijn" pos="verb" postag="WW(pv,tgw,ev)" pt="ww" pvagr="ev" pvtijd="tgw" rel="hd" root="ben" sc="copula" sense="ben" stype="declarative" tense="present" word="is" wvorm="pv"/>
      <node begin="3" cat="ap" end="11" id="6" rel="predc">
        <node begin="3" cat="mwu" end="5" his="normal" his_1="normal" id="7" mwu_root="in staat" mwu_sense="in staat" rel="hd">
          <node aform="base" begin="3" end="4" frame="adjective(pred(padv),object_vp)" id="8" infl="pred" lcat="ap" lemma="in" pos="adj" postag="VZ(init)" pt="vz" rel="mwp" root="in" sc="object_vp" sense="in" vform="adj" vztype="init" word="in"/>
          <node aform="base" begin="4" end="5" frame="adjective(pred(padv),object_vp)" genus="zijd" getal="ev" graad="basis" id="9" infl="pred" lcat="ap" lemma="staat" naamval="stan" ntype="soort" pos="adj" postag="N(soort,ev,basis,zijd,stan)" pt="n" rel="mwp" root="staat" sc="object_vp" sense="staat" vform="adj" word="staat"/>
        </node>
        <node begin="5" cat="oti" end="11" id="10" rel="vc">
          <node begin="5" end="6" frame="complementizer(om)" his="normal" his_1="normal" id="11" lcat="oti" lemma="om" pos="comp" postag="VZ(init)" pt="vz" rel="cmp" root="om" sc="om" sense="om" vztype="init" word="om"/>
          <node begin="6" cat="ti" end="11" id="12" rel="body">
            <node begin="9" end="10" frame="complementizer(te)" his="normal" his_1="normal" id="13" lcat="ti" lemma="te" pos="comp" postag="VZ(init)" pt="vz" rel="cmp" root="te" sc="te" sense="te" vztype="init" word="te"/>
            <node begin="6" cat="inf" end="11" id="14" rel="body">
              <node begin="6" cat="np" end="8" id="15" rel="obj1">
                <node begin="6" end="7" frame="determiner(een)" his="normal" his_1="normal" id="16" infl="een" lcat="detp" lemma="een" lwtype="onbep" naamval="stan" npagr="agr" pos="det" postag="LID(onbep,stan,agr)" pt="lid" rel="det" root="een" sense="een" word="een"/>
                <node begin="7" end="8" frame="noun(de,count,sg)" gen="de" genus="zijd" getal="ev" graad="basis" his="normal" his_1="normal" id="17" lcat="np" lemma="leeuw" naamval="stan" ntype="soort" num="sg" pos="noun" postag="N(soort,ev,basis,zijd,stan)" pt="n" rel="hd" rnum="sg" root="leeuw" sense="leeuw" word="leeuw"/>
              </node>
              <node begin="8" end="9" frame="particle(uit)" his="normal" his_1="normal" id="18" lcat="part" lemma="uit" pos="part" postag="VZ(fin)" pt="vz" rel="svp" root="uit" sense="uit" vztype="fin" word="uit"/>
              <node begin="10" buiging="zonder" end="11" frame="verb(hebben,inf,part_transitive(uit))" his="normal" his_1="normal" id="19" infl="inf" lcat="inf" lemma="uit_laten" pos="verb" positie="vrij" postag="WW(inf,vrij,zonder)" pt="ww" rel="hd" root="laat_uit" sc="part_transitive(uit)" sense="laat_uit" word="laten" wvorm="inf"/>
            </node>
          </node>
        </node>
      </node>
    </node>
  </node>
  <sentence sentid="1134">Niet iedereen is in staat om een leeuw uit te laten</sentence>
  <comments>
    <comment>Q#1134|Niet iedereen is in staat om een leeuw uit te laten|1|1|-13.758268708399996</comment>
  </comments>
</alpino_ds>
