<?xml version="1.0" encoding="UTF-8"?>
<alpino_ds version="1.6">
  <parser build="Alpino-x86_64-linux-glibc2.5-git233-sicstus" date="2021-02-02T16:08" cats="1" skips="0" />
  <node begin="0" cat="top" end="7" id="0" rel="top">
    <node begin="0" cat="smain" end="7" id="1" rel="--">
      <node begin="0" cat="np" end="2" id="2" rel="su">
        <node begin="0" end="1" frame="determiner(de)" his="normal" his_1="decap" his_1_1="normal" id="3" infl="de" lcat="detp" lemma="de" lwtype="bep" naamval="stan" npagr="rest" pos="det" postag="LID(bep,stan,rest)" pt="lid" rel="det" root="de" sense="de" word="De"/>
        <node begin="1" end="2" frame="noun(de,count,sg)" gen="de" genus="zijd" getal="ev" graad="basis" his="normal" his_1="normal" id="4" lcat="np" lemma="volwassene" naamval="stan" ntype="soort" num="sg" pos="noun" postag="N(soort,ev,basis,zijd,stan)" pt="n" rel="hd" rnum="sg" root="volwassene" sense="volwassene" word="volwassene"/>
      </node>
      <node begin="2" end="3" frame="verb(hebben,sg3,pc_pp(op))" his="normal" his_1="normal" id="5" infl="sg3" lcat="smain" lemma="spelen" pos="verb" postag="WW(pv,tgw,met-t)" pt="ww" pvagr="met-t" pvtijd="tgw" rel="hd" root="speel" sc="pc_pp(op)" sense="speel-op" stype="declarative" tense="present" word="speelt" wvorm="pv"/>
      <node aform="base" begin="3" buiging="zonder" end="4" frame="adjective(no_e(adv))" graad="basis" his="normal" his_1="normal" id="6" infl="no_e" lcat="ap" lemma="luid" pos="adj" positie="vrij" postag="ADJ(vrij,basis,zonder)" pt="adj" rel="mod" root="luid" sense="luid" vform="adj" word="luid"/>
      <node begin="4" cat="pp" end="7" id="7" rel="pc">
        <node begin="4" end="5" frame="preposition(op,[af,na])" his="normal" his_1="normal" id="8" lcat="pp" lemma="op" pos="prep" postag="VZ(init)" pt="vz" rel="hd" root="op" sense="op" vztype="init" word="op"/>
        <node begin="5" cat="np" end="7" id="9" rel="obj1">
          <node begin="5" end="6" frame="determiner(de)" his="normal" his_1="normal" id="10" infl="de" lcat="detp" lemma="de" lwtype="bep" naamval="stan" npagr="rest" pos="det" postag="LID(bep,stan,rest)" pt="lid" rel="det" root="de" sense="de" word="de"/>
          <node begin="6" end="7" frame="noun(de,count,sg)" gen="de" genus="zijd" getal="ev" graad="basis" his="normal" his_1="normal" id="11" lcat="np" lemma="gitaar" naamval="stan" ntype="soort" num="sg" pos="noun" postag="N(soort,ev,basis,zijd,stan)" pt="n" rel="hd" rnum="sg" root="gitaar" sense="gitaar" word="gitaar"/>
        </node>
      </node>
    </node>
  </node>
  <sentence sentid="1139">De volwassene speelt luid op de gitaar</sentence>
  <comments>
    <comment>Q#1139|De volwassene speelt luid op de gitaar|1|1|0.6712451151000007</comment>
  </comments>
</alpino_ds>
