<?xml version="1.0" encoding="UTF-8"?>
<alpino_ds version="1.6">
  <parser build="Alpino-x86_64-linux-glibc2.5-git233-sicstus" date="2021-02-02T16:08" cats="1" skips="0" />
  <node begin="0" cat="top" end="10" id="0" rel="top">
    <node begin="0" cat="smain" end="10" id="1" rel="--">
      <node begin="0" cat="np" end="3" id="2" index="1" rel="su">
        <node begin="0" end="1" frame="determiner(een)" his="normal" his_1="decap" his_1_1="normal" id="3" infl="een" lcat="detp" lemma="een" lwtype="onbep" naamval="stan" npagr="agr" pos="det" postag="LID(onbep,stan,agr)" pt="lid" rel="det" root="een" sense="een" word="Een"/>
        <node aform="base" begin="1" buiging="zonder" end="2" frame="adjective(both(nonadv))" graad="basis" his="normal" his_1="normal" id="4" infl="both" lcat="ap" lemma="oranje" pos="adj" positie="prenom" postag="ADJ(prenom,basis,zonder)" pt="adj" rel="mod" root="oranje" sense="oranje" vform="adj" word="oranje"/>
        <node begin="2" end="3" frame="noun(de,count,sg)" gen="de" genus="zijd" getal="ev" graad="basis" his="normal" his_1="normal" id="5" lcat="np" lemma="paprika" naamval="stan" ntype="soort" num="sg" pos="noun" postag="N(soort,ev,basis,zijd,stan)" pt="n" rel="hd" rnum="sg" root="paprika" sense="paprika" word="paprika"/>
      </node>
      <node begin="3" end="4" frame="verb(unacc,sg3,passive)" his="normal" his_1="normal" id="6" infl="sg3" lcat="smain" lemma="worden" pos="verb" postag="WW(pv,tgw,met-t)" pt="ww" pvagr="met-t" pvtijd="tgw" rel="hd" root="word" sc="passive" sense="word" stype="declarative" tense="present" word="wordt" wvorm="pv"/>
      <node begin="0" cat="ppart" end="10" id="7" rel="vc">
        <node begin="0" end="3" id="8" index="1" rel="obj1"/>
        <node begin="4" cat="pp" end="6" id="9" rel="ld">
          <node begin="4" end="5" frame="preposition(in,[])" his="normal" his_1="normal" id="10" lcat="pp" lemma="in" pos="prep" postag="VZ(init)" pt="vz" rel="hd" root="in" sense="in" vztype="init" word="in"/>
          <node begin="5" end="6" frame="noun(het,count,pl)" gen="het" getal="mv" graad="dim" his="normal" his_1="normal" id="11" lcat="np" lemma="blok" ntype="soort" num="pl" pos="noun" postag="N(soort,mv,dim)" pt="n" rel="obj1" rnum="pl" root="blok_DIM" sense="blok_DIM" word="blokjes"/>
        </node>
        <node begin="6" buiging="zonder" end="7" frame="verb(hebben,psp,np_ld_pp)" his="normal" his_1="normal" id="12" infl="psp" lcat="ppart" lemma="snijden" pos="verb" positie="vrij" postag="WW(vd,vrij,zonder)" pt="ww" rel="hd" root="snijd" sc="np_ld_pp" sense="snijd" word="gesneden" wvorm="vd"/>
        <node begin="7" cat="pp" end="10" id="13" rel="mod">
          <node begin="7" end="8" frame="preposition(door,[heen])" his="normal" his_1="normal" id="14" lcat="pp" lemma="door" pos="prep" postag="VZ(init)" pt="vz" rel="hd" root="door" sense="door" vztype="init" word="door"/>
          <node begin="8" cat="np" end="10" id="15" rel="obj1">
            <node begin="8" end="9" frame="determiner(een)" his="normal" his_1="normal" id="16" infl="een" lcat="detp" lemma="een" lwtype="onbep" naamval="stan" npagr="agr" pos="det" postag="LID(onbep,stan,agr)" pt="lid" rel="det" root="een" sense="een" word="een"/>
            <node begin="9" end="10" frame="noun(de,count,sg)" gen="de" genus="zijd" getal="ev" graad="basis" his="normal" his_1="normal" id="17" lcat="np" lemma="persoon" naamval="stan" ntype="soort" num="sg" pos="noun" postag="N(soort,ev,basis,zijd,stan)" pt="n" rel="hd" rnum="sg" root="persoon" sense="persoon" word="persoon"/>
          </node>
        </node>
      </node>
    </node>
  </node>
  <sentence sentid="1143">Een oranje paprika wordt in blokjes gesneden door een persoon</sentence>
  <comments>
    <comment>Q#1143|Een oranje paprika wordt in blokjes gesneden door een persoon|1|1|-11.981212637499999</comment>
  </comments>
</alpino_ds>
