<?xml version="1.0" encoding="UTF-8"?>
<alpino_ds version="1.6">
  <parser build="Alpino-x86_64-linux-glibc2.5-git233-sicstus" date="2021-02-02T16:08" cats="1" skips="0" />
  <node begin="0" cat="top" end="13" id="0" rel="top">
    <node begin="0" cat="smain" end="13" id="1" rel="--">
      <node begin="0" cat="np" end="2" id="2" rel="su">
        <node begin="0" end="1" frame="determiner(de)" his="normal" his_1="decap" his_1_1="normal" id="3" infl="de" lcat="detp" lemma="de" lwtype="bep" naamval="stan" npagr="rest" pos="det" postag="LID(bep,stan,rest)" pt="lid" rel="det" root="de" sense="de" word="De"/>
        <node begin="1" end="2" frame="noun(de,count,sg)" gen="de" genus="zijd" getal="ev" graad="basis" his="normal" his_1="normal" id="4" lcat="np" lemma="persoon" naamval="stan" ntype="soort" num="sg" pos="noun" postag="N(soort,ev,basis,zijd,stan)" pt="n" rel="hd" rnum="sg" root="persoon" sense="persoon" word="persoon"/>
      </node>
      <node begin="2" end="3" frame="verb(unacc,sg_heeft,copula)" his="normal" his_1="normal" id="5" infl="sg_heeft" lcat="smain" lemma="zijn" pos="verb" postag="WW(pv,tgw,ev)" pt="ww" pvagr="ev" pvtijd="tgw" rel="hd" root="ben" sc="copula" sense="ben" stype="declarative" tense="present" word="is" wvorm="pv"/>
      <node begin="3" end="4" frame="adverb" his="normal" his_1="normal" id="6" lcat="advp" lemma="niet" pos="adv" postag="BW()" pt="bw" rel="mod" root="niet" sense="niet" word="niet"/>
      <node begin="4" cat="ap" end="13" id="7" rel="predc">
        <node aform="base" begin="4" buiging="zonder" end="5" frame="adjective(no_e(padv),object_vp)" graad="basis" his="normal" his_1="normal" id="8" infl="no_e" lcat="ap" lemma="bezig" pos="adj" positie="vrij" postag="ADJ(vrij,basis,zonder)" pt="adj" rel="hd" root="bezig" sc="object_vp" sense="bezig" vform="adj" word="bezig"/>
        <node begin="5" cat="oti" end="13" id="9" rel="vc">
          <node begin="5" end="6" frame="complementizer(om)" his="normal" his_1="normal" id="10" lcat="oti" lemma="om" pos="comp" postag="VZ(init)" pt="vz" rel="cmp" root="om" sc="om" sense="om" vztype="init" word="om"/>
          <node begin="6" cat="ti" end="13" id="11" rel="body">
            <node begin="11" end="12" frame="complementizer(te)" his="normal" his_1="normal" id="12" lcat="ti" lemma="te" pos="comp" postag="VZ(init)" pt="vz" rel="cmp" root="te" sc="te" sense="te" vztype="init" word="te"/>
            <node begin="6" cat="inf" end="13" id="13" rel="body">
              <node begin="6" cat="np" end="9" id="14" rel="obj1">
                <node begin="6" end="7" frame="determiner(een)" his="normal" his_1="normal" id="15" infl="een" lcat="detp" lemma="een" lwtype="onbep" naamval="stan" npagr="agr" pos="det" postag="LID(onbep,stan,agr)" pt="lid" rel="det" root="een" sense="een" word="een"/>
                <node aform="base" begin="7" buiging="zonder" end="8" frame="adjective(both(nonadv))" graad="basis" his="normal" his_1="normal" id="16" infl="both" lcat="ap" lemma="oranje" pos="adj" positie="prenom" postag="ADJ(prenom,basis,zonder)" pt="adj" rel="mod" root="oranje" sense="oranje" vform="adj" word="oranje"/>
                <node begin="8" end="9" frame="noun(de,count,sg)" gen="de" genus="zijd" getal="ev" graad="basis" his="normal" his_1="normal" id="17" lcat="np" lemma="paprika" naamval="stan" ntype="soort" num="sg" pos="noun" postag="N(soort,ev,basis,zijd,stan)" pt="n" rel="hd" rnum="sg" root="paprika" sense="paprika" word="paprika"/>
              </node>
              <node begin="9" cat="pp" end="11" id="18" rel="ld">
                <node begin="9" end="10" frame="preposition(in,[])" his="normal" his_1="normal" id="19" lcat="pp" lemma="in" pos="prep" postag="VZ(init)" pt="vz" rel="hd" root="in" sense="in" vztype="init" word="in"/>
                <node begin="10" end="11" frame="noun(het,count,pl)" gen="het" getal="mv" graad="dim" his="normal" his_1="normal" id="20" lcat="np" lemma="blok" ntype="soort" num="pl" pos="noun" postag="N(soort,mv,dim)" pt="n" rel="obj1" rnum="pl" root="blok_DIM" sense="blok_DIM" word="blokjes"/>
              </node>
              <node begin="12" buiging="zonder" end="13" frame="verb(hebben,inf,np_ld_pp)" his="normal" his_1="normal" id="21" infl="inf" lcat="inf" lemma="snijden" pos="verb" positie="vrij" postag="WW(inf,vrij,zonder)" pt="ww" rel="hd" root="snijd" sc="np_ld_pp" sense="snijd" word="snijden" wvorm="inf"/>
            </node>
          </node>
        </node>
      </node>
    </node>
  </node>
  <sentence sentid="1144">De persoon is niet bezig om een oranje paprika in blokjes te snijden</sentence>
  <comments>
    <comment>Q#1144|De persoon is niet bezig om een oranje paprika in blokjes te snijden|1|1|-15.239233618000004</comment>
  </comments>
</alpino_ds>
