<?xml version="1.0" encoding="UTF-8"?>
<alpino_ds version="1.6">
  <parser build="Alpino-x86_64-linux-glibc2.5-git233-sicstus" date="2021-02-02T16:08" cats="1" skips="0" />
  <node begin="0" cat="top" end="14" id="0" rel="top">
    <node begin="0" cat="smain" end="14" id="1" rel="--">
      <node begin="0" cat="np" end="4" id="2" index="1" rel="su">
        <node begin="0" end="1" frame="determiner(de)" his="normal" his_1="decap" his_1_1="normal" id="3" infl="de" lcat="detp" lemma="de" lwtype="bep" naamval="stan" npagr="rest" pos="det" postag="LID(bep,stan,rest)" pt="lid" rel="det" root="de" sense="de" word="De"/>
        <node aform="base" begin="1" buiging="zonder" end="2" frame="adjective(both(nonadv))" graad="basis" his="normal" his_1="normal" id="4" infl="both" lcat="ap" lemma="oranje" pos="adj" positie="prenom" postag="ADJ(prenom,basis,zonder)" pt="adj" rel="mod" root="oranje" sense="oranje" vform="adj" word="oranje"/>
        <node aform="base" begin="2" buiging="met-e" end="3" frame="adjective(ge_e)" his="normal" his_1="normal" id="5" infl="e" lcat="ppart" lemma="gekleurd" pos="adj" positie="prenom" postag="WW(vd,prenom,met-e)" pt="ww" rel="mod" root="gekleurd" sense="gekleurd" vform="psp" word="gekleurde" wvorm="vd"/>
        <node begin="3" end="4" frame="noun(de,count,pl)" gen="de" getal="mv" graad="basis" his="normal" his_1="normal" id="6" lcat="np" lemma="dobbelsteen" ntype="soort" num="pl" pos="noun" postag="N(soort,mv,basis)" pt="n" rel="hd" rnum="pl" root="dobbelsteen" sense="dobbelsteen" word="dobbelstenen"/>
      </node>
      <node begin="4" end="5" frame="verb(unacc,pl,passive)" his="normal" his_1="normal" id="7" infl="pl" lcat="smain" lemma="worden" pos="verb" postag="WW(pv,tgw,mv)" pt="ww" pvagr="mv" pvtijd="tgw" rel="hd" root="word" sc="passive" sense="word" stype="declarative" tense="present" word="worden" wvorm="pv"/>
      <node begin="0" cat="ppart" end="14" id="8" rel="vc">
        <node begin="0" end="4" id="9" index="1" rel="obj1"/>
        <node begin="5" cat="pp" end="8" id="10" rel="mod">
          <node begin="5" end="6" frame="preposition(door,[heen])" his="normal" his_1="normal" id="11" lcat="pp" lemma="door" pos="prep" postag="VZ(init)" pt="vz" rel="hd" root="door" sense="door" vztype="init" word="door"/>
          <node begin="6" cat="np" end="8" id="12" rel="obj1">
            <node begin="6" end="7" frame="determiner(een)" his="normal" his_1="normal" id="13" infl="een" lcat="detp" lemma="een" lwtype="onbep" naamval="stan" npagr="agr" pos="det" postag="LID(onbep,stan,agr)" pt="lid" rel="det" root="een" sense="een" word="een"/>
            <node begin="7" end="8" frame="noun(de,count,sg)" gen="de" genus="zijd" getal="ev" graad="basis" his="normal" his_1="normal" id="14" lcat="np" lemma="kok" naamval="stan" ntype="soort" num="sg" pos="noun" postag="N(soort,ev,basis,zijd,stan)" pt="n" rel="hd" rnum="sg" root="kok" sense="kok" word="kok"/>
          </node>
        </node>
        <node begin="8" buiging="zonder" end="9" frame="verb(hebben,psp,transitive)" his="normal" his_1="normal" id="15" infl="psp" lcat="ppart" lemma="gieten" pos="verb" positie="vrij" postag="WW(vd,vrij,zonder)" pt="ww" rel="hd" root="giet" sc="transitive" sense="giet" word="gegoten" wvorm="vd"/>
        <node begin="9" cat="oti" end="14" id="16" rel="mod">
          <node begin="9" end="10" frame="complementizer(om)" his="normal" his_1="normal" id="17" lcat="oti" lemma="om" pos="comp" postag="VZ(init)" pt="vz" rel="cmp" root="om" sc="om" sense="om" vztype="init" word="om"/>
          <node begin="10" cat="ti" end="14" id="18" rel="body">
            <node begin="12" end="13" frame="complementizer(te)" his="normal" his_1="normal" id="19" lcat="ti" lemma="te" pos="comp" postag="VZ(init)" pt="vz" rel="cmp" root="te" sc="te" sense="te" vztype="init" word="te"/>
            <node begin="10" cat="inf" end="14" id="20" rel="body">
              <node begin="10" cat="np" end="12" id="21" rel="obj1">
                <node begin="10" end="11" frame="determiner(de)" his="normal" his_1="normal" id="22" infl="de" lcat="detp" lemma="de" lwtype="bep" naamval="stan" npagr="rest" pos="det" postag="LID(bep,stan,rest)" pt="lid" rel="det" root="de" sense="de" word="de"/>
                <node begin="11" end="12" frame="noun(de,count,sg)" gen="de" genus="zijd" getal="ev" graad="basis" his="normal" his_1="normal" id="23" lcat="np" lemma="paprika" naamval="stan" ntype="soort" num="sg" pos="noun" postag="N(soort,ev,basis,zijd,stan)" pt="n" rel="hd" rnum="sg" root="paprika" sense="paprika" word="paprika"/>
              </node>
              <node begin="13" buiging="zonder" end="14" frame="verb(hebben,inf,transitive)" his="normal" his_1="normal" id="24" infl="inf" lcat="inf" lemma="winnen" pos="verb" positie="vrij" postag="WW(inf,vrij,zonder)" pt="ww" rel="hd" root="win" sc="transitive" sense="win" word="winnen" wvorm="inf"/>
            </node>
          </node>
        </node>
      </node>
    </node>
  </node>
  <sentence sentid="1145">De oranje gekleurde dobbelstenen worden door een kok gegoten om de paprika te winnen</sentence>
  <comments>
    <comment>Q#1145|De oranje gekleurde dobbelstenen worden door een kok gegoten om de paprika te winnen|1|1|-9.904959908</comment>
  </comments>
</alpino_ds>
