<?xml version="1.0" encoding="UTF-8"?>
<alpino_ds version="1.6">
  <parser build="Alpino-x86_64-linux-glibc2.5-git233-sicstus" date="2021-02-02T16:08" cats="1" skips="0" />
  <node begin="0" cat="top" end="8" id="0" rel="top">
    <node begin="0" cat="smain" end="8" id="1" rel="--">
      <node begin="0" cat="np" end="2" id="2" rel="su">
        <node begin="0" end="1" frame="determiner(een)" his="normal" his_1="decap" his_1_1="normal" id="3" infl="een" lcat="detp" lemma="een" lwtype="onbep" naamval="stan" npagr="agr" pos="det" postag="LID(onbep,stan,agr)" pt="lid" rel="det" root="een" sense="een" word="Een"/>
        <node begin="1" end="2" frame="noun(de,count,sg)" gen="de" genus="zijd" getal="ev" graad="basis" his="normal" his_1="normal" id="4" lcat="np" lemma="kok" naamval="stan" ntype="soort" num="sg" pos="noun" postag="N(soort,ev,basis,zijd,stan)" pt="n" rel="hd" rnum="sg" root="kok" sense="kok" word="kok"/>
      </node>
      <node begin="2" end="3" frame="verb(hebben,sg3,np_ld_pp)" his="normal" his_1="normal" id="5" infl="sg3" lcat="smain" lemma="snijden" pos="verb" postag="WW(pv,tgw,met-t)" pt="ww" pvagr="met-t" pvtijd="tgw" rel="hd" root="snijd" sc="np_ld_pp" sense="snijd" stype="declarative" tense="present" word="snijdt" wvorm="pv"/>
      <node aform="base" begin="3" buiging="zonder" end="4" frame="adjective(no_e(adv))" graad="basis" his="normal" his_1="normal" id="6" infl="no_e" lcat="ap" lemma="vlug" pos="adj" positie="vrij" postag="ADJ(vrij,basis,zonder)" pt="adj" rel="mod" root="vlug" sense="vlug" vform="adj" word="vlug"/>
      <node begin="4" cat="np" end="6" id="7" rel="obj1">
        <node begin="4" end="5" frame="determiner(wat,nwh,mod,pro,nparg,ntopicpro)" getal="ev" his="normal" his_1="normal" id="8" infl="wat" lcat="detp" lemma="wat" naamval="stan" pdtype="pron" persoon="3o" pos="det" postag="VNW(onbep,pron,stan,vol,3o,ev)" pt="vnw" rel="det" root="wat" sense="wat" status="vol" vwtype="onbep" wh="nwh" word="wat"/>
        <node begin="5" end="6" frame="noun(de,count,pl)" gen="de" getal="mv" graad="basis" his="normal" his_1="normal" id="9" lcat="np" lemma="paprika" ntype="soort" num="pl" pos="noun" postag="N(soort,mv,basis)" pt="n" rel="hd" rnum="pl" root="paprika" sense="paprika" word="paprika&apos;s"/>
      </node>
      <node begin="6" cat="pp" end="8" id="10" rel="ld">
        <node begin="6" end="7" frame="preposition(in,[])" his="normal" his_1="normal" id="11" lcat="pp" lemma="in" pos="prep" postag="VZ(init)" pt="vz" rel="hd" root="in" sense="in" vztype="init" word="in"/>
        <node begin="7" end="8" frame="noun(het,count,pl)" gen="het" getal="mv" graad="dim" his="normal" his_1="normal" id="12" lcat="np" lemma="reep" ntype="soort" num="pl" pos="noun" postag="N(soort,mv,dim)" pt="n" rel="obj1" rnum="pl" root="reep_DIM" sense="reep_DIM" word="reepjes"/>
      </node>
    </node>
  </node>
  <sentence sentid="1146">Een kok snijdt vlug wat paprika&apos;s in reepjes</sentence>
  <comments>
    <comment>Q#1146|Een kok snijdt vlug wat paprika&apos;s in reepjes|1|1|-4.627304191400001</comment>
  </comments>
</alpino_ds>
