<?xml version="1.0" encoding="UTF-8"?>
<alpino_ds version="1.6">
  <parser build="Alpino-x86_64-linux-glibc2.5-git233-sicstus" date="2021-02-02T16:08" cats="1" skips="0" />
  <node begin="0" cat="top" end="12" id="0" rel="top">
    <node begin="0" cat="smain" end="12" id="1" rel="--">
      <node begin="0" end="1" frame="er_vp_adverb" getal="getal" his="normal" his_1="decap" his_1_1="normal" id="2" lcat="advp" lemma="er" naamval="stan" pdtype="adv-pron" persoon="3" pos="adv" postag="VNW(aanw,adv-pron,stan,red,3,getal)" pt="vnw" rel="mod" root="er" sense="er" special="er" status="red" vwtype="aanw" word="Er"/>
      <node begin="1" end="2" frame="verb(hebben,pl,intransitive)" his="normal" his_1="normal" id="3" infl="pl" lcat="smain" lemma="rinkelen" pos="verb" postag="WW(pv,tgw,mv)" pt="ww" pvagr="mv" pvtijd="tgw" rel="hd" root="rinkel" sc="intransitive" sense="rinkel" stype="declarative" tense="present" word="rinkelen" wvorm="pv"/>
      <node begin="2" cat="np" end="4" id="4" rel="su">
        <node begin="2" end="3" frame="determiner(wat,nwh,mod,pro,nparg,ntopicpro)" getal="ev" his="normal" his_1="normal" id="5" infl="wat" lcat="detp" lemma="wat" naamval="stan" pdtype="pron" persoon="3o" pos="det" postag="VNW(onbep,pron,stan,vol,3o,ev)" pt="vnw" rel="det" root="wat" sense="wat" status="vol" vwtype="onbep" wh="nwh" word="wat"/>
        <node begin="3" end="4" frame="noun(het,count,pl)" gen="het" getal="mv" graad="dim" his="normal" his_1="normal" id="6" lcat="np" lemma="bel" ntype="soort" num="pl" pos="noun" postag="N(soort,mv,dim)" pt="n" rel="hd" rnum="pl" root="bel_DIM" sense="bel_DIM" word="belletjes"/>
      </node>
      <node begin="4" cat="pp" end="12" id="7" rel="mod">
        <node begin="4" end="5" frame="preposition(bij,[vandaan])" his="normal" his_1="normal" id="8" lcat="pp" lemma="bij" pos="prep" postag="VZ(init)" pt="vz" rel="hd" root="bij" sense="bij" vztype="init" word="bij"/>
        <node begin="5" cat="np" end="12" id="9" rel="obj1">
          <node begin="5" end="6" frame="determiner(een)" his="normal" his_1="normal" id="10" infl="een" lcat="detp" lemma="een" lwtype="onbep" naamval="stan" npagr="agr" pos="det" postag="LID(onbep,stan,agr)" pt="lid" rel="det" root="een" sense="een" word="een"/>
          <node begin="6" end="7" frame="noun(de,count,sg)" gen="de" genus="zijd" getal="ev" graad="basis" his="normal" his_1="normal" id="11" lcat="np" lemma="kok" naamval="stan" ntype="soort" num="sg" pos="noun" postag="N(soort,ev,basis,zijd,stan)" pt="n" rel="hd" rnum="sg" root="kok" sense="kok" word="kok"/>
          <node begin="7" cat="rel" end="12" id="12" rel="mod">
            <node begin="7" case="no_obl" end="8" frame="rel_pronoun(de,no_obl)" gen="de" getal="getal" his="normal" his_1="normal" id="13" index="1" lcat="np" lemma="die" naamval="stan" pdtype="pron" persoon="persoon" pos="pron" postag="VNW(betr,pron,stan,vol,persoon,getal)" pt="vnw" rel="rhd" rnum="sg" root="die" sense="die" status="vol" vwtype="betr" wh="rel" word="die"/>
            <node begin="7" cat="ssub" end="12" id="14" rel="body">
              <node begin="7" end="8" id="15" index="1" rel="su"/>
              <node begin="8" end="9" frame="noun(de,count,pl)" gen="de" getal="mv" graad="basis" his="normal" his_1="normal" id="16" lcat="np" lemma="paprika" ntype="soort" num="pl" pos="noun" postag="N(soort,mv,basis)" pt="n" rel="obj1" rnum="pl" root="paprika" sense="paprika" word="paprika&apos;s"/>
              <node begin="9" cat="pp" end="11" id="17" rel="ld">
                <node begin="9" end="10" frame="preposition(in,[])" his="normal" his_1="normal" id="18" lcat="pp" lemma="in" pos="prep" postag="VZ(init)" pt="vz" rel="hd" root="in" sense="in" vztype="init" word="in"/>
                <node begin="10" end="11" frame="noun(het,count,pl)" gen="het" getal="mv" graad="dim" his="normal" his_1="normal" id="19" lcat="np" lemma="reep" ntype="soort" num="pl" pos="noun" postag="N(soort,mv,dim)" pt="n" rel="obj1" rnum="pl" root="reep_DIM" sense="reep_DIM" word="reepjes"/>
              </node>
              <node begin="11" end="12" frame="verb(hebben,sg3,np_ld_pp)" his="normal" his_1="normal" id="20" infl="sg3" lcat="ssub" lemma="snijden" pos="verb" postag="WW(pv,tgw,met-t)" pt="ww" pvagr="met-t" pvtijd="tgw" rel="hd" root="snijd" sc="np_ld_pp" sense="snijd" tense="present" word="snijdt" wvorm="pv"/>
            </node>
          </node>
        </node>
      </node>
    </node>
  </node>
  <sentence sentid="1149">Er rinkelen wat belletjes bij een kok die paprika&apos;s in reepjes snijdt</sentence>
  <comments>
    <comment>Q#1149|Er rinkelen wat belletjes bij een kok die paprika&apos;s in reepjes snijdt|1|1|-14.409124914400003</comment>
  </comments>
</alpino_ds>
