<?xml version="1.0" encoding="UTF-8"?>
<alpino_ds version="1.6">
  <parser build="Alpino-x86_64-linux-glibc2.5-git233-sicstus" date="2021-02-02T15:58" cats="1" skips="0" />
  <node begin="0" cat="top" end="8" id="0" rel="top">
    <node begin="0" cat="smain" end="8" id="1" rel="--">
      <node begin="0" cat="np" end="4" id="2" rel="su">
        <node begin="0" end="1" frame="determiner(een)" his="normal" his_1="decap" his_1_1="normal" id="3" infl="een" lcat="detp" lemma="een" lwtype="onbep" naamval="stan" npagr="agr" pos="det" postag="LID(onbep,stan,agr)" pt="lid" rel="det" root="een" sense="een" word="Een"/>
        <node aform="base" begin="1" buiging="met-e" end="2" frame="adjective(e)" graad="basis" his="normal" his_1="normal" id="4" infl="e" lcat="ap" lemma="groot" naamval="stan" pos="adj" positie="prenom" postag="ADJ(prenom,basis,met-e,stan)" pt="adj" rel="mod" root="groot" sense="groot" vform="adj" word="grote"/>
        <node begin="2" end="3" frame="noun(de,count,sg,measure)" gen="de" genus="zijd" getal="ev" graad="basis" his="normal" his_1="normal" id="5" lcat="np" lemma="groep" naamval="stan" ntype="soort" num="sg" pos="noun" postag="N(soort,ev,basis,zijd,stan)" pt="n" rel="hd" rnum="sg" root="groep" sc="measure" sense="groep" word="groep"/>
        <node begin="3" end="4" frame="noun(de,count,pl)" gen="de" getal="mv" graad="basis" his="normal" his_1="normal" id="6" lcat="np" lemma="Aziaat" ntype="eigen" num="pl" pos="noun" postag="N(eigen,mv,basis)" pt="n" rel="mod" rnum="pl" root="Aziaat" sense="Aziaat" word="Aziaten"/>
      </node>
      <node begin="4" end="5" frame="verb(hebben,sg,intransitive)" his="normal" his_1="normal" id="7" infl="sg" lcat="smain" lemma="eten" pos="verb" postag="WW(pv,tgw,ev)" pt="ww" pvagr="ev" pvtijd="tgw" rel="hd" root="eet" sc="intransitive" sense="eet" stype="declarative" tense="present" word="eet" wvorm="pv"/>
      <node begin="5" cat="pp" end="8" id="8" rel="mod">
        <node begin="5" end="6" frame="preposition(in,[])" his="normal" his_1="normal" id="9" lcat="pp" lemma="in" pos="prep" postag="VZ(init)" pt="vz" rel="hd" root="in" sense="in" vztype="init" word="in"/>
        <node begin="6" cat="np" end="8" id="10" rel="obj1">
          <node begin="6" end="7" frame="determiner(een)" his="normal" his_1="normal" id="11" infl="een" lcat="detp" lemma="een" lwtype="onbep" naamval="stan" npagr="agr" pos="det" postag="LID(onbep,stan,agr)" pt="lid" rel="det" root="een" sense="een" word="een"/>
          <node begin="7" end="8" frame="noun(het,count,sg)" gen="het" genus="onz" getal="ev" graad="basis" his="normal" his_1="normal" id="12" lcat="np" lemma="restaurant" naamval="stan" ntype="soort" num="sg" pos="noun" postag="N(soort,ev,basis,onz,stan)" pt="n" rel="hd" rnum="sg" root="restaurant" sense="restaurant" word="restaurant"/>
        </node>
      </node>
    </node>
  </node>
  <sentence sentid="115">Een grote groep Aziaten eet in een restaurant</sentence>
  <comments>
    <comment>Q#115|Een grote groep Aziaten eet in een restaurant|1|1|-6.0458279494000005</comment>
  </comments>
</alpino_ds>
