<?xml version="1.0" encoding="UTF-8"?>
<alpino_ds version="1.6">
  <parser build="Alpino-x86_64-linux-glibc2.5-git233-sicstus" date="2021-02-02T16:08" cats="1" skips="0" />
  <node begin="0" cat="top" end="10" id="0" rel="top">
    <node begin="0" cat="whsub" end="10" id="1" rel="--">
      <node begin="0" case="both" def="indef" end="1" frame="pronoun(ywh,thi,sg,het,both,indef,nparg)" gen="het" getal="ev" his="normal" his_1="decap" his_1_1="normal" id="2" index="1" lcat="np" lemma="wat" naamval="stan" num="sg" pdtype="pron" per="thi" persoon="3o" pos="pron" postag="VNW(vb,pron,stan,vol,3o,ev)" pt="vnw" rel="whd" rnum="sg" root="wat" sense="wat" special="nparg" status="vol" vwtype="vb" wh="ywh" word="Wat"/>
      <node begin="0" cat="ssub" end="10" id="3" rel="body">
        <node begin="0" end="1" id="4" index="1" rel="su"/>
        <node begin="5" end="6" frame="verb(unacc,sg3,passive)" his="normal" his_1="normal" id="5" infl="sg3" lcat="ssub" lemma="worden" pos="verb" postag="WW(pv,tgw,met-t)" pt="ww" pvagr="met-t" pvtijd="tgw" rel="hd" root="word" sc="passive" sense="word" tense="present" word="wordt" wvorm="pv"/>
        <node begin="0" cat="ppart" end="10" id="6" rel="vc">
          <node begin="0" end="1" id="7" index="1" rel="obj1"/>
          <node begin="1" cat="pp" end="5" id="8" rel="mod">
            <node begin="1" end="2" frame="preposition(in,[])" his="normal" his_1="normal" id="9" lcat="pp" lemma="in" pos="prep" postag="VZ(init)" pt="vz" rel="hd" root="in" sense="in" vztype="init" word="in"/>
            <node begin="2" cat="np" end="5" id="10" rel="obj1">
              <node begin="2" end="3" frame="noun(het,count,pl,measure)" gen="het" getal="mv" graad="dim" his="normal" his_1="normal" id="11" lcat="np" lemma="schijf" ntype="soort" num="pl" pos="noun" postag="N(soort,mv,dim)" pt="n" rel="hd" rnum="pl" root="schijf_DIM" sc="measure" sense="schijf_DIM" word="schijfjes"/>
              <node begin="3" cat="np" end="5" id="12" rel="mod">
                <node aform="base" begin="3" buiging="zonder" end="4" frame="adjective(ge_both(padv))" his="normal" his_1="normal" id="13" infl="both" lcat="ppart" lemma="gesneden" pos="adj" positie="prenom" postag="WW(vd,prenom,zonder)" pt="ww" rel="mod" root="gesneden" sense="gesneden" vform="psp" word="gesneden" wvorm="vd"/>
                <node begin="4" end="5" frame="noun(both,both,both)" gen="both" genus="zijd" getal="ev" graad="basis" his="noun" id="14" lcat="np" lemma="tofu" naamval="stan" ntype="soort" num="both" pos="noun" postag="N(soort,ev,basis,zijd,stan)" pt="n" rel="hd" rnum="sg" root="tofu" sense="tofu" word="tofu"/>
              </node>
            </node>
          </node>
          <node begin="6" buiging="zonder" end="7" frame="verb(hebben,psp,transitive)" his="normal" his_1="normal" id="15" infl="psp" lcat="ppart" lemma="eten" pos="verb" positie="vrij" postag="WW(vd,vrij,zonder)" pt="ww" rel="hd" root="eet" sc="transitive" sense="eet" word="gegeten" wvorm="vd"/>
          <node begin="7" cat="pp" end="10" id="16" rel="mod">
            <node begin="7" end="8" frame="preposition(door,[heen])" his="normal" his_1="normal" id="17" lcat="pp" lemma="door" pos="prep" postag="VZ(init)" pt="vz" rel="hd" root="door" sense="door" vztype="init" word="door"/>
            <node begin="8" cat="np" end="10" id="18" rel="obj1">
              <node begin="8" end="9" frame="determiner(een)" his="normal" his_1="normal" id="19" infl="een" lcat="detp" lemma="een" lwtype="onbep" naamval="stan" npagr="agr" pos="det" postag="LID(onbep,stan,agr)" pt="lid" rel="det" root="een" sense="een" word="een"/>
              <node begin="9" end="10" frame="noun(de,count,sg)" gen="de" genus="zijd" getal="ev" graad="basis" his="normal" his_1="normal" id="20" lcat="np" lemma="vrouw" naamval="stan" ntype="soort" num="sg" pos="noun" postag="N(soort,ev,basis,zijd,stan)" pt="n" rel="hd" rnum="sg" root="vrouw" sense="vrouw" word="vrouw"/>
            </node>
          </node>
        </node>
      </node>
    </node>
  </node>
  <sentence sentid="1157">Wat in schijfjes gesneden tofu wordt gegeten door een vrouw</sentence>
  <comments>
    <comment>Q#1157|Wat in schijfjes gesneden tofu wordt gegeten door een vrouw|1|1|-4.4414765801</comment>
  </comments>
</alpino_ds>
