<?xml version="1.0" encoding="UTF-8"?>
<alpino_ds version="1.6">
  <parser build="Alpino-x86_64-linux-glibc2.5-git233-sicstus" date="2021-02-02T16:09" cats="1" skips="0" />
  <node begin="0" cat="top" end="14" id="0" rel="top">
    <node begin="2" end="3" frame="punct(komma)" his="normal" his_1="normal" id="1" lcat="punct" lemma="," pos="punct" postag="LET()" pt="let" rel="--" root="," sense="," special="komma" word=","/>
    <node begin="6" end="7" frame="punct(komma)" his="normal" his_1="normal" id="2" lcat="punct" lemma="," pos="punct" postag="LET()" pt="let" rel="--" root="," sense="," special="komma" word=","/>
    <node begin="0" cat="smain" end="14" id="3" rel="--">
      <node begin="0" cat="np" end="6" id="4" rel="su">
        <node begin="0" end="1" frame="determiner(het,nwh,nmod,pro,nparg,wkpro)" his="normal" his_1="decap" his_1_1="normal" id="5" infl="het" lcat="detp" lemma="het" lwtype="bep" naamval="stan" npagr="evon" pos="det" postag="LID(bep,stan,evon)" pt="lid" rel="det" root="het" sense="het" wh="nwh" word="Het"/>
        <node begin="1" end="2" frame="noun(het,count,sg)" gen="het" genus="onz" getal="ev" graad="dim" his="normal" his_1="normal" id="6" lcat="np" lemma="meisje" naamval="stan" ntype="soort" num="sg" pos="noun" postag="N(soort,ev,dim,onz,stan)" pt="n" rel="hd" rnum="sg" root="meisje" sense="meisje" word="meisje"/>
        <node begin="3" cat="rel" end="6" id="7" rel="mod">
          <node begin="3" case="no_obl" end="4" frame="rel_pronoun(het,no_obl)" gen="het" getal="ev" his="normal" his_1="normal" id="8" index="1" lcat="np" lemma="dat" naamval="stan" pdtype="pron" persoon="3" pos="pron" postag="VNW(betr,pron,stan,vol,3,ev)" pt="vnw" rel="rhd" rnum="sg" root="dat" sense="dat" status="vol" vwtype="betr" wh="rel" word="dat"/>
          <node begin="3" cat="ssub" end="6" id="9" rel="body">
            <node begin="3" end="4" id="10" index="1" rel="su"/>
            <node aform="base" begin="4" buiging="zonder" end="5" frame="adjective(no_e(adv))" graad="basis" his="normal" his_1="normal" id="11" infl="no_e" lcat="ap" lemma="klein" pos="adj" positie="vrij" postag="ADJ(vrij,basis,zonder)" pt="adj" rel="predc" root="klein" sense="klein" vform="adj" word="klein"/>
            <node begin="5" end="6" frame="verb(unacc,sg_heeft,copula)" his="normal" his_1="normal" id="12" infl="sg_heeft" lcat="ssub" lemma="zijn" pos="verb" postag="WW(pv,tgw,ev)" pt="ww" pvagr="ev" pvtijd="tgw" rel="hd" root="ben" sc="copula" sense="ben" tense="present" word="is" wvorm="pv"/>
          </node>
        </node>
      </node>
      <node begin="7" end="8" frame="verb(hebben,sg3,transitive)" his="normal" his_1="normal" id="13" infl="sg3" lcat="smain" lemma="kammen" pos="verb" postag="WW(pv,tgw,met-t)" pt="ww" pvagr="met-t" pvtijd="tgw" rel="hd" root="kam" sc="transitive" sense="kam" stype="declarative" tense="present" word="kamt" wvorm="pv"/>
      <node begin="8" cat="np" end="10" id="14" rel="obj1">
        <node begin="8" buiging="zonder" end="9" frame="determiner(pron)" getal="ev" his="normal" his_1="normal" id="15" infl="pron" lcat="detp" lemma="haar" naamval="stan" npagr="agr" pdtype="det" persoon="3" pos="det" positie="prenom" postag="VNW(bez,det,stan,vol,3,ev,prenom,zonder,agr)" pron="true" pt="vnw" rel="det" root="haar" sense="haar" status="vol" vwtype="bez" word="haar"/>
        <node begin="9" end="10" frame="noun(het,mass,sg)" gen="het" genus="onz" getal="ev" graad="basis" his="normal" his_1="normal" id="16" lcat="np" lemma="haar" naamval="stan" ntype="soort" num="sg" pos="noun" postag="N(soort,ev,basis,onz,stan)" pt="n" rel="hd" rnum="sg" root="haar" sense="haar" word="haar"/>
      </node>
      <node aform="base" begin="10" buiging="zonder" end="11" frame="adjective(no_e(adv))" graad="basis" his="normal" his_1="normal" id="17" infl="no_e" lcat="ap" lemma="voorzichtig" pos="adj" positie="vrij" postag="ADJ(vrij,basis,zonder)" pt="adj" rel="mod" root="voorzichtig" sense="voorzichtig" vform="adj" word="voorzichtig"/>
      <node begin="11" cat="pp" end="14" id="18" rel="mod">
        <node begin="11" end="12" frame="preposition(in,[])" his="normal" his_1="normal" id="19" lcat="pp" lemma="in" pos="prep" postag="VZ(init)" pt="vz" rel="hd" root="in" sense="in" vztype="init" word="in"/>
        <node begin="12" cat="np" end="14" id="20" rel="obj1">
          <node begin="12" end="13" frame="determiner(een)" his="normal" his_1="normal" id="21" infl="een" lcat="detp" lemma="een" lwtype="onbep" naamval="stan" npagr="agr" pos="det" postag="LID(onbep,stan,agr)" pt="lid" rel="det" root="een" sense="een" word="een"/>
          <node begin="13" end="14" frame="noun(de,count,sg)" gen="de" genus="zijd" getal="ev" graad="basis" his="normal" his_1="normal" id="22" lcat="np" lemma="paard_staart" naamval="stan" ntype="soort" num="sg" pos="noun" postag="N(soort,ev,basis,zijd,stan)" pt="n" rel="hd" rnum="sg" root="paard_staart" sense="paard_staart" word="paardenstaart"/>
        </node>
      </node>
    </node>
  </node>
  <sentence sentid="1158">Het meisje , dat klein is , kamt haar haar voorzichtig in een paardenstaart</sentence>
  <comments>
    <comment>Q#1158|Het meisje , dat klein is , kamt haar haar voorzichtig in een paardenstaart|1|1|-7.2565463195</comment>
  </comments>
</alpino_ds>
