<?xml version="1.0" encoding="UTF-8"?>
<alpino_ds version="1.6">
  <parser build="Alpino-x86_64-linux-glibc2.5-git233-sicstus" date="2021-02-02T16:09" cats="1" skips="0" />
  <node begin="0" cat="top" end="12" id="0" rel="top">
    <node begin="0" cat="smain" end="12" id="1" rel="--">
      <node begin="0" cat="np" end="2" id="2" rel="su">
        <node begin="0" end="1" frame="determiner(een)" his="normal" his_1="decap" his_1_1="normal" id="3" infl="een" lcat="detp" lemma="een" lwtype="onbep" naamval="stan" npagr="agr" pos="det" postag="LID(onbep,stan,agr)" pt="lid" rel="det" root="een" sense="een" word="Een"/>
        <node begin="1" end="2" frame="noun(het,count,sg)" gen="het" genus="onz" getal="ev" graad="dim" his="normal" his_1="normal" id="4" lcat="np" lemma="meisje" naamval="stan" ntype="soort" num="sg" pos="noun" postag="N(soort,ev,dim,onz,stan)" pt="n" rel="hd" rnum="sg" root="meisje" sense="meisje" word="meisje"/>
      </node>
      <node begin="2" end="3" frame="verb(hebben,sg3,transitive)" his="normal" his_1="normal" id="5" infl="sg3" lcat="smain" lemma="kammen" pos="verb" postag="WW(pv,tgw,met-t)" pt="ww" pvagr="met-t" pvtijd="tgw" rel="hd" root="kam" sc="transitive" sense="kam" stype="declarative" tense="present" word="kamt" wvorm="pv"/>
      <node begin="3" cat="np" end="12" id="6" rel="obj1">
        <node begin="3" end="4" frame="determiner(het,nwh,nmod,pro,nparg,wkpro)" his="normal" his_1="normal" id="7" infl="het" lcat="detp" lemma="het" lwtype="bep" naamval="stan" npagr="evon" pos="det" postag="LID(bep,stan,evon)" pt="lid" rel="det" root="het" sense="het" wh="nwh" word="het"/>
        <node begin="4" end="5" frame="noun(het,mass,sg)" gen="het" genus="onz" getal="ev" graad="basis" his="normal" his_1="normal" id="8" lcat="np" lemma="haar" naamval="stan" ntype="soort" num="sg" pos="noun" postag="N(soort,ev,basis,onz,stan)" pt="n" rel="hd" rnum="sg" root="haar" sense="haar" word="haar"/>
        <node begin="5" cat="pp" end="12" id="9" rel="mod">
          <node begin="5" end="6" frame="preposition(van,[af,uit,vandaan,[af,aan]])" his="normal" his_1="normal" id="10" lcat="pp" lemma="van" pos="prep" postag="VZ(init)" pt="vz" rel="hd" root="van" sense="van" vztype="init" word="van"/>
          <node begin="6" cat="np" end="12" id="11" rel="obj1">
            <node begin="6" end="7" frame="determiner(de)" his="normal" his_1="normal" id="12" infl="de" lcat="detp" lemma="de" lwtype="bep" naamval="stan" npagr="rest" pos="det" postag="LID(bep,stan,rest)" pt="lid" rel="det" root="de" sense="de" word="de"/>
            <node begin="7" end="8" frame="noun(de,count,sg)" gen="de" genus="zijd" getal="ev" graad="basis" his="normal" his_1="normal" id="13" lcat="np" lemma="staart" naamval="stan" ntype="soort" num="sg" pos="noun" postag="N(soort,ev,basis,zijd,stan)" pt="n" rel="hd" rnum="sg" root="staart" sense="staart" word="staart"/>
            <node begin="8" cat="pp" end="12" id="14" rel="mod">
              <node begin="8" end="9" frame="preposition(van,[af,uit,vandaan,[af,aan]])" his="normal" his_1="normal" id="15" lcat="pp" lemma="van" pos="prep" postag="VZ(init)" pt="vz" rel="hd" root="van" sense="van" vztype="init" word="van"/>
              <node begin="9" cat="np" end="12" id="16" rel="obj1">
                <node begin="9" end="10" frame="determiner(een)" his="normal" his_1="normal" id="17" infl="een" lcat="detp" lemma="een" lwtype="onbep" naamval="stan" npagr="agr" pos="det" postag="LID(onbep,stan,agr)" pt="lid" rel="det" root="een" sense="een" word="een"/>
                <node aform="base" begin="10" buiging="met-e" end="11" frame="adjective(e)" graad="basis" his="normal" his_1="normal" id="18" infl="e" lcat="ap" lemma="klein" naamval="stan" pos="adj" positie="prenom" postag="ADJ(prenom,basis,met-e,stan)" pt="adj" rel="mod" root="klein" sense="klein" vform="adj" word="kleine"/>
                <node begin="11" end="12" frame="noun(de,both,sg)" gen="de" genus="zijd" getal="ev" graad="basis" his="normal" his_1="normal" id="19" lcat="np" lemma="pony" naamval="stan" ntype="soort" num="sg" pos="noun" postag="N(soort,ev,basis,zijd,stan)" pt="n" rel="hd" rnum="sg" root="pony" sense="pony" word="pony"/>
              </node>
            </node>
          </node>
        </node>
      </node>
    </node>
  </node>
  <sentence sentid="1161">Een meisje kamt het haar van de staart van een kleine pony</sentence>
  <comments>
    <comment>Q#1161|Een meisje kamt het haar van de staart van een kleine pony|1|1|-4.806688879299998</comment>
  </comments>
</alpino_ds>
