<?xml version="1.0" encoding="UTF-8"?>
<alpino_ds version="1.6">
  <parser build="Alpino-x86_64-linux-glibc2.5-git233-sicstus" date="2021-02-02T16:09" cats="1" skips="0" />
  <node begin="0" cat="top" end="9" id="0" rel="top">
    <node begin="0" cat="smain" end="9" id="1" rel="--">
      <node begin="0" cat="np" end="2" id="2" rel="su">
        <node begin="0" end="1" frame="determiner(de)" his="normal" his_1="decap" his_1_1="normal" id="3" infl="de" lcat="detp" lemma="de" lwtype="bep" naamval="stan" npagr="rest" pos="det" postag="LID(bep,stan,rest)" pt="lid" rel="det" root="de" sense="de" word="De"/>
        <node begin="1" end="2" frame="noun(de,count,bare_meas)" gen="de" genus="zijd" getal="ev" graad="basis" his="normal" his_1="normal" id="4" lcat="np" lemma="man" naamval="stan" ntype="soort" num="bare_meas" pos="noun" postag="N(soort,ev,basis,zijd,stan)" pt="n" rel="hd" rnum="sg" root="man" sense="man" word="man"/>
      </node>
      <node begin="2" end="3" frame="verb(hebben,sg3,np_ld_pp)" his="normal" his_1="normal" id="5" infl="sg3" lcat="smain" lemma="smeren" pos="verb" postag="WW(pv,tgw,met-t)" pt="ww" pvagr="met-t" pvtijd="tgw" rel="hd" root="smeer" sc="np_ld_pp" sense="smeer" stype="declarative" tense="present" word="smeert" wvorm="pv"/>
      <node begin="3" cat="np" end="5" id="6" rel="obj1">
        <node aform="base" begin="3" buiging="zonder" end="4" frame="adjective(no_e(adv))" graad="basis" his="normal" his_1="normal" id="7" infl="no_e" lcat="ap" lemma="onzorgvuldig" pos="adj" positie="prenom" postag="ADJ(prenom,basis,zonder)" pt="adj" rel="mod" root="onzorgvuldig" sense="onzorgvuldig" vform="adj" word="onzorgvuldig"/>
        <node begin="4" end="5" frame="noun(de,mass,sg)" gen="de" genus="zijd" getal="ev" graad="basis" his="normal" his_1="normal" id="8" lcat="np" lemma="boter" naamval="stan" ntype="soort" num="sg" pos="noun" postag="N(soort,ev,basis,zijd,stan)" pt="n" rel="hd" rnum="sg" root="boter" sense="boter" word="boter"/>
      </node>
      <node begin="5" cat="pp" end="9" id="9" rel="ld">
        <node begin="5" end="6" frame="preposition(op,[af,na])" his="normal" his_1="normal" id="10" lcat="pp" lemma="op" pos="prep" postag="VZ(init)" pt="vz" rel="hd" root="op" sense="op" vztype="init" word="op"/>
        <node begin="6" cat="np" end="9" id="11" rel="obj1">
          <node begin="6" end="7" frame="determiner(een)" his="normal" his_1="normal" id="12" infl="een" lcat="detp" lemma="een" lwtype="onbep" naamval="stan" npagr="agr" pos="det" postag="LID(onbep,stan,agr)" pt="lid" rel="det" root="een" sense="een" word="een"/>
          <node begin="7" end="8" frame="noun(het,count,sg,measure)" gen="het" genus="onz" getal="ev" graad="dim" his="normal" his_1="normal" id="13" lcat="np" lemma="snee" naamval="stan" ntype="soort" num="sg" pos="noun" postag="N(soort,ev,dim,onz,stan)" pt="n" rel="hd" rnum="sg" root="snee_DIM" sc="measure" sense="snee_DIM" word="sneetje"/>
          <node begin="8" end="9" frame="noun(het,count,sg)" gen="het" genus="onz" getal="ev" graad="basis" his="compound" his_1="2" id="14" lcat="np" lemma="knoflook_brood" naamval="stan" ntype="soort" num="sg" pos="noun" postag="N(soort,ev,basis,onz,stan)" pt="n" rel="mod" rnum="sg" root="knoflook_brood" sense="knoflook_brood" word="knoflookbrood"/>
        </node>
      </node>
    </node>
  </node>
  <sentence sentid="1166">De man smeert onzorgvuldig boter op een sneetje knoflookbrood</sentence>
  <comments>
    <comment>Q#1166|De man smeert onzorgvuldig boter op een sneetje knoflookbrood|1|1|-3.0683484153</comment>
  </comments>
</alpino_ds>
