<?xml version="1.0" encoding="UTF-8"?>
<alpino_ds version="1.6">
  <parser build="Alpino-x86_64-linux-glibc2.5-git233-sicstus" date="2021-02-02T16:09" cats="1" skips="0" />
  <node begin="0" cat="top" end="31" id="0" rel="top">
    <node begin="3" end="4" frame="punct(komma)" his="normal" his_1="normal" id="1" lcat="punct" lemma="," pos="punct" postag="LET()" pt="let" rel="--" root="," sense="," special="komma" word=","/>
    <node begin="7" end="8" frame="punct(komma)" his="normal" his_1="normal" id="2" lcat="punct" lemma="," pos="punct" postag="LET()" pt="let" rel="--" root="," sense="," special="komma" word=","/>
    <node begin="19" end="20" frame="punct(komma)" his="normal" his_1="normal" id="3" lcat="punct" lemma="," pos="punct" postag="LET()" pt="let" rel="--" root="," sense="," special="komma" word=","/>
    <node begin="23" end="24" frame="punct(komma)" his="normal" his_1="normal" id="4" lcat="punct" lemma="," pos="punct" postag="LET()" pt="let" rel="--" root="," sense="," special="komma" word=","/>
    <node begin="0" cat="conj" end="31" id="5" rel="--">
      <node begin="0" cat="smain" end="15" id="6" rel="cnj">
        <node begin="0" cat="np" end="7" id="7" index="1" rel="su">
          <node begin="0" end="1" frame="determiner(een)" his="normal" his_1="decap" his_1_1="normal" id="8" infl="een" lcat="detp" lemma="een" lwtype="onbep" naamval="stan" npagr="agr" pos="det" postag="LID(onbep,stan,agr)" pt="lid" rel="det" root="een" sense="een" word="Een"/>
          <node begin="1" end="2" frame="meas_mod_noun(het,count,sg,measure)" gen="het" genus="onz" getal="ev" graad="basis" his="normal" his_1="normal" id="9" lcat="np" lemma="stuk" naamval="stan" ntype="soort" num="sg" pos="noun" postag="N(soort,ev,basis,onz,stan)" pt="n" rel="hd" rnum="sg" root="stuk" sc="measure" sense="stuk" special="meas_mod" word="stuk"/>
          <node begin="2" end="3" frame="noun(het,count,sg)" gen="het" genus="onz" getal="ev" graad="basis" his="normal" his_1="normal" id="10" lcat="np" lemma="brood" naamval="stan" ntype="soort" num="sg" pos="noun" postag="N(soort,ev,basis,onz,stan)" pt="n" rel="mod" rnum="sg" root="brood" sense="brood" word="brood"/>
          <node begin="4" cat="rel" end="7" id="11" rel="mod">
            <node begin="4" case="no_obl" end="5" frame="rel_pronoun(het,no_obl)" gen="het" getal="ev" his="normal" his_1="normal" id="12" index="2" lcat="np" lemma="dat" naamval="stan" pdtype="pron" persoon="3" pos="pron" postag="VNW(betr,pron,stan,vol,3,ev)" pt="vnw" rel="rhd" rnum="sg" root="dat" sense="dat" status="vol" vwtype="betr" wh="rel" word="dat"/>
            <node begin="4" cat="ssub" end="7" id="13" rel="body">
              <node begin="4" end="5" id="14" index="2" rel="su"/>
              <node aform="base" begin="5" buiging="zonder" end="6" frame="adjective(no_e(adv))" graad="basis" his="normal" his_1="normal" id="15" infl="no_e" lcat="ap" lemma="groot" pos="adj" positie="vrij" postag="ADJ(vrij,basis,zonder)" pt="adj" rel="predc" root="groot" sense="groot" vform="adj" word="groot"/>
              <node begin="6" end="7" frame="verb(unacc,sg_heeft,copula)" his="normal" his_1="normal" id="16" infl="sg_heeft" lcat="ssub" lemma="zijn" pos="verb" postag="WW(pv,tgw,ev)" pt="ww" pvagr="ev" pvtijd="tgw" rel="hd" root="ben" sc="copula" sense="ben" tense="present" word="is" wvorm="pv"/>
            </node>
          </node>
        </node>
        <node begin="8" end="9" frame="verb(unacc,sg3,passive)" his="normal" his_1="normal" id="17" infl="sg3" lcat="smain" lemma="worden" pos="verb" postag="WW(pv,tgw,met-t)" pt="ww" pvagr="met-t" pvtijd="tgw" rel="hd" root="word" sc="passive" sense="word" stype="declarative" tense="present" word="wordt" wvorm="pv"/>
        <node begin="0" cat="ppart" end="15" id="18" rel="vc">
          <node begin="0" end="7" id="19" index="1" rel="obj1"/>
          <node begin="9" cat="pp" end="11" id="20" rel="pc">
            <node begin="9" end="10" frame="preposition(met,[mee,[en,al]])" his="normal" his_1="normal" id="21" lcat="pp" lemma="met" pos="prep" postag="VZ(init)" pt="vz" rel="hd" root="met" sense="met" vztype="init" word="met"/>
            <node begin="10" end="11" frame="noun(de,mass,sg)" gen="de" genus="zijd" getal="ev" graad="basis" his="normal" his_1="normal" id="22" lcat="np" lemma="boter" naamval="stan" ntype="soort" num="sg" pos="noun" postag="N(soort,ev,basis,zijd,stan)" pt="n" rel="obj1" rnum="sg" root="boter" sense="boter" word="boter"/>
          </node>
          <node begin="11" buiging="zonder" end="12" frame="verb(hebben,psp,np_pc_pp(met))" his="normal" his_1="normal" id="23" infl="psp" lcat="ppart" lemma="besmeren" pos="verb" positie="vrij" postag="WW(vd,vrij,zonder)" pt="ww" rel="hd" root="besmeer" sc="np_pc_pp(met)" sense="besmeer-met" word="besmeerd" wvorm="vd"/>
          <node begin="12" cat="pp" end="15" id="24" rel="mod">
            <node begin="12" end="13" frame="preposition(door,[heen])" his="normal" his_1="normal" id="25" lcat="pp" lemma="door" pos="prep" postag="VZ(init)" pt="vz" rel="hd" root="door" sense="door" vztype="init" word="door"/>
            <node begin="13" cat="np" end="15" id="26" rel="obj1">
              <node begin="13" end="14" frame="determiner(een)" his="normal" his_1="normal" id="27" infl="een" lcat="detp" lemma="een" lwtype="onbep" naamval="stan" npagr="agr" pos="det" postag="LID(onbep,stan,agr)" pt="lid" rel="det" root="een" sense="een" word="een"/>
              <node begin="14" end="15" frame="noun(de,count,bare_meas)" gen="de" genus="zijd" getal="ev" graad="basis" his="normal" his_1="normal" id="28" lcat="np" lemma="man" naamval="stan" ntype="soort" num="bare_meas" pos="noun" postag="N(soort,ev,basis,zijd,stan)" pt="n" rel="hd" rnum="sg" root="man" sense="man" word="man"/>
            </node>
          </node>
        </node>
      </node>
      <node begin="15" conjtype="neven" end="16" frame="conj(of)" his="special" his_1="decap" his_1_1="normal" id="29" lcat="vg" lemma="of" pos="vg" postag="VG(neven)" pt="vg" rel="crd" root="of" sense="of" word="OF"/>
      <node begin="16" cat="smain" end="31" id="30" rel="cnj">
        <node begin="16" cat="np" end="23" id="31" index="3" rel="su">
          <node begin="16" end="17" frame="determiner(een)" his="normal" his_1="decap" his_1_1="normal" id="32" infl="een" lcat="detp" lemma="een" lwtype="onbep" naamval="stan" npagr="agr" pos="det" postag="LID(onbep,stan,agr)" pt="lid" rel="det" root="een" sense="een" word="Een"/>
          <node begin="17" end="18" frame="meas_mod_noun(het,count,sg,measure)" gen="het" genus="onz" getal="ev" graad="basis" his="normal" his_1="normal" id="33" lcat="np" lemma="stuk" naamval="stan" ntype="soort" num="sg" pos="noun" postag="N(soort,ev,basis,onz,stan)" pt="n" rel="hd" rnum="sg" root="stuk" sc="measure" sense="stuk" special="meas_mod" word="stuk"/>
          <node begin="18" end="19" frame="noun(het,count,sg)" gen="het" genus="onz" getal="ev" graad="basis" his="normal" his_1="normal" id="34" lcat="np" lemma="brood" naamval="stan" ntype="soort" num="sg" pos="noun" postag="N(soort,ev,basis,onz,stan)" pt="n" rel="mod" rnum="sg" root="brood" sense="brood" word="brood"/>
          <node begin="20" cat="rel" end="23" id="35" rel="mod">
            <node begin="20" case="no_obl" end="21" frame="rel_pronoun(het,no_obl)" gen="het" getal="ev" his="normal" his_1="normal" id="36" index="4" lcat="np" lemma="dat" naamval="stan" pdtype="pron" persoon="3" pos="pron" postag="VNW(betr,pron,stan,vol,3,ev)" pt="vnw" rel="rhd" rnum="sg" root="dat" sense="dat" status="vol" vwtype="betr" wh="rel" word="dat"/>
            <node begin="20" cat="ssub" end="23" id="37" rel="body">
              <node begin="20" end="21" id="38" index="4" rel="su"/>
              <node aform="base" begin="21" buiging="zonder" end="22" frame="adjective(no_e(adv))" graad="basis" his="normal" his_1="normal" id="39" infl="no_e" lcat="ap" lemma="groot" pos="adj" positie="vrij" postag="ADJ(vrij,basis,zonder)" pt="adj" rel="predc" root="groot" sense="groot" vform="adj" word="groot"/>
              <node begin="22" end="23" frame="verb(unacc,sg_heeft,copula)" his="normal" his_1="normal" id="40" infl="sg_heeft" lcat="ssub" lemma="zijn" pos="verb" postag="WW(pv,tgw,ev)" pt="ww" pvagr="ev" pvtijd="tgw" rel="hd" root="ben" sc="copula" sense="ben" tense="present" word="is" wvorm="pv"/>
            </node>
          </node>
        </node>
        <node begin="24" end="25" frame="verb(unacc,sg3,passive)" his="normal" his_1="normal" id="41" infl="sg3" lcat="smain" lemma="worden" pos="verb" postag="WW(pv,tgw,met-t)" pt="ww" pvagr="met-t" pvtijd="tgw" rel="hd" root="word" sc="passive" sense="word" stype="declarative" tense="present" word="wordt" wvorm="pv"/>
        <node begin="16" cat="ppart" end="31" id="42" rel="vc">
          <node begin="16" end="23" id="43" index="3" rel="obj1"/>
          <node begin="25" cat="pp" end="27" id="44" rel="pc">
            <node begin="25" end="26" frame="preposition(met,[mee,[en,al]])" his="normal" his_1="normal" id="45" lcat="pp" lemma="met" pos="prep" postag="VZ(init)" pt="vz" rel="hd" root="met" sense="met" vztype="init" word="met"/>
            <node begin="26" end="27" frame="noun(de,mass,sg)" gen="de" genus="zijd" getal="ev" graad="basis" his="normal" his_1="normal" id="46" lcat="np" lemma="boter" naamval="stan" ntype="soort" num="sg" pos="noun" postag="N(soort,ev,basis,zijd,stan)" pt="n" rel="obj1" rnum="sg" root="boter" sense="boter" word="boter"/>
          </node>
          <node begin="27" buiging="zonder" end="28" frame="verb(hebben,psp,np_pc_pp(met))" his="normal" his_1="normal" id="47" infl="psp" lcat="ppart" lemma="besmeren" pos="verb" positie="vrij" postag="WW(vd,vrij,zonder)" pt="ww" rel="hd" root="besmeer" sc="np_pc_pp(met)" sense="besmeer-met" word="besmeerd" wvorm="vd"/>
          <node begin="28" cat="pp" end="31" id="48" rel="mod">
            <node begin="28" end="29" frame="preposition(door,[heen])" his="normal" his_1="normal" id="49" lcat="pp" lemma="door" pos="prep" postag="VZ(init)" pt="vz" rel="hd" root="door" sense="door" vztype="init" word="door"/>
            <node begin="29" cat="np" end="31" id="50" rel="obj1">
              <node begin="29" end="30" frame="determiner(een)" his="normal" his_1="normal" id="51" infl="een" lcat="detp" lemma="een" lwtype="onbep" naamval="stan" npagr="agr" pos="det" postag="LID(onbep,stan,agr)" pt="lid" rel="det" root="een" sense="een" word="een"/>
              <node begin="30" end="31" frame="noun(de,count,bare_meas)" gen="de" genus="zijd" getal="ev" graad="basis" his="normal" his_1="normal" id="52" lcat="np" lemma="man" naamval="stan" ntype="soort" num="bare_meas" pos="noun" postag="N(soort,ev,basis,zijd,stan)" pt="n" rel="hd" rnum="sg" root="man" sense="man" word="man"/>
            </node>
          </node>
        </node>
      </node>
    </node>
  </node>
  <sentence sentid="1169">Een stuk brood , dat groot is , wordt met boter besmeerd door een man OF Een stuk brood , dat groot is , wordt met boter besmeerd door een man</sentence>
  <comments>
    <comment>Q#1169|Een stuk brood , dat groot is , wordt met boter besmeerd door een man OF Een stuk brood , dat groot is , wordt met boter besmeerd door een man|1|1|-26.53305173810004</comment>
  </comments>
</alpino_ds>
