<?xml version="1.0" encoding="UTF-8"?>
<alpino_ds version="1.6">
  <parser build="Alpino-x86_64-linux-glibc2.5-git233-sicstus" date="2021-02-02T15:58" cats="1" skips="0" />
  <node begin="0" cat="top" end="14" id="0" rel="top">
    <node begin="0" cat="smain" end="14" id="1" rel="--">
      <node begin="0" cat="np" end="4" id="2" index="1" rel="su">
        <node begin="0" end="1" frame="determiner(een)" his="normal" his_1="decap" his_1_1="normal" id="3" infl="een" lcat="detp" lemma="een" lwtype="onbep" naamval="stan" npagr="agr" pos="det" postag="LID(onbep,stan,agr)" pt="lid" rel="det" root="een" sense="een" word="Een"/>
        <node aform="base" begin="1" buiging="met-e" end="2" frame="adjective(e)" graad="basis" his="normal" his_1="normal" id="4" infl="e" lcat="ap" lemma="klein" naamval="stan" pos="adj" positie="prenom" postag="ADJ(prenom,basis,met-e,stan)" pt="adj" rel="mod" root="klein" sense="klein" vform="adj" word="kleine"/>
        <node begin="2" end="3" frame="noun(de,count,sg,measure)" gen="de" genus="zijd" getal="ev" graad="basis" his="normal" his_1="normal" id="5" lcat="np" lemma="groep" naamval="stan" ntype="soort" num="sg" pos="noun" postag="N(soort,ev,basis,zijd,stan)" pt="n" rel="hd" rnum="sg" root="groep" sc="measure" sense="groep" word="groep"/>
        <node begin="3" end="4" frame="noun(both,count,pl)" gen="both" getal="mv" graad="basis" his="normal" his_1="normal" id="6" lcat="np" lemma="mens" ntype="soort" num="pl" pos="noun" postag="N(soort,mv,basis)" pt="n" rel="mod" rnum="pl" root="mens" sense="mens" word="mensen"/>
      </node>
      <node begin="4" end="5" frame="verb(unacc,sg_heeft,aan_het)" his="normal" his_1="normal" id="7" infl="sg_heeft" lcat="smain" lemma="zijn" pos="verb" postag="WW(pv,tgw,ev)" pt="ww" pvagr="ev" pvtijd="tgw" rel="hd" root="ben" sc="aan_het" sense="ben-aan_het" stype="declarative" tense="present" word="is" wvorm="pv"/>
      <node begin="0" cat="ahi" end="14" id="8" rel="vc">
        <node begin="5" cat="mwu" end="7" his="normal" his_1="normal" id="9" mwu_root="aan het" mwu_sense="aan het" rel="cmp">
          <node begin="5" end="6" frame="complementizer(aan_het)" id="10" lcat="ahi" lemma="aan" pos="comp" postag="VZ(init)" pt="vz" rel="mwp" root="aan" sc="aan_het" sense="aan" vztype="init" word="aan"/>
          <node begin="6" end="7" frame="complementizer(aan_het)" id="11" lcat="ahi" lemma="het" lwtype="bep" naamval="stan" npagr="evon" pos="comp" postag="LID(bep,stan,evon)" pt="lid" rel="mwp" root="het" sc="aan_het" sense="het" word="het"/>
        </node>
        <node begin="0" cat="inf" end="14" id="12" rel="body">
          <node begin="0" end="4" id="13" index="1" rel="su"/>
          <node begin="7" buiging="zonder" end="8" frame="verb(hebben,inf,vp)" his="normal" his_1="normal" id="14" infl="inf" lcat="inf" lemma="wachten" pos="verb" positie="vrij" postag="WW(inf,vrij,zonder)" pt="ww" rel="hd" root="wacht" sc="vp" sense="wacht" word="wachten" wvorm="inf"/>
          <node begin="0" cat="oti" end="14" id="15" rel="vc">
            <node begin="8" end="9" frame="complementizer(om)" his="normal" his_1="normal" id="16" lcat="oti" lemma="om" pos="comp" postag="VZ(init)" pt="vz" rel="cmp" root="om" sc="om" sense="om" vztype="init" word="om"/>
            <node begin="0" cat="ti" end="14" id="17" rel="body">
              <node begin="12" end="13" frame="complementizer(te)" his="normal" his_1="normal" id="18" lcat="ti" lemma="te" pos="comp" postag="VZ(init)" pt="vz" rel="cmp" root="te" sc="te" sense="te" vztype="init" word="te"/>
              <node begin="0" cat="inf" end="14" id="19" rel="body">
                <node begin="0" end="4" id="20" index="1" rel="su"/>
                <node begin="9" cat="pp" end="12" id="21" rel="mod">
                  <node begin="9" end="10" frame="preposition(in,[])" his="normal" his_1="normal" id="22" lcat="pp" lemma="in" pos="prep" postag="VZ(init)" pt="vz" rel="hd" root="in" sense="in" vztype="init" word="in"/>
                  <node begin="10" cat="np" end="12" id="23" rel="obj1">
                    <node begin="10" end="11" frame="determiner(een)" his="normal" his_1="normal" id="24" infl="een" lcat="detp" lemma="een" lwtype="onbep" naamval="stan" npagr="agr" pos="det" postag="LID(onbep,stan,agr)" pt="lid" rel="det" root="een" sense="een" word="een"/>
                    <node begin="11" end="12" frame="noun(het,count,sg)" gen="het" genus="onz" getal="ev" graad="basis" his="normal" his_1="normal" id="25" lcat="np" lemma="restaurant" naamval="stan" ntype="soort" num="sg" pos="noun" postag="N(soort,ev,basis,onz,stan)" pt="n" rel="hd" rnum="sg" root="restaurant" sense="restaurant" word="restaurant"/>
                  </node>
                </node>
                <node begin="13" buiging="zonder" end="14" frame="verb(hebben,inf,intransitive)" his="normal" his_1="normal" id="26" infl="inf" lcat="inf" lemma="eten" pos="verb" positie="vrij" postag="WW(inf,vrij,zonder)" pt="ww" rel="hd" root="eet" sc="intransitive" sense="eet" word="eten" wvorm="inf"/>
              </node>
            </node>
          </node>
        </node>
      </node>
    </node>
  </node>
  <sentence sentid="117">Een kleine groep mensen is aan het wachten om in een restaurant te eten</sentence>
  <comments>
    <comment>Q#117|Een kleine groep mensen is aan het wachten om in een restaurant te eten|1|1|-14.314575414499997</comment>
  </comments>
</alpino_ds>
