<?xml version="1.0" encoding="UTF-8"?>
<alpino_ds version="1.6">
  <parser build="Alpino-x86_64-linux-glibc2.5-git233-sicstus" date="2021-02-02T16:09" cats="1" skips="0" />
  <node begin="0" cat="top" end="8" id="0" rel="top">
    <node begin="0" cat="smain" end="8" id="1" rel="--">
      <node begin="0" cat="np" end="2" id="2" rel="su">
        <node begin="0" end="1" frame="determiner(de)" his="normal" his_1="decap" his_1_1="normal" id="3" infl="de" lcat="detp" lemma="de" lwtype="bep" naamval="stan" npagr="rest" pos="det" postag="LID(bep,stan,rest)" pt="lid" rel="det" root="de" sense="de" word="De"/>
        <node begin="1" end="2" frame="noun(de,count,sg)" gen="de" genus="zijd" getal="ev" graad="basis" his="normal" his_1="normal" id="4" lcat="np" lemma="papegaai" naamval="stan" ntype="soort" num="sg" pos="noun" postag="N(soort,ev,basis,zijd,stan)" pt="n" rel="hd" rnum="sg" root="papegaai" sense="papegaai" word="papegaai"/>
      </node>
      <node begin="2" end="3" frame="verb(hebben,sg,intransitive)" his="normal" his_1="normal" id="5" infl="sg" lcat="smain" lemma="praten" pos="verb" postag="WW(pv,tgw,ev)" pt="ww" pvagr="ev" pvtijd="tgw" rel="hd" root="praat" sc="intransitive" sense="praat" stype="declarative" tense="present" word="praat" wvorm="pv"/>
      <node begin="3" cat="ap" end="5" id="6" rel="mod">
        <node aform="base" begin="3" buiging="zonder" end="4" frame="adjective(no_e(adv))" graad="basis" his="normal" his_1="normal" id="7" infl="no_e" lcat="ap" lemma="verbazingwekkend" pos="adj" positie="vrij" postag="ADJ(vrij,basis,zonder)" pt="adj" rel="hd" root="verbazingwekkend" sense="verbazingwekkend" vform="adj" word="verbazingwekkend"/>
        <node begin="4" end="5" frame="postadj_adverb" his="normal" his_1="normal" id="8" lcat="advp" lemma="genoeg" pos="adv" postag="BW()" pt="bw" rel="mod" root="genoeg" sense="genoeg" special="postadj" word="genoeg"/>
      </node>
      <node begin="5" cat="pp" end="8" id="9" rel="mod">
        <node begin="5" end="6" frame="preposition(in,[])" his="normal" his_1="normal" id="10" lcat="pp" lemma="in" pos="prep" postag="VZ(init)" pt="vz" rel="hd" root="in" sense="in" vztype="init" word="in"/>
        <node begin="6" cat="np" end="8" id="11" rel="obj1">
          <node begin="6" end="7" frame="determiner(de)" his="normal" his_1="normal" id="12" infl="de" lcat="detp" lemma="de" lwtype="bep" naamval="stan" npagr="rest" pos="det" postag="LID(bep,stan,rest)" pt="lid" rel="det" root="de" sense="de" word="de"/>
          <node begin="7" end="8" frame="noun(de,count,sg)" gen="de" genus="zijd" getal="ev" graad="basis" his="normal" his_1="normal" id="13" lcat="np" lemma="microfoon" naamval="stan" ntype="soort" num="sg" pos="noun" postag="N(soort,ev,basis,zijd,stan)" pt="n" rel="hd" rnum="sg" root="microfoon" sense="microfoon" word="microfoon"/>
        </node>
      </node>
    </node>
  </node>
  <sentence sentid="1171">De papegaai praat verbazingwekkend genoeg in de microfoon</sentence>
  <comments>
    <comment>Q#1171|De papegaai praat verbazingwekkend genoeg in de microfoon|1|1|0.30297728320000483</comment>
  </comments>
</alpino_ds>
