<?xml version="1.0" encoding="UTF-8"?>
<alpino_ds version="1.6">
  <parser build="Alpino-x86_64-linux-glibc2.5-git233-sicstus" date="2021-02-02T16:09" cats="1" skips="0" />
  <node begin="0" cat="top" end="7" id="0" rel="top">
    <node begin="0" cat="smain" end="7" id="1" rel="--">
      <node begin="0" cat="np" end="2" id="2" rel="su">
        <node begin="0" end="1" frame="determiner(de)" his="normal" his_1="decap" his_1_1="normal" id="3" infl="de" lcat="detp" lemma="de" lwtype="bep" naamval="stan" npagr="rest" pos="det" postag="LID(bep,stan,rest)" pt="lid" rel="det" root="de" sense="de" word="De"/>
        <node begin="1" end="2" frame="noun(de,count,sg)" gen="de" genus="zijd" getal="ev" graad="basis" his="normal" his_1="normal" id="4" lcat="np" lemma="papegaai" naamval="stan" ntype="soort" num="sg" pos="noun" postag="N(soort,ev,basis,zijd,stan)" pt="n" rel="hd" rnum="sg" root="papegaai" sense="papegaai" word="papegaai"/>
      </node>
      <node begin="2" end="3" frame="verb(unacc,sg_heeft,copula)" his="normal" his_1="normal" id="5" infl="sg_heeft" lcat="smain" lemma="zijn" pos="verb" postag="WW(pv,tgw,ev)" pt="ww" pvagr="ev" pvtijd="tgw" rel="hd" root="ben" sc="copula" sense="ben" stype="declarative" tense="present" word="is" wvorm="pv"/>
      <node aform="base" begin="3" buiging="zonder" end="4" frame="adjective(no_e(adv))" graad="basis" his="normal" his_1="normal" id="6" infl="no_e" lcat="ap" lemma="stil" pos="adj" positie="vrij" postag="ADJ(vrij,basis,zonder)" pt="adj" rel="predc" root="stil" sense="stil" vform="adj" word="stil"/>
      <node begin="4" cat="pp" end="7" id="7" rel="mod">
        <node begin="4" end="5" frame="preposition(voor,[aan,door,uit,[in,de,plaats]])" his="normal" his_1="normal" id="8" lcat="pp" lemma="voor" pos="prep" postag="VZ(init)" pt="vz" rel="hd" root="voor" sense="voor" vztype="init" word="voor"/>
        <node begin="5" cat="np" end="7" id="9" rel="obj1">
          <node begin="5" end="6" frame="determiner(de)" his="normal" his_1="normal" id="10" infl="de" lcat="detp" lemma="de" lwtype="bep" naamval="stan" npagr="rest" pos="det" postag="LID(bep,stan,rest)" pt="lid" rel="det" root="de" sense="de" word="de"/>
          <node begin="6" end="7" frame="noun(de,count,sg)" gen="de" genus="zijd" getal="ev" graad="basis" his="normal" his_1="normal" id="11" lcat="np" lemma="microfoon" naamval="stan" ntype="soort" num="sg" pos="noun" postag="N(soort,ev,basis,zijd,stan)" pt="n" rel="hd" rnum="sg" root="microfoon" sense="microfoon" word="microfoon"/>
        </node>
      </node>
    </node>
  </node>
  <sentence sentid="1173">De papegaai is stil voor de microfoon</sentence>
  <comments>
    <comment>Q#1173|De papegaai is stil voor de microfoon|1|1|0.4037953020000008</comment>
  </comments>
</alpino_ds>
