<?xml version="1.0" encoding="UTF-8"?>
<alpino_ds version="1.6">
  <parser build="Alpino-x86_64-linux-glibc2.5-git233-sicstus" date="2021-02-02T16:09" cats="1" skips="0" />
  <node begin="0" cat="top" end="3" id="0" rel="top">
    <node begin="0" cat="smain" end="3" id="1" rel="--">
      <node begin="0" cat="np" end="2" id="2" rel="su">
        <node begin="0" end="1" frame="determiner(een)" his="normal" his_1="decap" his_1_1="normal" id="3" infl="een" lcat="detp" lemma="een" lwtype="onbep" naamval="stan" npagr="agr" pos="det" postag="LID(onbep,stan,agr)" pt="lid" rel="det" root="een" sense="een" word="Een"/>
        <node begin="1" end="2" frame="noun(de,count,sg)" gen="de" genus="zijd" getal="ev" graad="basis" his="normal" his_1="normal" id="4" lcat="np" lemma="papegaai" naamval="stan" ntype="soort" num="sg" pos="noun" postag="N(soort,ev,basis,zijd,stan)" pt="n" rel="hd" rnum="sg" root="papegaai" sense="papegaai" word="papegaai"/>
      </node>
      <node begin="2" end="3" frame="verb(hebben,sg3,intransitive)" his="normal" his_1="normal" id="5" infl="sg3" lcat="smain" lemma="spreken" pos="verb" postag="WW(pv,tgw,met-t)" pt="ww" pvagr="met-t" pvtijd="tgw" rel="hd" root="spreek" sc="intransitive" sense="spreek" stype="declarative" tense="present" word="spreekt" wvorm="pv"/>
    </node>
  </node>
  <sentence sentid="1176">Een papegaai spreekt</sentence>
  <comments>
    <comment>Q#1176|Een papegaai spreekt|1|1|-1.1625178169000003</comment>
  </comments>
</alpino_ds>
