<?xml version="1.0" encoding="UTF-8"?>
<alpino_ds version="1.6">
  <parser build="Alpino-x86_64-linux-glibc2.5-git233-sicstus" date="2021-02-02T16:09" cats="1" skips="0" />
  <node begin="0" cat="top" end="7" id="0" rel="top">
    <node begin="0" cat="smain" end="7" id="1" rel="--">
      <node begin="0" cat="np" end="3" id="2" index="1" rel="su">
        <node begin="0" cat="np" end="2" his="normal" his_1="decap" his_1_1="normal" id="3" rel="det">
          <node begin="0" end="1" frame="determiner(een)" id="4" infl="een" lcat="detp" lemma="een" lwtype="onbep" naamval="stan" npagr="agr" pos="det" postag="LID(onbep,stan,agr)" pt="lid" rel="det" root="een" sense="een" word="Een"/>
          <node begin="1" end="2" frame="noun(both,both,sg)" gen="both" genus="genus" getal="ev" graad="basis" id="5" lcat="np" lemma="paar" naamval="stan" ntype="soort" num="sg" pos="noun" postag="N(soort,ev,basis,genus,stan)" pt="n" rel="hd" root="paar" sense="paar" word="paar"/>
        </node>
        <node begin="2" end="3" frame="noun(de,count,pl)" gen="de" getal="mv" graad="basis" his="normal" his_1="normal" id="6" lcat="np" lemma="kitten" ntype="soort" num="pl" pos="noun" postag="N(soort,mv,basis)" pt="n" rel="hd" rnum="pl" root="kitten" sense="kitten" word="kittens"/>
      </node>
      <node begin="3" end="4" frame="verb(unacc,pl,aan_het)" his="normal" his_1="normal" id="7" infl="pl" lcat="smain" lemma="zijn" pos="verb" postag="WW(pv,tgw,mv)" pt="ww" pvagr="mv" pvtijd="tgw" rel="hd" root="ben" sc="aan_het" sense="ben-aan_het" stype="declarative" tense="present" word="zijn" wvorm="pv"/>
      <node begin="0" cat="ahi" end="7" id="8" rel="vc">
        <node begin="4" cat="mwu" end="6" his="normal" his_1="normal" id="9" mwu_root="aan het" mwu_sense="aan het" rel="cmp">
          <node begin="4" end="5" frame="complementizer(aan_het)" id="10" lcat="ahi" lemma="aan" pos="comp" postag="VZ(init)" pt="vz" rel="mwp" root="aan" sc="aan_het" sense="aan" vztype="init" word="aan"/>
          <node begin="5" end="6" frame="complementizer(aan_het)" id="11" lcat="ahi" lemma="het" lwtype="bep" naamval="stan" npagr="evon" pos="comp" postag="LID(bep,stan,evon)" pt="lid" rel="mwp" root="het" sc="aan_het" sense="het" word="het"/>
        </node>
        <node begin="0" cat="inf" end="7" id="12" rel="body">
          <node begin="0" end="3" id="13" index="1" rel="su"/>
          <node begin="6" buiging="zonder" end="7" frame="verb(hebben,inf,intransitive)" his="normal" his_1="normal" id="14" infl="inf" lcat="inf" lemma="eten" pos="verb" positie="vrij" postag="WW(inf,vrij,zonder)" pt="ww" rel="hd" root="eet" sc="intransitive" sense="eet" word="eten" wvorm="inf"/>
        </node>
      </node>
    </node>
  </node>
  <sentence sentid="1179">Een paar kittens zijn aan het eten</sentence>
  <comments>
    <comment>Q#1179|Een paar kittens zijn aan het eten|1|1|-4.150657658</comment>
  </comments>
</alpino_ds>
