<?xml version="1.0" encoding="UTF-8"?>
<alpino_ds version="1.6">
  <parser build="Alpino-x86_64-linux-glibc2.5-git233-sicstus" date="2021-02-02T16:09" cats="1" skips="0" />
  <node begin="0" cat="top" end="4" id="0" rel="top">
    <node begin="0" cat="smain" end="4" id="1" rel="--">
      <node begin="0" cat="np" end="2" id="2" rel="su">
        <node begin="0" buiging="met-e" end="1" frame="determiner(pl_num,nwh,nmod,pro,yparg)" his="normal" his_1="decap" his_1_1="normal" id="3" infl="pl_num" lcat="detp" lemma="sommig" naamval="stan" npagr="rest" pdtype="det" pos="det" positie="prenom" postag="VNW(onbep,det,stan,prenom,met-e,rest)" pt="vnw" rel="det" root="sommig" sense="sommig" vwtype="onbep" wh="nwh" word="Sommige"/>
        <node begin="1" end="2" frame="noun(de,count,pl)" gen="de" getal="mv" graad="basis" his="normal" his_1="normal" id="4" lcat="np" lemma="kitten" ntype="soort" num="pl" pos="noun" postag="N(soort,mv,basis)" pt="n" rel="hd" rnum="pl" root="kitten" sense="kitten" word="kittens"/>
      </node>
      <node begin="2" end="3" frame="verb(hebben,pl,transitive_ndev)" his="normal" his_1="normal" id="5" infl="pl" lcat="smain" lemma="hebben" pos="verb" postag="WW(pv,tgw,mv)" pt="ww" pvagr="mv" pvtijd="tgw" rel="hd" root="heb" sc="transitive_ndev" sense="heb" stype="declarative" tense="present" word="hebben" wvorm="pv"/>
      <node begin="3" end="4" frame="noun(de,mass,sg)" gen="de" genus="zijd" getal="ev" graad="basis" his="normal" his_1="normal" id="6" lcat="np" lemma="honger" naamval="stan" ntype="soort" num="sg" pos="noun" postag="N(soort,ev,basis,zijd,stan)" pt="n" rel="obj1" rnum="sg" root="honger" sense="honger" word="honger"/>
    </node>
  </node>
  <sentence sentid="1181">Sommige kittens hebben honger</sentence>
  <comments>
    <comment>Q#1181|Sommige kittens hebben honger|1|1|-2.6703115739000003</comment>
  </comments>
</alpino_ds>
