<?xml version="1.0" encoding="UTF-8"?>
<alpino_ds version="1.6">
  <parser build="Alpino-x86_64-linux-glibc2.5-git233-sicstus" date="2021-02-02T16:09" cats="1" skips="0" />
  <node begin="0" cat="top" end="12" id="0" rel="top">
    <node begin="0" cat="smain" end="12" id="1" rel="--">
      <node begin="0" cat="np" end="5" id="2" index="1" rel="su">
        <node begin="0" end="1" frame="determiner(de)" his="normal" his_1="decap" his_1_1="normal" id="3" infl="de" lcat="detp" lemma="de" lwtype="bep" naamval="stan" npagr="rest" pos="det" postag="LID(bep,stan,rest)" pt="lid" rel="det" root="de" sense="de" word="De"/>
        <node begin="1" end="2" frame="noun(de,count,pl)" gen="de" getal="mv" graad="basis" his="normal" his_1="normal" id="4" lcat="np" lemma="kitten" ntype="soort" num="pl" pos="noun" postag="N(soort,mv,basis)" pt="n" rel="hd" rnum="pl" root="kitten" sense="kitten" word="kittens"/>
        <node begin="2" cat="pp" end="5" id="5" rel="mod">
          <node begin="2" end="3" frame="preposition(op,[af,na])" his="normal" his_1="normal" id="6" lcat="pp" lemma="op" pos="prep" postag="VZ(init)" pt="vz" rel="hd" root="op" sense="op" vztype="init" word="op"/>
          <node begin="3" cat="np" end="5" id="7" rel="obj1">
            <node begin="3" end="4" frame="determiner(de)" his="normal" his_1="normal" id="8" infl="de" lcat="detp" lemma="de" lwtype="bep" naamval="stan" npagr="rest" pos="det" postag="LID(bep,stan,rest)" pt="lid" rel="det" root="de" sense="de" word="de"/>
            <node begin="4" end="5" frame="noun(het,count,pl)" gen="het" getal="mv" graad="basis" his="normal" his_1="normal" id="9" lcat="np" lemma="dien_blad" ntype="soort" num="pl" pos="noun" postag="N(soort,mv,basis)" pt="n" rel="hd" rnum="pl" root="dien_blad" sense="dien_blad" word="dienbladen"/>
          </node>
        </node>
      </node>
      <node begin="5" end="6" frame="verb(unacc,pl,passive)" his="normal" his_1="normal" id="10" infl="pl" lcat="smain" lemma="worden" pos="verb" postag="WW(pv,tgw,mv)" pt="ww" pvagr="mv" pvtijd="tgw" rel="hd" root="word" sc="passive" sense="word" stype="declarative" tense="present" word="worden" wvorm="pv"/>
      <node begin="0" cat="ppart" end="7" id="11" rel="vc">
        <node begin="0" end="5" id="12" index="1" rel="obj1"/>
        <node begin="6" buiging="zonder" end="7" frame="verb(hebben,psp,transitive)" his="normal" his_1="normal" id="13" infl="psp" lcat="ppart" lemma="eten" pos="verb" positie="vrij" postag="WW(vd,vrij,zonder)" pt="ww" rel="hd" root="eet" sc="transitive" sense="eet" word="gegeten" wvorm="vd"/>
      </node>
      <node begin="7" cat="cp" end="12" id="14" rel="predm">
        <node begin="7" end="8" frame="complementizer(als)" his="normal" his_1="normal" id="15" lcat="cp" lemma="als" pos="comp" postag="VZ(init)" pt="vz" rel="cmp" root="als" sc="als" sense="als" vztype="init" word="als"/>
        <node begin="8" cat="np" end="12" id="16" rel="body">
          <node begin="8" end="9" frame="noun(het,mass,sg)" gen="het" genus="onz" getal="ev" graad="basis" his="normal" his_1="normal" id="17" lcat="np" lemma="voedsel" naamval="stan" ntype="soort" num="sg" pos="noun" postag="N(soort,ev,basis,onz,stan)" pt="n" rel="hd" rnum="sg" root="voedsel" sense="voedsel" word="voedsel"/>
          <node begin="9" cat="pp" end="12" id="18" rel="mod">
            <node begin="9" end="10" frame="preposition(voor,[aan,door,uit,[in,de,plaats]])" his="normal" his_1="normal" id="19" lcat="pp" lemma="voor" pos="prep" postag="VZ(init)" pt="vz" rel="hd" root="voor" sense="voor" vztype="init" word="voor"/>
            <node begin="10" cat="np" end="12" id="20" rel="obj1">
              <node begin="10" end="11" frame="determiner(een)" his="normal" his_1="normal" id="21" infl="een" lcat="detp" lemma="een" lwtype="onbep" naamval="stan" npagr="agr" pos="det" postag="LID(onbep,stan,agr)" pt="lid" rel="det" root="een" sense="een" word="een"/>
              <node begin="11" end="12" frame="noun(de,count,sg)" gen="de" genus="zijd" getal="ev" graad="basis" his="normal" his_1="normal" id="22" lcat="np" lemma="advertentie" naamval="stan" ntype="soort" num="sg" pos="noun" postag="N(soort,ev,basis,zijd,stan)" pt="n" rel="hd" rnum="sg" root="advertentie" sense="advertentie" word="advertentie"/>
            </node>
          </node>
        </node>
      </node>
    </node>
  </node>
  <sentence sentid="1186">De kittens op de dienbladen worden gegeten als voedsel voor een advertentie</sentence>
  <comments>
    <comment>Q#1186|De kittens op de dienbladen worden gegeten als voedsel voor een advertentie|1|1|-2.087504013800001</comment>
  </comments>
</alpino_ds>
