<?xml version="1.0" encoding="UTF-8"?>
<alpino_ds version="1.6">
  <parser build="Alpino-x86_64-linux-glibc2.5-git233-sicstus" date="2021-02-02T16:09" cats="1" skips="0" />
  <node begin="0" cat="top" end="5" id="0" rel="top">
    <node begin="0" cat="conj" end="5" id="1" rel="--">
      <node begin="2" conjtype="neven" end="3" frame="conj(en)" his="normal" his_1="normal" id="2" lcat="vg" lemma="en" pos="vg" postag="VG(neven)" pt="vg" rel="crd" root="en" sense="en" word="en"/>
      <node begin="0" cat="smain" end="5" id="3" rel="cnj">
        <node begin="0" end="1" frame="noun(de,count,sg)" gen="de" getal="ev" his="normal" his_1="decap" his_1_1="normal" id="4" index="1" lcat="np" lemma="iemand" naamval="stan" num="sg" pdtype="pron" persoon="3p" pos="noun" postag="VNW(onbep,pron,stan,vol,3p,ev)" pt="vnw" rel="su" rnum="sg" root="iemand" sense="iemand" status="vol" vwtype="onbep" word="Iemand"/>
        <node begin="1" end="2" frame="verb(hebben,sg3,transitive)" his="normal" his_1="normal" id="5" infl="sg3" lcat="smain" lemma="zingen" pos="verb" postag="WW(pv,tgw,met-t)" pt="ww" pvagr="met-t" pvtijd="tgw" rel="hd" root="zing" sc="transitive" sense="zing" tense="present" word="zingt" wvorm="pv"/>
        <node begin="4" end="5" frame="noun(de,count,sg)" gen="de" genus="zijd" getal="ev" graad="basis" his="normal" his_1="normal" id="6" index="2" lcat="np" lemma="gitaar" naamval="stan" ntype="soort" num="sg" pos="noun" postag="N(soort,ev,basis,zijd,stan)" pt="n" rel="obj1" rnum="sg" root="gitaar" sense="gitaar" word="gitaar"/>
      </node>
      <node begin="0" cat="ssub" end="5" id="7" rel="cnj">
        <node begin="0" end="1" id="8" index="1" rel="su"/>
        <node begin="3" end="4" frame="verb(hebben,sg3,transitive)" his="normal" his_1="normal" id="9" infl="sg3" lcat="ssub" lemma="spelen" pos="verb" postag="WW(pv,tgw,met-t)" pt="ww" pvagr="met-t" pvtijd="tgw" rel="hd" root="speel" sc="transitive" sense="speel" tense="present" word="speelt" wvorm="pv"/>
        <node begin="4" end="5" id="10" index="2" rel="obj1"/>
      </node>
    </node>
  </node>
  <sentence sentid="1188">Iemand zingt en speelt gitaar</sentence>
  <comments>
    <comment>Q#1188|Iemand zingt en speelt gitaar|1|1|-2.537863130799999</comment>
  </comments>
</alpino_ds>
