<?xml version="1.0" encoding="UTF-8"?>
<alpino_ds version="1.6">
  <parser build="Alpino-x86_64-linux-glibc2.5-git233-sicstus" date="2021-02-02T16:09" cats="1" skips="0" />
  <node begin="0" cat="top" end="3" id="0" rel="top">
    <node begin="0" cat="smain" end="3" id="1" rel="--">
      <node begin="0" case="both" def="indef" end="1" frame="pronoun(nwh,thi,sg,de,both,indef,strpro)" gen="de" getal="ev" his="normal" his_1="decap" his_1_1="normal" id="2" lcat="np" lemma="niemand" naamval="stan" num="sg" pdtype="pron" per="thi" persoon="3p" pos="pron" postag="VNW(onbep,pron,stan,vol,3p,ev)" pt="vnw" rel="su" rnum="sg" root="niemand" sense="niemand" special="strpro" status="vol" vwtype="onbep" wh="nwh" word="Niemand"/>
      <node begin="1" end="2" frame="verb(hebben,sg3,transitive)" his="normal" his_1="normal" id="3" infl="sg3" lcat="smain" lemma="spelen" pos="verb" postag="WW(pv,tgw,met-t)" pt="ww" pvagr="met-t" pvtijd="tgw" rel="hd" root="speel" sc="transitive" sense="speel" stype="declarative" tense="present" word="speelt" wvorm="pv"/>
      <node begin="2" end="3" frame="noun(het,mass,sg)" gen="het" genus="onz" getal="ev" graad="basis" his="normal" his_1="normal" id="4" lcat="np" lemma="pingpong" naamval="stan" ntype="soort" num="sg" pos="noun" postag="N(soort,ev,basis,onz,stan)" pt="n" rel="obj1" rnum="sg" root="pingpong" sense="pingpong" word="pingpong"/>
    </node>
  </node>
  <sentence sentid="1198">Niemand speelt pingpong</sentence>
  <comments>
    <comment>Q#1198|Niemand speelt pingpong|1|1|-2.1979066942000003</comment>
  </comments>
</alpino_ds>
