<?xml version="1.0" encoding="UTF-8"?>
<alpino_ds version="1.6">
  <parser build="Alpino-x86_64-linux-glibc2.5-git233-sicstus" date="2021-02-02T16:09" cats="1" skips="0" />
  <node begin="0" cat="top" end="7" id="0" rel="top">
    <node begin="0" cat="smain" end="7" id="1" rel="--">
      <node begin="0" cat="np" end="2" id="2" rel="su">
        <node begin="0" end="1" frame="determiner(een)" his="normal" his_1="decap" his_1_1="normal" id="3" infl="een" lcat="detp" lemma="een" lwtype="onbep" naamval="stan" npagr="agr" pos="det" postag="LID(onbep,stan,agr)" pt="lid" rel="det" root="een" sense="een" word="Een"/>
        <node begin="1" end="2" frame="noun(de,count,sg)" gen="de" genus="zijd" getal="ev" graad="basis" his="compound" his_1="hyphen" id="4" lcat="np" lemma="pingpong_speler" naamval="stan" ntype="soort" num="sg" pos="noun" postag="N(soort,ev,basis,zijd,stan)" pt="n" rel="hd" rnum="sg" root="pingpong_speler" sense="pingpong_speler" word="pingpong-speler"/>
      </node>
      <node begin="2" end="3" frame="verb(hebben,sg3,part_pc_pp(af,met))" his="normal" his_1="normal" id="5" infl="sg3" lcat="smain" lemma="af_spreken" pos="verb" postag="WW(pv,tgw,met-t)" pt="ww" pvagr="met-t" pvtijd="tgw" rel="hd" root="spreek_af" sc="part_pc_pp(af,met)" sense="spreek_af-met" stype="declarative" tense="present" word="spreekt" wvorm="pv"/>
      <node begin="3" end="4" frame="particle(af)" his="normal" his_1="normal" id="6" lcat="part" lemma="af" pos="part" postag="VZ(fin)" pt="vz" rel="svp" root="af" sense="af" vztype="fin" word="af"/>
      <node begin="4" cat="pp" end="7" id="7" rel="pc">
        <node begin="4" end="5" frame="preposition(met,[mee,[en,al]])" his="normal" his_1="normal" id="8" lcat="pp" lemma="met" pos="prep" postag="VZ(init)" pt="vz" rel="hd" root="met" sense="met" vztype="init" word="met"/>
        <node begin="5" cat="np" end="7" id="9" rel="obj1">
          <node begin="5" end="6" frame="number(hoofd(pl_num))" his="normal" his_1="number_expression" id="10" infl="pl_num" lcat="detp" lemma="twee" naamval="stan" numtype="hoofd" pos="num" positie="prenom" postag="TW(hoofd,prenom,stan)" pt="tw" rel="det" root="twee" sense="twee" special="hoofd" word="twee"/>
          <node begin="6" end="7" frame="noun(de,count,pl)" gen="de" getal="mv" graad="basis" his="normal" his_1="normal" id="11" lcat="np" lemma="persoon" ntype="soort" num="pl" pos="noun" postag="N(soort,mv,basis)" pt="n" rel="hd" rnum="pl" root="persoon" sense="persoon" word="personen"/>
        </node>
      </node>
    </node>
  </node>
  <sentence sentid="1200">Een pingpong-speler spreekt af met twee personen</sentence>
  <comments>
    <comment>Q#1200|Een pingpong-speler spreekt af met twee personen|1|1|-8.391451356400001</comment>
  </comments>
</alpino_ds>
