<?xml version="1.0" encoding="UTF-8"?>
<alpino_ds version="1.6">
  <parser build="Alpino-x86_64-linux-glibc2.5-git233-sicstus" date="2021-02-02T16:09" cats="1" skips="0" />
  <node begin="0" cat="top" end="10" id="0" rel="top">
    <node begin="0" cat="smain" end="10" id="1" rel="--">
      <node begin="0" cat="np" end="2" id="2" rel="su">
        <node begin="0" end="1" frame="determiner(de)" his="normal" his_1="decap" his_1_1="normal" id="3" infl="de" lcat="detp" lemma="de" lwtype="bep" naamval="stan" npagr="rest" pos="det" postag="LID(bep,stan,rest)" pt="lid" rel="det" root="de" sense="de" word="De"/>
        <node begin="1" end="2" frame="noun(de,count,bare_meas)" gen="de" genus="zijd" getal="ev" graad="basis" his="normal" his_1="normal" id="4" lcat="np" lemma="man" naamval="stan" ntype="soort" num="bare_meas" pos="noun" postag="N(soort,ev,basis,zijd,stan)" pt="n" rel="hd" rnum="sg" root="man" sense="man" word="man"/>
      </node>
      <node begin="2" end="3" frame="verb(hebben,sg_heeft,transitive_ndev)" his="normal" his_1="normal" id="5" infl="sg_heeft" lcat="smain" lemma="hebben" pos="verb" postag="WW(pv,tgw,met-t)" pt="ww" pvagr="met-t" pvtijd="tgw" rel="hd" root="heb" sc="transitive_ndev" sense="heb" stype="declarative" tense="present" word="heeft" wvorm="pv"/>
      <node begin="3" cat="np" end="10" id="6" rel="obj1">
        <node begin="3" end="4" frame="determiner(een)" his="normal" his_1="normal" id="7" infl="een" lcat="detp" lemma="een" lwtype="onbep" naamval="stan" npagr="agr" pos="det" postag="LID(onbep,stan,agr)" pt="lid" rel="det" root="een" sense="een" word="een"/>
        <node begin="4" end="5" frame="noun(both,count,sg)" gen="both" genus="zijd" getal="ev" graad="basis" his="compound" his_1="2" id="8" lcat="np" lemma="tijd_venster" naamval="stan" ntype="soort" num="sg" pos="noun" postag="N(soort,ev,basis,zijd,stan)" pt="n" rel="hd" rnum="sg" root="tijd_venster" sense="tijd_venster" word="tijdvenster"/>
        <node begin="5" cat="oti" end="10" id="9" rel="mod">
          <node begin="5" end="6" frame="complementizer(om)" his="normal" his_1="normal" id="10" lcat="oti" lemma="om" pos="comp" postag="VZ(init)" pt="vz" rel="cmp" root="om" sc="om" sense="om" vztype="init" word="om"/>
          <node begin="6" cat="ti" end="10" id="11" rel="body">
            <node begin="8" end="9" frame="complementizer(te)" his="normal" his_1="normal" id="12" lcat="ti" lemma="te" pos="comp" postag="VZ(init)" pt="vz" rel="cmp" root="te" sc="te" sense="te" vztype="init" word="te"/>
            <node begin="6" cat="inf" end="10" id="13" rel="body">
              <node begin="6" end="7" frame="reflexive(u_thi,both)" getal="getal" his="normal" his_1="normal" id="14" lcat="np" lemma="zichzelf" naamval="obl" num="both" pdtype="pron" per="u_thi" persoon="3" pos="pron" postag="VNW(refl,pron,obl,nadr,3,getal)" pt="vnw" refl="refl" rel="se" rnum="sg" root="zichzelf" sense="zichzelf" status="nadr" vwtype="refl" word="zichzelf"/>
              <node aform="base" begin="7" buiging="zonder" end="8" frame="adjective(no_e(adv))" graad="basis" his="normal" his_1="normal" id="15" infl="no_e" lcat="ap" lemma="schoon" pos="adj" positie="vrij" postag="ADJ(vrij,basis,zonder)" pt="adj" rel="predc" root="schoon" sense="schoon" vform="adj" word="schoon"/>
              <node begin="9" buiging="zonder" end="10" frame="verb(hebben,inf,ap_pred_refl)" his="normal" his_1="normal" id="16" infl="inf" lcat="inf" lemma="maken" pos="verb" positie="vrij" postag="WW(inf,vrij,zonder)" pt="ww" rel="hd" root="maak" sc="ap_pred_refl" sense="zich-maak" word="maken" wvorm="inf"/>
            </node>
          </node>
        </node>
      </node>
    </node>
  </node>
  <sentence sentid="1204">De man heeft een tijdvenster om zichzelf schoon te maken</sentence>
  <comments>
    <comment>Q#1204|De man heeft een tijdvenster om zichzelf schoon te maken|1|1|-7.7776220219</comment>
  </comments>
</alpino_ds>
