<?xml version="1.0" encoding="UTF-8"?>
<alpino_ds version="1.6">
  <parser build="Alpino-x86_64-linux-glibc2.5-git233-sicstus" date="2021-02-02T16:09" cats="1" skips="0" />
  <node begin="0" cat="top" end="6" id="0" rel="top">
    <node begin="0" cat="smain" end="6" id="1" rel="--">
      <node begin="0" cat="np" end="2" id="2" rel="su">
        <node begin="0" end="1" frame="number(hoofd(sg_num))" his="normal" his_1="variant" his_1_1="variant" his_1_1_1="één" his_1_1_2="Eén" his_1_2="normal" id="3" infl="sg_num" lcat="detp" lemma="één" naamval="stan" numtype="hoofd" pos="num" positie="prenom" postag="TW(hoofd,prenom,stan)" pt="tw" rel="det" root="één" sense="één" special="hoofd" word="Eén"/>
        <node begin="1" end="2" frame="noun(de,count,sg)" gen="de" genus="zijd" getal="ev" graad="basis" his="normal" his_1="normal" id="4" lcat="np" lemma="chimpansee" naamval="stan" ntype="soort" num="sg" pos="noun" postag="N(soort,ev,basis,zijd,stan)" pt="n" rel="hd" rnum="sg" root="chimpansee" sense="chimpansee" word="chimpansee"/>
      </node>
      <node begin="2" end="3" frame="verb(hebben,sg3,transitive)" his="normal" his_1="normal" id="5" infl="sg3" lcat="smain" lemma="schoppen" pos="verb" postag="WW(pv,tgw,met-t)" pt="ww" pvagr="met-t" pvtijd="tgw" rel="hd" root="schop" sc="transitive" sense="schop" stype="declarative" tense="present" word="schopt" wvorm="pv"/>
      <node aform="base" begin="3" buiging="zonder" end="4" frame="adjective(no_e(padv))" graad="basis" his="normal" his_1="normal" id="6" infl="no_e" lcat="ap" lemma="boos" pos="adj" positie="vrij" postag="ADJ(vrij,basis,zonder)" pt="adj" rel="predm" root="boos" sense="boos" vform="adj" word="boos"/>
      <node begin="4" cat="np" end="6" id="7" rel="obj1">
        <node begin="4" end="5" frame="determiner(het,nwh,nmod,pro,nparg,wkpro)" his="normal" his_1="normal" id="8" infl="het" lcat="detp" lemma="het" lwtype="bep" naamval="stan" npagr="evon" pos="det" postag="LID(bep,stan,evon)" pt="lid" rel="det" root="het" sense="het" wh="nwh" word="het"/>
        <node begin="5" end="6" frame="noun(het,count,sg)" gen="het" genus="onz" getal="ev" graad="basis" his="normal" his_1="normal" id="9" lcat="np" lemma="doelwit" naamval="stan" ntype="soort" num="sg" pos="noun" postag="N(soort,ev,basis,onz,stan)" pt="n" rel="hd" rnum="sg" root="doelwit" sense="doelwit" word="doelwit"/>
      </node>
    </node>
  </node>
  <sentence sentid="1209">Eén chimpansee schopt boos het doelwit</sentence>
  <comments>
    <comment>Q#1209|Eén chimpansee schopt boos het doelwit|1|1|0.20598391540000038</comment>
  </comments>
</alpino_ds>
