<?xml version="1.0" encoding="UTF-8"?>
<alpino_ds version="1.6">
  <parser build="Alpino-x86_64-linux-glibc2.5-git233-sicstus" date="2021-02-02T15:58" cats="1" skips="0" />
  <node begin="0" cat="top" end="11" id="0" rel="top">
    <node begin="0" cat="smain" end="11" id="1" rel="--">
      <node begin="0" cat="np" end="2" id="2" rel="su">
        <node aform="base" begin="0" buiging="zonder" end="1" frame="adjective(no_e(odet_adv))" graad="basis" his="normal" his_1="decap" his_1_1="normal" id="3" infl="no_e" lcat="ap" lemma="weinig" naamval="stan" npagr="agr" pdtype="grad" pos="adj" positie="prenom" postag="VNW(onbep,grad,stan,prenom,zonder,agr,basis)" pt="vnw" rel="det" root="weinig" sense="weinig" vform="adj" vwtype="onbep" word="Weinig"/>
        <node begin="1" end="2" frame="noun(both,count,pl)" gen="both" getal="mv" graad="basis" his="normal" his_1="normal" id="4" lcat="np" lemma="mens" ntype="soort" num="pl" pos="noun" postag="N(soort,mv,basis)" pt="n" rel="hd" rnum="pl" root="mens" sense="mens" word="mensen"/>
      </node>
      <node begin="2" end="3" frame="verb(hebben,pl,intransitive)" his="normal" his_1="normal" id="5" infl="pl" lcat="smain" lemma="eten" pos="verb" postag="WW(pv,tgw,mv)" pt="ww" pvagr="mv" pvtijd="tgw" rel="hd" root="eet" sc="intransitive" sense="eet" stype="declarative" tense="present" word="eten" wvorm="pv"/>
      <node begin="3" cat="pp" end="6" id="6" rel="mod">
        <node begin="3" end="4" frame="preposition(aan,[vooraf])" his="normal" his_1="normal" id="7" lcat="pp" lemma="aan" pos="prep" postag="VZ(init)" pt="vz" rel="hd" root="aan" sense="aan" vztype="init" word="aan"/>
        <node begin="4" cat="np" end="6" id="8" rel="obj1">
          <node aform="base" begin="4" buiging="met-e" end="5" frame="adjective(e)" graad="basis" his="normal" his_1="normal" id="9" infl="e" lcat="ap" lemma="rood" naamval="stan" pos="adj" positie="prenom" postag="ADJ(prenom,basis,met-e,stan)" pt="adj" rel="mod" root="rood" sense="rood" vform="adj" word="rode"/>
          <node begin="5" end="6" frame="noun(de,count,pl)" gen="de" getal="mv" graad="basis" his="normal" his_1="normal" id="10" lcat="np" lemma="tafel" ntype="soort" num="pl" pos="noun" postag="N(soort,mv,basis)" pt="n" rel="hd" rnum="pl" root="tafel" sense="tafel" word="tafels"/>
        </node>
      </node>
      <node begin="6" cat="pp" end="11" id="11" rel="mod">
        <node begin="6" end="7" frame="preposition(in,[])" his="normal" his_1="normal" id="12" lcat="pp" lemma="in" pos="prep" postag="VZ(init)" pt="vz" rel="hd" root="in" sense="in" vztype="init" word="in"/>
        <node begin="7" cat="np" end="11" id="13" rel="obj1">
          <node begin="7" end="8" frame="determiner(een)" his="normal" his_1="normal" id="14" infl="een" lcat="detp" lemma="een" lwtype="onbep" naamval="stan" npagr="agr" pos="det" postag="LID(onbep,stan,agr)" pt="lid" rel="det" root="een" sense="een" word="een"/>
          <node begin="8" end="9" frame="noun(het,count,sg)" gen="het" genus="onz" getal="ev" graad="basis" his="normal" his_1="normal" id="15" lcat="np" lemma="restaurant" naamval="stan" ntype="soort" num="sg" pos="noun" postag="N(soort,ev,basis,onz,stan)" pt="n" rel="hd" rnum="sg" root="restaurant" sense="restaurant" word="restaurant"/>
          <node begin="9" cat="pp" end="11" id="16" rel="mod">
            <node begin="9" end="10" frame="preposition(zonder,[])" his="normal" his_1="normal" id="17" lcat="pp" lemma="zonder" pos="prep" postag="VZ(init)" pt="vz" rel="hd" root="zonder" sense="zonder" vztype="init" word="zonder"/>
            <node begin="10" end="11" frame="noun(de,count,sg)" gen="de" genus="zijd" getal="ev" graad="basis" his="normal" his_1="normal" id="18" lcat="np" lemma="verlichting" naamval="stan" ntype="soort" num="sg" pos="noun" postag="N(soort,ev,basis,zijd,stan)" pt="n" rel="obj1" rnum="sg" root="verlichting" sense="verlichting" word="verlichting"/>
          </node>
        </node>
      </node>
    </node>
  </node>
  <sentence sentid="121">Weinig mensen eten aan rode tafels in een restaurant zonder verlichting</sentence>
  <comments>
    <comment>Q#121|Weinig mensen eten aan rode tafels in een restaurant zonder verlichting|1|1|-3.771695867400001</comment>
  </comments>
</alpino_ds>
