<?xml version="1.0" encoding="UTF-8"?>
<alpino_ds version="1.6">
  <parser build="Alpino-x86_64-linux-glibc2.5-git233-sicstus" date="2021-02-02T16:09" cats="1" skips="0" />
  <node begin="0" cat="top" end="7" id="0" rel="top">
    <node begin="0" cat="smain" end="7" id="1" rel="--">
      <node begin="0" cat="np" end="2" id="2" rel="su">
        <node begin="0" end="1" frame="determiner(een)" his="normal" his_1="decap" his_1_1="normal" id="3" infl="een" lcat="detp" lemma="een" lwtype="onbep" naamval="stan" npagr="agr" pos="det" postag="LID(onbep,stan,agr)" pt="lid" rel="det" root="een" sense="een" word="Een"/>
        <node begin="1" end="2" frame="noun(de,count,sg)" gen="de" genus="zijd" getal="ev" graad="basis" his="normal" his_1="normal" id="4" lcat="np" lemma="chimpansee" naamval="stan" ntype="soort" num="sg" pos="noun" postag="N(soort,ev,basis,zijd,stan)" pt="n" rel="hd" rnum="sg" root="chimpansee" sense="chimpansee" word="chimpansee"/>
      </node>
      <node begin="2" end="3" frame="verb(hebben,sg3,intransitive)" his="normal" his_1="normal" id="5" infl="sg3" lcat="smain" lemma="schoppen" pos="verb" postag="WW(pv,tgw,met-t)" pt="ww" pvagr="met-t" pvtijd="tgw" rel="hd" root="schop" sc="intransitive" sense="schop" stype="declarative" tense="present" word="schopt" wvorm="pv"/>
      <node begin="3" cat="ap" end="7" id="6" rel="predm">
        <node aform="base" begin="3" buiging="zonder" end="4" frame="adjective(no_e(padv),pp(op))" graad="basis" his="normal" his_1="normal" id="7" infl="no_e" lcat="ap" lemma="boos" pos="adj" positie="vrij" postag="ADJ(vrij,basis,zonder)" pt="adj" rel="hd" root="boos" sc="pp(op)" sense="boos-op" vform="adj" word="boos"/>
        <node begin="4" cat="pp" end="7" id="8" rel="pc">
          <node begin="4" end="5" frame="preposition(op,[af,na])" his="normal" his_1="normal" id="9" lcat="pp" lemma="op" pos="prep" postag="VZ(init)" pt="vz" rel="hd" root="op" sense="op" vztype="init" word="op"/>
          <node begin="5" cat="np" end="7" id="10" rel="obj1">
            <node begin="5" end="6" frame="determiner(een)" his="normal" his_1="normal" id="11" infl="een" lcat="detp" lemma="een" lwtype="onbep" naamval="stan" npagr="agr" pos="det" postag="LID(onbep,stan,agr)" pt="lid" rel="det" root="een" sense="een" word="een"/>
            <node begin="6" end="7" frame="noun(het,count,sg)" gen="het" genus="onz" getal="ev" graad="basis" his="normal" his_1="normal" id="12" lcat="np" lemma="doelwit" naamval="stan" ntype="soort" num="sg" pos="noun" postag="N(soort,ev,basis,onz,stan)" pt="n" rel="hd" rnum="sg" root="doelwit" sense="doelwit" word="doelwit"/>
          </node>
        </node>
      </node>
    </node>
  </node>
  <sentence sentid="1210">Een chimpansee schopt boos op een doelwit</sentence>
  <comments>
    <comment>Q#1210|Een chimpansee schopt boos op een doelwit|1|1|-1.5297644761999993</comment>
  </comments>
</alpino_ds>
