<?xml version="1.0" encoding="UTF-8"?>
<alpino_ds version="1.6">
  <parser build="Alpino-x86_64-linux-glibc2.5-git233-sicstus" date="2021-02-02T16:09" cats="1" skips="0" />
  <node begin="0" cat="top" end="10" id="0" rel="top">
    <node begin="0" cat="smain" end="10" id="1" rel="--">
      <node begin="0" cat="np" end="2" id="2" index="1" rel="su">
        <node begin="0" end="1" frame="determiner(de)" his="normal" his_1="decap" his_1_1="normal" id="3" infl="de" lcat="detp" lemma="de" lwtype="bep" naamval="stan" npagr="rest" pos="det" postag="LID(bep,stan,rest)" pt="lid" rel="det" root="de" sense="de" word="De"/>
        <node begin="1" end="2" frame="noun(de,count,sg)" gen="de" genus="zijd" getal="ev" graad="basis" his="normal" his_1="normal" id="4" lcat="np" lemma="baby" naamval="stan" ntype="soort" num="sg" pos="noun" postag="N(soort,ev,basis,zijd,stan)" pt="n" rel="hd" rnum="sg" root="baby" sense="baby" word="baby"/>
      </node>
      <node begin="2" end="3" frame="verb(unacc,sg3,passive)" his="normal" his_1="normal" id="5" infl="sg3" lcat="smain" lemma="worden" pos="verb" postag="WW(pv,tgw,met-t)" pt="ww" pvagr="met-t" pvtijd="tgw" rel="hd" root="word" sc="passive" sense="word" stype="declarative" tense="present" word="wordt" wvorm="pv"/>
      <node begin="0" cat="ppart" end="10" id="6" rel="vc">
        <node begin="0" end="2" id="7" index="1" rel="obj1"/>
        <node begin="3" cat="pp" end="6" id="8" rel="mod">
          <node begin="3" end="4" frame="preposition(in,[])" his="normal" his_1="normal" id="9" lcat="pp" lemma="in" pos="prep" postag="VZ(init)" pt="vz" rel="hd" root="in" sense="in" vztype="init" word="in"/>
          <node begin="4" cat="np" end="6" id="10" rel="obj1">
            <node begin="4" end="5" frame="determiner(een)" his="normal" his_1="normal" id="11" infl="een" lcat="detp" lemma="een" lwtype="onbep" naamval="stan" npagr="agr" pos="det" postag="LID(onbep,stan,agr)" pt="lid" rel="det" root="een" sense="een" word="een"/>
            <node begin="5" end="6" frame="noun(de,count,sg)" gen="de" genus="zijd" getal="ev" graad="basis" his="normal" his_1="normal" id="12" lcat="np" lemma="vuilnisbak" naamval="stan" ntype="soort" num="sg" pos="noun" postag="N(soort,ev,basis,zijd,stan)" pt="n" rel="hd" rnum="sg" root="vuilnisbak" sense="vuilnisbak" word="vuilnisbak"/>
          </node>
        </node>
        <node begin="6" buiging="zonder" end="7" frame="verb(hebben,psp,transitive_ndev)" his="normal" his_1="normal" id="13" infl="psp" lcat="ppart" lemma="doen" pos="verb" positie="vrij" postag="WW(vd,vrij,zonder)" pt="ww" rel="hd" root="doe" sc="transitive_ndev" sense="doe" word="gedaan" wvorm="vd"/>
        <node begin="7" cat="pp" end="10" id="14" rel="mod">
          <node begin="7" end="8" frame="preposition(door,[heen])" his="normal" his_1="normal" id="15" lcat="pp" lemma="door" pos="prep" postag="VZ(init)" pt="vz" rel="hd" root="door" sense="door" vztype="init" word="door"/>
          <node begin="8" cat="np" end="10" id="16" rel="obj1">
            <node begin="8" end="9" frame="determiner(een)" his="normal" his_1="normal" id="17" infl="een" lcat="detp" lemma="een" lwtype="onbep" naamval="stan" npagr="agr" pos="det" postag="LID(onbep,stan,agr)" pt="lid" rel="det" root="een" sense="een" word="een"/>
            <node begin="9" end="10" frame="noun(de,count,sg)" gen="de" genus="zijd" getal="ev" graad="basis" his="normal" his_1="normal" id="18" lcat="np" lemma="vrouw" naamval="stan" ntype="soort" num="sg" pos="noun" postag="N(soort,ev,basis,zijd,stan)" pt="n" rel="hd" rnum="sg" root="vrouw" sense="vrouw" word="vrouw"/>
          </node>
        </node>
      </node>
    </node>
  </node>
  <sentence sentid="1217">De baby wordt in een vuilnisbak gedaan door een vrouw</sentence>
  <comments>
    <comment>Q#1217|De baby wordt in een vuilnisbak gedaan door een vrouw|1|1|-7.121366338000002</comment>
  </comments>
</alpino_ds>
