<?xml version="1.0" encoding="UTF-8"?>
<alpino_ds version="1.6">
  <parser build="Alpino-x86_64-linux-glibc2.5-git233-sicstus" date="2021-02-02T16:09" cats="1" skips="0" />
  <node begin="0" cat="top" end="11" id="0" rel="top">
    <node begin="0" cat="smain" end="11" id="1" rel="--">
      <node begin="1" end="2" frame="verb(unacc,sg3,passive)" his="normal" his_1="normal" id="2" infl="sg3" lcat="smain" lemma="worden" pos="verb" postag="WW(pv,tgw,met-t)" pt="ww" pvagr="met-t" pvtijd="tgw" rel="hd" root="word" sc="passive" sense="word" stype="declarative" tense="present" word="wordt" wvorm="pv"/>
      <node begin="2" cat="np" end="4" id="3" index="1" rel="su">
        <node begin="2" buiging="zonder" end="3" frame="determiner(geen,nwh,mod,pro,yparg,nwkpro,geen)" his="normal" his_1="normal" id="4" infl="geen" lcat="detp" lemma="geen" naamval="stan" npagr="agr" pdtype="det" pos="det" positie="prenom" postag="VNW(onbep,det,stan,prenom,zonder,agr)" pt="vnw" rel="det" root="geen" sense="geen" vwtype="onbep" wh="nwh" word="geen"/>
        <node begin="3" end="4" frame="noun(de,count,sg)" gen="de" genus="zijd" getal="ev" graad="basis" his="normal" his_1="normal" id="5" lcat="np" lemma="baby" naamval="stan" ntype="soort" num="sg" pos="noun" postag="N(soort,ev,basis,zijd,stan)" pt="n" rel="hd" rnum="sg" root="baby" sense="baby" word="baby"/>
      </node>
      <node begin="0" cat="ppart" end="11" id="6" rel="vc">
        <node begin="0" end="1" frame="er_vp_adverb" getal="getal" his="normal" his_1="decap" his_1_1="normal" id="7" lcat="advp" lemma="er" naamval="stan" pdtype="adv-pron" persoon="3" pos="adv" postag="VNW(aanw,adv-pron,stan,red,3,getal)" pt="vnw" rel="mod" root="er" sense="er" special="er" status="red" vwtype="aanw" word="Er"/>
        <node begin="2" end="4" id="8" index="1" rel="obj1"/>
        <node begin="4" cat="pp" end="7" id="9" rel="ld">
          <node begin="4" end="5" frame="preposition(in,[])" his="normal" his_1="normal" id="10" lcat="pp" lemma="in" pos="prep" postag="VZ(init)" pt="vz" rel="hd" root="in" sense="in" vztype="init" word="in"/>
          <node begin="5" cat="np" end="7" id="11" rel="obj1">
            <node begin="5" end="6" frame="determiner(een)" his="normal" his_1="normal" id="12" infl="een" lcat="detp" lemma="een" lwtype="onbep" naamval="stan" npagr="agr" pos="det" postag="LID(onbep,stan,agr)" pt="lid" rel="det" root="een" sense="een" word="een"/>
            <node begin="6" end="7" frame="noun(de,count,sg)" gen="de" genus="zijd" getal="ev" graad="basis" his="normal" his_1="normal" id="13" lcat="np" lemma="vuilnisbak" naamval="stan" ntype="soort" num="sg" pos="noun" postag="N(soort,ev,basis,zijd,stan)" pt="n" rel="hd" rnum="sg" root="vuilnisbak" sense="vuilnisbak" word="vuilnisbak"/>
          </node>
        </node>
        <node begin="7" buiging="zonder" end="8" frame="verb(hebben,psp,np_ld_pp)" his="normal" his_1="normal" id="14" infl="psp" lcat="ppart" lemma="stoppen" pos="verb" positie="vrij" postag="WW(vd,vrij,zonder)" pt="ww" rel="hd" root="stop" sc="np_ld_pp" sense="stop" word="gestopt" wvorm="vd"/>
        <node begin="8" cat="pp" end="11" id="15" rel="mod">
          <node begin="8" end="9" frame="preposition(door,[heen])" his="normal" his_1="normal" id="16" lcat="pp" lemma="door" pos="prep" postag="VZ(init)" pt="vz" rel="hd" root="door" sense="door" vztype="init" word="door"/>
          <node begin="9" cat="np" end="11" id="17" rel="obj1">
            <node begin="9" end="10" frame="determiner(een)" his="normal" his_1="normal" id="18" infl="een" lcat="detp" lemma="een" lwtype="onbep" naamval="stan" npagr="agr" pos="det" postag="LID(onbep,stan,agr)" pt="lid" rel="det" root="een" sense="een" word="een"/>
            <node begin="10" end="11" frame="noun(de,count,sg)" gen="de" genus="zijd" getal="ev" graad="basis" his="normal" his_1="normal" id="19" lcat="np" lemma="vrouw" naamval="stan" ntype="soort" num="sg" pos="noun" postag="N(soort,ev,basis,zijd,stan)" pt="n" rel="hd" rnum="sg" root="vrouw" sense="vrouw" word="vrouw"/>
          </node>
        </node>
      </node>
    </node>
  </node>
  <sentence sentid="1219">Er wordt geen baby in een vuilnisbak gestopt door een vrouw</sentence>
  <comments>
    <comment>Q#1219|Er wordt geen baby in een vuilnisbak gestopt door een vrouw|1|1|-11.665723525899995</comment>
  </comments>
</alpino_ds>
