<?xml version="1.0" encoding="UTF-8"?>
<alpino_ds version="1.6">
  <parser build="Alpino-x86_64-linux-glibc2.5-git233-sicstus" date="2021-02-02T15:58" cats="1" skips="0" />
  <node begin="0" cat="top" end="10" id="0" rel="top">
    <node begin="0" cat="smain" end="10" id="1" rel="--">
      <node begin="0" cat="np" end="4" id="2" rel="su">
        <node begin="0" end="1" frame="determiner(een)" his="normal" his_1="decap" his_1_1="normal" id="3" infl="een" lcat="detp" lemma="een" lwtype="onbep" naamval="stan" npagr="agr" pos="det" postag="LID(onbep,stan,agr)" pt="lid" rel="det" root="een" sense="een" word="Een"/>
        <node aform="base" begin="1" buiging="met-e" end="2" frame="adjective(e)" graad="basis" his="normal" his_1="normal" id="4" infl="e" lcat="ap" lemma="paars" naamval="stan" pos="adj" positie="prenom" postag="ADJ(prenom,basis,met-e,stan)" pt="adj" rel="mod" root="paars" sense="paars" vform="adj" word="paarse"/>
        <node begin="2" end="3" frame="noun(de,count,sg,measure)" gen="de" genus="zijd" getal="ev" graad="basis" his="normal" his_1="normal" id="5" lcat="np" lemma="menigte" naamval="stan" ntype="soort" num="sg" pos="noun" postag="N(soort,ev,basis,zijd,stan)" pt="n" rel="hd" rnum="sg" root="menigte" sc="measure" sense="menigte" word="menigte"/>
        <node begin="3" end="4" frame="noun(both,count,pl)" gen="both" getal="mv" graad="basis" his="normal" his_1="normal" id="6" lcat="np" lemma="mens" ntype="soort" num="pl" pos="noun" postag="N(soort,mv,basis)" pt="n" rel="mod" rnum="pl" root="mens" sense="mens" word="mensen"/>
      </node>
      <node begin="4" end="5" frame="verb(hebben,sg,intransitive)" his="normal" his_1="normal" id="7" infl="sg" lcat="smain" lemma="eten" pos="verb" postag="WW(pv,tgw,ev)" pt="ww" pvagr="ev" pvtijd="tgw" rel="hd" root="eet" sc="intransitive" sense="eet" stype="declarative" tense="present" word="eet" wvorm="pv"/>
      <node begin="5" cat="pp" end="10" id="8" rel="mod">
        <node begin="5" end="6" frame="preposition(aan,[vooraf])" his="normal" his_1="normal" id="9" lcat="pp" lemma="aan" pos="prep" postag="VZ(init)" pt="vz" rel="hd" root="aan" sense="aan" vztype="init" word="aan"/>
        <node begin="6" cat="np" end="10" id="10" rel="obj1">
          <node aform="base" begin="6" buiging="met-e" end="7" frame="adjective(ende(padv))" graad="basis" his="normal" his_1="V-de" his_1_1="normal" id="11" infl="e" lcat="ppres" lemma="verschillen" naamval="stan" pos="adj" positie="prenom" postag="ADJ(prenom,basis,met-e,stan)" pt="adj" rel="mod" root="verschil" sense="verschil" vform="gerund" word="verschillende"/>
          <node begin="7" cat="ppart" end="9" id="12" rel="mod">
            <node aform="base" begin="7" buiging="zonder" end="8" frame="adjective(no_e(adv))" graad="basis" his="normal" his_1="normal" id="13" infl="no_e" lcat="ap" lemma="rood" pos="adj" positie="vrij" postag="ADJ(vrij,basis,zonder)" pt="adj" rel="mod" root="rood" sense="rood" vform="adj" word="rood"/>
            <node aform="base" begin="8" buiging="met-e" end="9" frame="adjective(ge_e)" his="normal" his_1="normal" id="14" infl="e" lcat="ppart" lemma="verlicht" pos="adj" positie="prenom" postag="WW(vd,prenom,met-e)" pt="ww" rel="hd" root="verlicht" sense="verlicht" vform="psp" word="verlichte" wvorm="vd"/>
          </node>
          <node begin="9" end="10" frame="noun(de,count,pl)" gen="de" getal="mv" graad="basis" his="compound" his_1="2" id="15" lcat="np" lemma="restaurant_tafel" ntype="soort" num="pl" pos="noun" postag="N(soort,mv,basis)" pt="n" rel="hd" rnum="pl" root="restaurant_tafel" sense="restaurant_tafel" word="restauranttafels"/>
        </node>
      </node>
    </node>
  </node>
  <sentence sentid="122">Een paarse menigte mensen eet aan verschillende rood verlichte restauranttafels</sentence>
  <comments>
    <comment>Q#122|Een paarse menigte mensen eet aan verschillende rood verlichte restauranttafels|1|1|1.784316247000002</comment>
  </comments>
</alpino_ds>
