<?xml version="1.0" encoding="UTF-8"?>
<alpino_ds version="1.6">
  <parser build="Alpino-x86_64-linux-glibc2.5-git233-sicstus" date="2021-02-02T16:09" cats="1" skips="0" />
  <node begin="0" cat="top" end="6" id="0" rel="top">
    <node begin="0" cat="smain" end="6" id="1" rel="--">
      <node begin="0" end="1" frame="noun(de,count,sg)" gen="de" getal="ev" his="normal" his_1="decap" his_1_1="normal" id="2" lcat="np" lemma="iemand" naamval="stan" num="sg" pdtype="pron" persoon="3p" pos="noun" postag="VNW(onbep,pron,stan,vol,3p,ev)" pt="vnw" rel="su" rnum="sg" root="iemand" sense="iemand" status="vol" vwtype="onbep" word="Iemand"/>
      <node begin="1" end="2" frame="verb(hebben,sg3,np_ld_pp)" his="normal" his_1="normal" id="3" infl="sg3" lcat="smain" lemma="stoppen" pos="verb" postag="WW(pv,tgw,met-t)" pt="ww" pvagr="met-t" pvtijd="tgw" rel="hd" root="stop" sc="np_ld_pp" sense="stop" stype="declarative" tense="present" word="stopt" wvorm="pv"/>
      <node begin="2" end="3" frame="noun(het,mass,sg)" gen="het" genus="onz" getal="ev" graad="basis" his="normal" his_1="normal" id="4" lcat="np" lemma="vlees" naamval="stan" ntype="soort" num="sg" pos="noun" postag="N(soort,ev,basis,onz,stan)" pt="n" rel="obj1" rnum="sg" root="vlees" sense="vlees" word="vlees"/>
      <node begin="3" cat="pp" end="6" id="5" rel="ld">
        <node begin="3" end="4" frame="preposition(in,[])" his="normal" his_1="normal" id="6" lcat="pp" lemma="in" pos="prep" postag="VZ(init)" pt="vz" rel="hd" root="in" sense="in" vztype="init" word="in"/>
        <node begin="4" cat="np" end="6" id="7" rel="obj1">
          <node begin="4" end="5" frame="determiner(een)" his="normal" his_1="normal" id="8" infl="een" lcat="detp" lemma="een" lwtype="onbep" naamval="stan" npagr="agr" pos="det" postag="LID(onbep,stan,agr)" pt="lid" rel="det" root="een" sense="een" word="een"/>
          <node begin="5" end="6" frame="noun(de,count,sg)" gen="de" genus="zijd" getal="ev" graad="basis" his="normal" his_1="normal" id="9" lcat="np" lemma="koekepan" naamval="stan" ntype="soort" num="sg" pos="noun" postag="N(soort,ev,basis,zijd,stan)" pt="n" rel="hd" rnum="sg" root="koekepan" sense="koekepan" word="koekenpan"/>
        </node>
      </node>
    </node>
  </node>
  <sentence sentid="1221">Iemand stopt vlees in een koekenpan</sentence>
  <comments>
    <comment>Q#1221|Iemand stopt vlees in een koekenpan|1|1|-1.1779296234000007</comment>
  </comments>
</alpino_ds>
