<?xml version="1.0" encoding="UTF-8"?>
<alpino_ds version="1.6">
  <parser build="Alpino-x86_64-linux-glibc2.5-git233-sicstus" date="2021-02-02T16:09" cats="1" skips="0" />
  <node begin="0" cat="top" end="8" id="0" rel="top">
    <node begin="0" cat="smain" end="8" id="1" rel="--">
      <node begin="0" end="1" frame="noun(de,count,sg)" gen="de" getal="ev" his="normal" his_1="decap" his_1_1="normal" id="2" lcat="np" lemma="iemand" naamval="stan" num="sg" pdtype="pron" persoon="3p" pos="noun" postag="VNW(onbep,pron,stan,vol,3p,ev)" pt="vnw" rel="su" rnum="sg" root="iemand" sense="iemand" status="vol" vwtype="onbep" word="Iemand"/>
      <node begin="1" end="2" frame="verb(hebben,sg3,part_np_ld_pp(mee))" his="normal" his_1="normal" id="3" infl="sg3" lcat="smain" lemma="mee_nemen" pos="verb" postag="WW(pv,tgw,met-t)" pt="ww" pvagr="met-t" pvtijd="tgw" rel="hd" root="neem_mee" sc="part_np_ld_pp(mee)" sense="neem_mee" stype="declarative" tense="present" word="neemt" wvorm="pv"/>
      <node begin="2" cat="np" end="4" id="4" rel="obj1">
        <node begin="2" end="3" frame="determiner(het,nwh,nmod,pro,nparg,wkpro)" his="normal" his_1="normal" id="5" infl="het" lcat="detp" lemma="het" lwtype="bep" naamval="stan" npagr="evon" pos="det" postag="LID(bep,stan,evon)" pt="lid" rel="det" root="het" sense="het" wh="nwh" word="het"/>
        <node begin="3" end="4" frame="noun(het,mass,sg)" gen="het" genus="onz" getal="ev" graad="basis" his="normal" his_1="normal" id="6" lcat="np" lemma="vlees" naamval="stan" ntype="soort" num="sg" pos="noun" postag="N(soort,ev,basis,onz,stan)" pt="n" rel="hd" rnum="sg" root="vlees" sense="vlees" word="vlees"/>
      </node>
      <node begin="4" cat="pp" end="7" id="7" rel="ld">
        <node begin="4" end="5" frame="preposition(in,[])" his="normal" his_1="normal" id="8" lcat="pp" lemma="in" pos="prep" postag="VZ(init)" pt="vz" rel="hd" root="in" sense="in" vztype="init" word="in"/>
        <node begin="5" cat="np" end="7" id="9" rel="obj1">
          <node begin="5" end="6" frame="determiner(de)" his="normal" his_1="normal" id="10" infl="de" lcat="detp" lemma="de" lwtype="bep" naamval="stan" npagr="rest" pos="det" postag="LID(bep,stan,rest)" pt="lid" rel="det" root="de" sense="de" word="de"/>
          <node begin="6" end="7" frame="noun(de,count,sg)" gen="de" genus="zijd" getal="ev" graad="basis" his="normal" his_1="normal" id="11" lcat="np" lemma="koekepan" naamval="stan" ntype="soort" num="sg" pos="noun" postag="N(soort,ev,basis,zijd,stan)" pt="n" rel="hd" rnum="sg" root="koekepan" sense="koekepan" word="koekenpan"/>
        </node>
      </node>
      <node begin="7" end="8" frame="particle(mee)" his="normal" his_1="normal" id="12" lcat="part" lemma="mee" pos="part" postag="VZ(fin)" pt="vz" rel="svp" root="mee" sense="mee" vztype="fin" word="mee"/>
    </node>
  </node>
  <sentence sentid="1222">Iemand neemt het vlees in de koekenpan mee</sentence>
  <comments>
    <comment>Q#1222|Iemand neemt het vlees in de koekenpan mee|1|1|-3.8102775838000005</comment>
  </comments>
</alpino_ds>
