<?xml version="1.0" encoding="UTF-8"?>
<alpino_ds version="1.6">
  <parser build="Alpino-x86_64-linux-glibc2.5-git233-sicstus" date="2021-02-02T16:09" cats="1" skips="0" />
  <node begin="0" cat="top" end="10" id="0" rel="top">
    <node begin="0" cat="smain" end="10" id="1" rel="--">
      <node begin="0" cat="np" end="2" id="2" rel="su">
        <node begin="0" end="1" frame="determiner(het,nwh,nmod,pro,nparg,wkpro)" his="normal" his_1="decap" his_1_1="normal" id="3" infl="het" lcat="detp" lemma="het" lwtype="bep" naamval="stan" npagr="evon" pos="det" postag="LID(bep,stan,evon)" pt="lid" rel="det" root="het" sense="het" wh="nwh" word="Het"/>
        <node begin="1" buiging="zonder" end="2" frame="v_noun(intransitive)" getal-n="zonder-n" his="normal" his_1="normal" id="4" lcat="np" lemma="kitten" pos="verb" positie="nom" postag="WW(inf,nom,zonder,zonder-n)" pt="ww" rel="hd" rnum="sg" root="kit" sc="intransitive" sense="kit" special="v_noun" word="kitten" wvorm="inf"/>
      </node>
      <node begin="2" end="3" frame="verb(hebben,sg3,transitive)" his="normal" his_1="normal" id="5" infl="sg3" lcat="smain" lemma="drinken" pos="verb" postag="WW(pv,tgw,met-t)" pt="ww" pvagr="met-t" pvtijd="tgw" rel="hd" root="drink" sc="transitive" sense="drink" stype="declarative" tense="present" word="drinkt" wvorm="pv"/>
      <node begin="3" end="4" frame="adverb" his="normal" his_1="normal" id="6" lcat="advp" lemma="niet" pos="adv" postag="BW()" pt="bw" rel="mod" root="niet" sense="niet" word="niet"/>
      <node aform="base" begin="4" end="5" frame="adjective(both(osentadv))" his="normal" his_1="normal" id="7" infl="both" lcat="ap" lemma="graag" pos="adj" postag="BW()" pt="bw" rel="mod" root="graag" sense="graag" vform="adj" word="graag"/>
      <node begin="5" cat="np" end="10" id="8" rel="obj1">
        <node begin="5" end="6" frame="determiner(wat,nwh,mod,pro,nparg,ntopicpro)" getal="ev" his="normal" his_1="normal" id="9" infl="wat" lcat="detp" lemma="wat" naamval="stan" pdtype="pron" persoon="3o" pos="det" postag="VNW(onbep,pron,stan,vol,3o,ev)" pt="vnw" rel="det" root="wat" sense="wat" status="vol" vwtype="onbep" wh="nwh" word="wat"/>
        <node begin="6" end="7" frame="noun(de,mass,sg)" gen="de" genus="zijd" getal="ev" graad="basis" his="normal" his_1="normal" id="10" lcat="np" lemma="melk" naamval="stan" ntype="soort" num="sg" pos="noun" postag="N(soort,ev,basis,zijd,stan)" pt="n" rel="hd" rnum="sg" root="melk" sense="melk" word="melk"/>
        <node begin="7" cat="pp" end="10" id="11" rel="mod">
          <node begin="7" end="8" frame="preposition(uit,[vandaan])" his="normal" his_1="normal" id="12" lcat="pp" lemma="uit" pos="prep" postag="VZ(init)" pt="vz" rel="hd" root="uit" sense="uit" vztype="init" word="uit"/>
          <node begin="8" cat="np" end="10" id="13" rel="obj1">
            <node begin="8" end="9" frame="determiner(de)" his="normal" his_1="normal" id="14" infl="de" lcat="detp" lemma="de" lwtype="bep" naamval="stan" npagr="rest" pos="det" postag="LID(bep,stan,rest)" pt="lid" rel="det" root="de" sense="de" word="de"/>
            <node begin="9" end="10" frame="noun(de,count,sg)" gen="de" genus="zijd" getal="ev" graad="basis" his="normal" his_1="normal" id="15" lcat="np" lemma="kom" naamval="stan" ntype="soort" num="sg" pos="noun" postag="N(soort,ev,basis,zijd,stan)" pt="n" rel="hd" rnum="sg" root="kom" sense="kom" word="kom"/>
          </node>
        </node>
      </node>
    </node>
  </node>
  <sentence sentid="1223">Het kitten drinkt niet graag wat melk uit de kom</sentence>
  <comments>
    <comment>Q#1223|Het kitten drinkt niet graag wat melk uit de kom|1|1|-5.129582492500002</comment>
  </comments>
</alpino_ds>
