<?xml version="1.0" encoding="UTF-8"?>
<alpino_ds version="1.6">
  <parser build="Alpino-x86_64-linux-glibc2.5-git233-sicstus" date="2021-02-02T16:09" cats="1" skips="0" />
  <node begin="0" cat="top" end="12" id="0" rel="top">
    <node begin="0" cat="smain" end="12" id="1" rel="--">
      <node begin="0" cat="np" end="2" id="2" rel="su">
        <node begin="0" end="1" frame="determiner(de)" his="normal" his_1="decap" his_1_1="normal" id="3" infl="de" lcat="detp" lemma="de" lwtype="bep" naamval="stan" npagr="rest" pos="det" postag="LID(bep,stan,rest)" pt="lid" rel="det" root="de" sense="de" word="De"/>
        <node begin="1" end="2" frame="noun(de,count,sg)" gen="de" genus="zijd" getal="ev" graad="basis" his="normal" his_1="normal" id="4" lcat="np" lemma="zanger" naamval="stan" ntype="soort" num="sg" pos="noun" postag="N(soort,ev,basis,zijd,stan)" pt="n" rel="hd" rnum="sg" root="zanger" sense="zanger" word="zanger"/>
      </node>
      <node begin="2" end="3" frame="verb(hebben,sg3,nonp_pred_np)" his="normal" his_1="normal" id="5" infl="sg3" lcat="smain" lemma="nemen" pos="verb" postag="WW(pv,tgw,met-t)" pt="ww" pvagr="met-t" pvtijd="tgw" rel="hd" root="neem" sc="nonp_pred_np" sense="neem" stype="declarative" tense="present" word="neemt" wvorm="pv"/>
      <node begin="3" cat="np" end="5" id="6" rel="obj1">
        <node begin="3" end="4" frame="determiner(een)" his="normal" his_1="normal" id="7" infl="een" lcat="detp" lemma="een" lwtype="onbep" naamval="stan" npagr="agr" pos="det" postag="LID(onbep,stan,agr)" pt="lid" rel="det" root="een" sense="een" word="een"/>
        <node begin="4" end="5" frame="noun(de,count,sg)" gen="de" genus="zijd" getal="ev" graad="basis" his="normal" his_1="normal" id="8" lcat="np" lemma="persoon" naamval="stan" ntype="soort" num="sg" pos="noun" postag="N(soort,ev,basis,zijd,stan)" pt="n" rel="hd" rnum="sg" root="persoon" sense="persoon" word="persoon"/>
      </node>
      <node begin="5" cat="pp" end="7" id="9" rel="predc">
        <node begin="5" end="6" frame="preposition(in,[])" his="normal" his_1="normal" id="10" lcat="pp" lemma="in" pos="prep" postag="VZ(init)" pt="vz" rel="hd" root="in" sense="in" vztype="init" word="in"/>
        <node begin="6" end="7" frame="noun(de,count,sg,pred_pp(in))" gen="de" genus="zijd" getal="ev" graad="basis" his="normal" his_1="normal" id="11" lcat="np" lemma="dienst" naamval="stan" ntype="soort" num="sg" pos="noun" postag="N(soort,ev,basis,zijd,stan)" pt="n" rel="obj1" rnum="sg" root="dienst" sc="pred_pp(in)" sense="dienst" word="dienst"/>
      </node>
      <node begin="7" cat="oti" end="12" id="12" rel="mod">
        <node begin="7" end="8" frame="complementizer(om)" his="normal" his_1="normal" id="13" lcat="oti" lemma="om" pos="comp" postag="VZ(init)" pt="vz" rel="cmp" root="om" sc="om" sense="om" vztype="init" word="om"/>
        <node begin="8" cat="ti" end="12" id="14" rel="body">
          <node begin="10" end="11" frame="complementizer(te)" his="normal" his_1="normal" id="15" lcat="ti" lemma="te" pos="comp" postag="VZ(init)" pt="vz" rel="cmp" root="te" sc="te" sense="te" vztype="init" word="te"/>
          <node begin="8" cat="inf" end="12" id="16" rel="body">
            <node begin="8" cat="np" end="10" id="17" rel="obj1">
              <node begin="8" end="9" frame="determiner(de)" his="normal" his_1="normal" id="18" infl="de" lcat="detp" lemma="de" lwtype="bep" naamval="stan" npagr="rest" pos="det" postag="LID(bep,stan,rest)" pt="lid" rel="det" root="de" sense="de" word="de"/>
              <node begin="9" end="10" frame="noun(de,count,sg)" gen="de" genus="zijd" getal="ev" graad="basis" his="normal" his_1="normal" id="19" lcat="np" lemma="gitarist" naamval="stan" ntype="soort" num="sg" pos="noun" postag="N(soort,ev,basis,zijd,stan)" pt="n" rel="hd" rnum="sg" root="gitarist" sense="gitarist" word="gitarist"/>
            </node>
            <node begin="11" buiging="zonder" end="12" frame="verb(hebben,inf(no_e),transitive)" his="normal" his_1="normal" id="20" infl="inf(no_e)" lcat="inf" lemma="ontslaan" pos="verb" positie="vrij" postag="WW(inf,vrij,zonder)" pt="ww" rel="hd" root="ontsla" sc="transitive" sense="ontsla" word="ontslaan" wvorm="inf"/>
          </node>
        </node>
      </node>
    </node>
  </node>
  <sentence sentid="1238">De zanger neemt een persoon in dienst om de gitarist te ontslaan</sentence>
  <comments>
    <comment>Q#1238|De zanger neemt een persoon in dienst om de gitarist te ontslaan|1|1|-5.565593614900002</comment>
  </comments>
</alpino_ds>
