<?xml version="1.0" encoding="UTF-8"?>
<alpino_ds version="1.6">
  <parser build="Alpino-x86_64-linux-glibc2.5-git233-sicstus" date="2021-02-02T16:09" cats="1" skips="0" />
  <node begin="0" cat="top" end="15" id="0" rel="top">
    <node begin="8" end="9" frame="punct(komma)" his="normal" his_1="normal" id="1" lcat="punct" lemma="," pos="punct" postag="LET()" pt="let" rel="--" root="," sense="," special="komma" word=","/>
    <node begin="12" end="13" frame="punct(komma)" his="normal" his_1="normal" id="2" lcat="punct" lemma="," pos="punct" postag="LET()" pt="let" rel="--" root="," sense="," special="komma" word=","/>
    <node begin="0" cat="smain" end="15" id="3" rel="--">
      <node begin="0" cat="np" end="2" id="4" rel="su">
        <node begin="0" end="1" frame="determiner(de)" his="normal" his_1="decap" his_1_1="normal" id="5" infl="de" lcat="detp" lemma="de" lwtype="bep" naamval="stan" npagr="rest" pos="det" postag="LID(bep,stan,rest)" pt="lid" rel="det" root="de" sense="de" word="De"/>
        <node begin="1" end="2" frame="noun(de,count,sg)" gen="de" genus="zijd" getal="ev" graad="basis" his="normal" his_1="normal" id="6" lcat="np" lemma="vrouw" naamval="stan" ntype="soort" num="sg" pos="noun" postag="N(soort,ev,basis,zijd,stan)" pt="n" rel="hd" rnum="sg" root="vrouw" sense="vrouw" word="vrouw"/>
      </node>
      <node begin="2" end="3" frame="verb(hebben,sg3,transitive)" his="normal" his_1="normal" id="7" infl="sg3" lcat="smain" lemma="bespelen" pos="verb" postag="WW(pv,tgw,met-t)" pt="ww" pvagr="met-t" pvtijd="tgw" rel="hd" root="bespeel" sc="transitive" sense="bespeel" stype="declarative" tense="present" word="bespeelt" wvorm="pv"/>
      <node begin="3" cat="pp" end="6" id="8" rel="mod">
        <node begin="3" end="4" frame="preposition(met,[mee,[en,al]])" his="normal" his_1="normal" id="9" lcat="pp" lemma="met" pos="prep" postag="VZ(init)" pt="vz" rel="hd" root="met" sense="met" vztype="init" word="met"/>
        <node begin="4" cat="np" end="6" id="10" rel="obj1">
          <node aform="base" begin="4" buiging="zonder" end="5" frame="adjective(no_e(odet_adv))" graad="basis" his="normal" his_1="normal" id="11" infl="no_e" lcat="ap" lemma="veel" naamval="stan" npagr="agr" pdtype="grad" pos="adj" positie="prenom" postag="VNW(onbep,grad,stan,prenom,zonder,agr,basis)" pt="vnw" rel="det" root="veel" sense="veel" vform="adj" vwtype="onbep" word="veel"/>
          <node begin="5" end="6" frame="noun(het,count,sg)" gen="het" genus="onz" getal="ev" graad="basis" his="normal" his_1="normal" id="12" lcat="np" lemma="plezier" naamval="stan" ntype="soort" num="sg" pos="noun" postag="N(soort,ev,basis,onz,stan)" pt="n" rel="hd" rnum="sg" root="plezier" sense="plezier" word="plezier"/>
        </node>
      </node>
      <node begin="6" cat="np" end="15" id="13" rel="obj1">
        <node begin="6" end="7" frame="determiner(een)" his="normal" his_1="normal" id="14" infl="een" lcat="detp" lemma="een" lwtype="onbep" naamval="stan" npagr="agr" pos="det" postag="LID(onbep,stan,agr)" pt="lid" rel="det" root="een" sense="een" word="een"/>
        <node begin="7" end="8" frame="noun(de,count,sg)" gen="de" genus="zijd" getal="ev" graad="basis" his="normal" his_1="normal" id="15" lcat="np" lemma="gitaar" naamval="stan" ntype="soort" num="sg" pos="noun" postag="N(soort,ev,basis,zijd,stan)" pt="n" rel="hd" rnum="sg" root="gitaar" sense="gitaar" word="gitaar"/>
        <node begin="9" cat="rel" end="15" id="16" rel="mod">
          <node begin="9" case="no_obl" end="10" frame="rel_pronoun(de,no_obl)" gen="de" getal="getal" his="normal" his_1="normal" id="17" index="1" lcat="np" lemma="die" naamval="stan" pdtype="pron" persoon="persoon" pos="pron" postag="VNW(betr,pron,stan,vol,persoon,getal)" pt="vnw" rel="rhd" rnum="sg" root="die" sense="die" status="vol" vwtype="betr" wh="rel" word="die"/>
          <node begin="9" cat="conj" end="15" id="18" rel="body">
            <node begin="9" cat="ssub" end="12" id="19" rel="cnj">
              <node begin="9" end="10" id="20" index="1" rel="su"/>
              <node aform="base" begin="10" buiging="zonder" end="11" frame="adjective(no_e(adv))" graad="basis" his="normal" his_1="normal" id="21" infl="no_e" lcat="ap" lemma="akoestisch" pos="adj" positie="vrij" postag="ADJ(vrij,basis,zonder)" pt="adj" rel="predc" root="akoestisch" sense="akoestisch" vform="adj" word="akoestisch"/>
              <node begin="11" end="12" frame="verb(unacc,sg_heeft,copula)" his="normal" his_1="normal" id="22" infl="sg_heeft" lcat="ssub" lemma="zijn" pos="verb" postag="WW(pv,tgw,ev)" pt="ww" pvagr="ev" pvtijd="tgw" rel="hd" root="ben" sc="copula" sense="ben" tense="present" word="is" wvorm="pv"/>
            </node>
            <node begin="13" conjtype="neven" end="14" frame="conj(en)" his="normal" his_1="normal" id="23" lcat="vg" lemma="en" pos="vg" postag="VG(neven)" pt="vg" rel="crd" root="en" sense="en" word="en"/>
            <node begin="9" cat="ssub" end="15" id="24" rel="cnj">
              <node begin="9" end="10" id="25" index="1" rel="su"/>
              <node begin="14" end="15" frame="verb(hebben,sg3,intransitive)" his="normal" his_1="normal" id="26" infl="sg3" lcat="ssub" lemma="zingen" pos="verb" postag="WW(pv,tgw,met-t)" pt="ww" pvagr="met-t" pvtijd="tgw" rel="hd" root="zing" sc="intransitive" sense="zing" tense="present" word="zingt" wvorm="pv"/>
            </node>
          </node>
        </node>
      </node>
    </node>
  </node>
  <sentence sentid="1239">De vrouw bespeelt met veel plezier een gitaar , die akoestisch is , en zingt</sentence>
  <comments>
    <comment>Q#1239|De vrouw bespeelt met veel plezier een gitaar , die akoestisch is , en zingt|1|1|-8.417781113900004</comment>
  </comments>
</alpino_ds>
