<?xml version="1.0" encoding="UTF-8"?>
<alpino_ds version="1.6">
  <parser build="Alpino-x86_64-linux-glibc2.5-git233-sicstus" date="2021-02-02T15:58" cats="1" skips="0" />
  <node begin="0" cat="top" end="13" id="0" rel="top">
    <node begin="0" cat="smain" end="13" id="1" rel="--">
      <node begin="0" cat="np" end="2" id="2" index="1" rel="su">
        <node begin="0" end="1" frame="determiner(een)" his="normal" his_1="decap" his_1_1="normal" id="3" infl="een" lcat="detp" lemma="een" lwtype="onbep" naamval="stan" npagr="agr" pos="det" postag="LID(onbep,stan,agr)" pt="lid" rel="det" root="een" sense="een" word="Een"/>
        <node begin="1" end="2" frame="noun(de,count,sg)" gen="de" genus="zijd" getal="ev" graad="basis" his="normal" his_1="normal" id="4" lcat="np" lemma="motorfiets" naamval="stan" ntype="soort" num="sg" pos="noun" postag="N(soort,ev,basis,zijd,stan)" pt="n" rel="hd" rnum="sg" root="motorfiets" sense="motorfiets" word="motorfiets"/>
      </node>
      <node begin="2" end="3" frame="verb(unacc,sg_heeft,aan_het)" his="normal" his_1="normal" id="5" infl="sg_heeft" lcat="smain" lemma="zijn" pos="verb" postag="WW(pv,tgw,ev)" pt="ww" pvagr="ev" pvtijd="tgw" rel="hd" root="ben" sc="aan_het" sense="ben-aan_het" stype="declarative" tense="present" word="is" wvorm="pv"/>
      <node begin="0" cat="ahi" end="13" id="6" rel="vc">
        <node begin="4" cat="mwu" end="6" his="normal" his_1="normal" id="7" mwu_root="aan het" mwu_sense="aan het" rel="cmp">
          <node begin="4" end="5" frame="complementizer(aan_het)" id="8" lcat="ahi" lemma="aan" pos="comp" postag="VZ(init)" pt="vz" rel="mwp" root="aan" sc="aan_het" sense="aan" vztype="init" word="aan"/>
          <node begin="5" end="6" frame="complementizer(aan_het)" id="9" lcat="ahi" lemma="het" lwtype="bep" naamval="stan" npagr="evon" pos="comp" postag="LID(bep,stan,evon)" pt="lid" rel="mwp" root="het" sc="aan_het" sense="het" word="het"/>
        </node>
        <node begin="0" cat="inf" end="13" id="10" rel="body">
          <node begin="0" end="2" id="11" index="1" rel="su"/>
          <node aform="base" begin="3" end="4" frame="adjective(pred(adv))" his="normal" his_1="normal" id="12" infl="pred" lcat="ap" lemma="rechtop" pos="adj" postag="BW()" pt="bw" rel="mod" root="rechtop" sense="rechtop" vform="adj" word="rechtop"/>
          <node begin="6" buiging="zonder" end="7" frame="verb(hebben,inf,pc_pp(op))" his="normal" his_1="normal" id="13" infl="inf" lcat="inf" lemma="rijden" pos="verb" positie="vrij" postag="WW(inf,vrij,zonder)" pt="ww" rel="hd" root="rijd" sc="pc_pp(op)" sense="rijd-op" word="rijden" wvorm="inf"/>
          <node begin="7" cat="pp" end="13" id="14" rel="pc">
            <node begin="7" end="8" frame="preposition(op,[af,na])" his="normal" his_1="normal" id="15" lcat="pp" lemma="op" pos="prep" postag="VZ(init)" pt="vz" rel="hd" root="op" sense="op" vztype="init" word="op"/>
            <node begin="8" cat="np" end="13" id="16" rel="obj1">
              <node begin="8" end="9" frame="determiner(het,nwh,nmod,pro,nparg,wkpro)" his="normal" his_1="normal" id="17" infl="het" lcat="detp" lemma="het" lwtype="bep" naamval="stan" npagr="evon" pos="det" postag="LID(bep,stan,evon)" pt="lid" rel="det" root="het" sense="het" wh="nwh" word="het"/>
              <node begin="9" end="10" frame="noun(both,count,sg)" gen="both" genus="onz" getal="ev" graad="basis" his="normal" his_1="normal" id="18" lcat="np" lemma="zadel" naamval="stan" ntype="soort" num="sg" pos="noun" postag="N(soort,ev,basis,onz,stan)" pt="n" rel="hd" rnum="sg" root="zadel" sense="zadel" word="zadel"/>
              <node begin="10" cat="pp" end="13" id="19" rel="mod">
                <node begin="10" end="11" frame="preposition(van,[af,uit,vandaan,[af,aan]])" his="normal" his_1="normal" id="20" lcat="pp" lemma="van" pos="prep" postag="VZ(init)" pt="vz" rel="hd" root="van" sense="van" vztype="init" word="van"/>
                <node begin="11" cat="np" end="13" id="21" rel="obj1">
                  <node begin="11" end="12" frame="determiner(het,nwh,nmod,pro,nparg,wkpro)" his="normal" his_1="normal" id="22" infl="het" lcat="detp" lemma="het" lwtype="bep" naamval="stan" npagr="evon" pos="det" postag="LID(bep,stan,evon)" pt="lid" rel="det" root="het" sense="het" wh="nwh" word="het"/>
                  <node begin="12" end="13" frame="noun(het,count,sg)" gen="het" genus="onz" getal="ev" graad="basis" his="normal" his_1="normal" id="23" lcat="np" lemma="voertuig" naamval="stan" ntype="soort" num="sg" pos="noun" postag="N(soort,ev,basis,onz,stan)" pt="n" rel="hd" rnum="sg" root="voertuig" sense="voertuig" word="voertuig"/>
                </node>
              </node>
            </node>
          </node>
        </node>
      </node>
    </node>
  </node>
  <sentence sentid="124">Een motorfiets is rechtop aan het rijden op het zadel van het voertuig</sentence>
  <comments>
    <comment>Q#124|Een motorfiets is rechtop aan het rijden op het zadel van het voertuig|1|1|-4.193437190200001</comment>
  </comments>
</alpino_ds>
