<?xml version="1.0" encoding="UTF-8"?>
<alpino_ds version="1.6">
  <parser build="Alpino-x86_64-linux-glibc2.5-git233-sicstus" date="2021-02-02T16:09" cats="1" skips="0" />
  <node begin="0" cat="top" end="20" id="0" rel="top">
    <node begin="7" end="8" frame="punct(komma)" his="normal" his_1="normal" id="1" lcat="punct" lemma="," pos="punct" postag="LET()" pt="let" rel="--" root="," sense="," special="komma" word=","/>
    <node begin="11" end="12" frame="punct(komma)" his="normal" his_1="normal" id="2" lcat="punct" lemma="," pos="punct" postag="LET()" pt="let" rel="--" root="," sense="," special="komma" word=","/>
    <node begin="15" end="16" frame="punct(komma)" his="normal" his_1="normal" id="3" lcat="punct" lemma="," pos="punct" postag="LET()" pt="let" rel="--" root="," sense="," special="komma" word=","/>
    <node begin="0" cat="smain" end="20" id="4" rel="--">
      <node begin="0" cat="np" end="2" id="5" index="1" rel="su">
        <node begin="0" end="1" frame="determiner(de)" his="normal" his_1="decap" his_1_1="normal" id="6" infl="de" lcat="detp" lemma="de" lwtype="bep" naamval="stan" npagr="rest" pos="det" postag="LID(bep,stan,rest)" pt="lid" rel="det" root="de" sense="de" word="De"/>
        <node begin="1" end="2" frame="noun(de,count,sg)" gen="de" genus="zijd" getal="ev" graad="basis" his="normal" his_1="normal" id="7" lcat="np" lemma="vrouw" naamval="stan" ntype="soort" num="sg" pos="noun" postag="N(soort,ev,basis,zijd,stan)" pt="n" rel="hd" rnum="sg" root="vrouw" sense="vrouw" word="vrouw"/>
      </node>
      <node begin="2" end="3" frame="verb(unacc,sg_heeft,aan_het)" his="normal" his_1="normal" id="8" infl="sg_heeft" lcat="smain" lemma="zijn" pos="verb" postag="WW(pv,tgw,ev)" pt="ww" pvagr="ev" pvtijd="tgw" rel="hd" root="ben" sc="aan_het" sense="ben-aan_het" stype="declarative" tense="present" word="is" wvorm="pv"/>
      <node begin="3" end="4" frame="adverb" his="normal" his_1="normal" id="9" lcat="advp" lemma="niet" pos="adv" postag="BW()" pt="bw" rel="mod" root="niet" sense="niet" word="niet"/>
      <node begin="0" cat="conj" end="20" id="10" rel="vc">
        <node begin="0" cat="ahi" end="15" id="11" rel="cnj">
          <node begin="12" cat="mwu" end="14" his="normal" his_1="normal" id="12" mwu_root="aan het" mwu_sense="aan het" rel="cmp">
            <node begin="12" end="13" frame="complementizer(aan_het)" id="13" lcat="ahi" lemma="aan" pos="comp" postag="VZ(init)" pt="vz" rel="mwp" root="aan" sc="aan_het" sense="aan" vztype="init" word="aan"/>
            <node begin="13" end="14" frame="complementizer(aan_het)" id="14" lcat="ahi" lemma="het" lwtype="bep" naamval="stan" npagr="evon" pos="comp" postag="LID(bep,stan,evon)" pt="lid" rel="mwp" root="het" sc="aan_het" sense="het" word="het"/>
          </node>
          <node begin="0" cat="inf" end="15" id="15" rel="body">
            <node begin="0" end="2" id="16" index="1" rel="su"/>
            <node begin="4" cat="pp" end="11" id="17" index="2" rel="mod">
              <node begin="4" end="5" frame="preposition(op,[af,na])" his="normal" his_1="normal" id="18" lcat="pp" lemma="op" pos="prep" postag="VZ(init)" pt="vz" rel="hd" root="op" sense="op" vztype="init" word="op"/>
              <node begin="5" cat="np" end="11" id="19" rel="obj1">
                <node begin="5" end="6" frame="determiner(de)" his="normal" his_1="normal" id="20" infl="de" lcat="detp" lemma="de" lwtype="bep" naamval="stan" npagr="rest" pos="det" postag="LID(bep,stan,rest)" pt="lid" rel="det" root="de" sense="de" word="de"/>
                <node begin="6" end="7" frame="noun(de,count,sg)" gen="de" genus="zijd" getal="ev" graad="basis" his="normal" his_1="normal" id="21" lcat="np" lemma="gitaar" naamval="stan" ntype="soort" num="sg" pos="noun" postag="N(soort,ev,basis,zijd,stan)" pt="n" rel="hd" rnum="sg" root="gitaar" sense="gitaar" word="gitaar"/>
                <node begin="8" cat="rel" end="11" id="22" rel="mod">
                  <node begin="8" case="no_obl" end="9" frame="rel_pronoun(de,no_obl)" gen="de" getal="getal" his="normal" his_1="normal" id="23" index="3" lcat="np" lemma="die" naamval="stan" pdtype="pron" persoon="persoon" pos="pron" postag="VNW(betr,pron,stan,vol,persoon,getal)" pt="vnw" rel="rhd" rnum="sg" root="die" sense="die" status="vol" vwtype="betr" wh="rel" word="die"/>
                  <node begin="8" cat="ssub" end="11" id="24" rel="body">
                    <node begin="8" end="9" id="25" index="3" rel="su"/>
                    <node aform="base" begin="9" buiging="zonder" end="10" frame="adjective(no_e(adv))" graad="basis" his="normal" his_1="normal" id="26" infl="no_e" lcat="ap" lemma="akoestisch" pos="adj" positie="vrij" postag="ADJ(vrij,basis,zonder)" pt="adj" rel="predc" root="akoestisch" sense="akoestisch" vform="adj" word="akoestisch"/>
                    <node begin="10" end="11" frame="verb(unacc,sg_heeft,copula)" his="normal" his_1="normal" id="27" infl="sg_heeft" lcat="ssub" lemma="zijn" pos="verb" postag="WW(pv,tgw,ev)" pt="ww" pvagr="ev" pvtijd="tgw" rel="hd" root="ben" sc="copula" sense="ben" tense="present" word="is" wvorm="pv"/>
                  </node>
                </node>
              </node>
            </node>
            <node begin="14" buiging="zonder" end="15" frame="verb(hebben,inf,intransitive)" his="normal" his_1="normal" id="28" infl="inf" lcat="inf" lemma="spelen" pos="verb" positie="vrij" postag="WW(inf,vrij,zonder)" pt="ww" rel="hd" root="speel" sc="intransitive" sense="speel" word="spelen" wvorm="inf"/>
          </node>
        </node>
        <node begin="16" conjtype="neven" end="17" frame="conj(of)" his="normal" his_1="normal" id="29" lcat="vg" lemma="of" pos="vg" postag="VG(neven)" pt="vg" rel="crd" root="of" sense="of" word="of"/>
        <node begin="0" cat="ahi" end="20" id="30" rel="cnj">
          <node begin="17" cat="mwu" end="19" his="normal" his_1="normal" id="31" mwu_root="aan het" mwu_sense="aan het" rel="cmp">
            <node begin="17" end="18" frame="complementizer(aan_het)" id="32" lcat="ahi" lemma="aan" pos="comp" postag="VZ(init)" pt="vz" rel="mwp" root="aan" sc="aan_het" sense="aan" vztype="init" word="aan"/>
            <node begin="18" end="19" frame="complementizer(aan_het)" id="33" lcat="ahi" lemma="het" lwtype="bep" naamval="stan" npagr="evon" pos="comp" postag="LID(bep,stan,evon)" pt="lid" rel="mwp" root="het" sc="aan_het" sense="het" word="het"/>
          </node>
          <node begin="0" cat="inf" end="20" id="34" rel="body">
            <node begin="0" end="2" id="35" index="1" rel="su"/>
            <node begin="4" end="11" id="36" index="2" rel="mod"/>
            <node begin="19" buiging="zonder" end="20" frame="verb(hebben,inf,intransitive)" his="normal" his_1="normal" id="37" infl="inf" lcat="inf" lemma="zingen" pos="verb" positie="vrij" postag="WW(inf,vrij,zonder)" pt="ww" rel="hd" root="zing" sc="intransitive" sense="zing" word="zingen" wvorm="inf"/>
          </node>
        </node>
      </node>
    </node>
  </node>
  <sentence sentid="1241">De vrouw is niet op de gitaar , die akoestisch is , aan het spelen , of aan het zingen</sentence>
  <comments>
    <comment>Q#1241|De vrouw is niet op de gitaar , die akoestisch is , aan het spelen , of aan het zingen|1|1|-13.5924836808</comment>
  </comments>
</alpino_ds>
