<?xml version="1.0" encoding="UTF-8"?>
<alpino_ds version="1.6">
  <parser build="Alpino-x86_64-linux-glibc2.5-git233-sicstus" date="2021-02-02T16:09" cats="1" skips="0" />
  <node begin="0" cat="top" end="9" id="0" rel="top">
    <node begin="0" cat="smain" end="9" id="1" rel="--">
      <node begin="0" cat="np" end="3" id="2" rel="su">
        <node begin="0" end="1" frame="determiner(een)" his="normal" his_1="decap" his_1_1="normal" id="3" infl="een" lcat="detp" lemma="een" lwtype="onbep" naamval="stan" npagr="agr" pos="det" postag="LID(onbep,stan,agr)" pt="lid" rel="det" root="een" sense="een" word="Een"/>
        <node aform="base" begin="1" buiging="zonder" end="2" frame="adjective(both(padv))" graad="basis" his="normal" his_1="normal" id="4" infl="both" lcat="ap" lemma="dronken" pos="adj" positie="prenom" postag="ADJ(prenom,basis,zonder)" pt="adj" rel="mod" root="dronken" sense="dronken" vform="adj" word="dronken"/>
        <node begin="2" end="3" frame="noun(de,count,bare_meas)" gen="de" genus="zijd" getal="ev" graad="basis" his="normal" his_1="normal" id="5" lcat="np" lemma="man" naamval="stan" ntype="soort" num="bare_meas" pos="noun" postag="N(soort,ev,basis,zijd,stan)" pt="n" rel="hd" rnum="sg" root="man" sense="man" word="man"/>
      </node>
      <node begin="3" end="4" frame="verb(hebben,sg3,ld_pp)" his="normal" his_1="normal" id="6" infl="sg3" lcat="smain" lemma="plassen" pos="verb" postag="WW(pv,tgw,met-t)" pt="ww" pvagr="met-t" pvtijd="tgw" rel="hd" root="plas" sc="ld_pp" sense="plas" stype="declarative" tense="present" word="plast" wvorm="pv"/>
      <node aform="base" begin="4" buiging="zonder" end="5" frame="adjective(no_e(adv))" graad="basis" his="normal" his_1="normal" id="7" infl="no_e" lcat="ap" lemma="onvoorzichtig" pos="adj" positie="vrij" postag="ADJ(vrij,basis,zonder)" pt="adj" rel="mod" root="onvoorzichtig" sense="onvoorzichtig" vform="adj" word="onvoorzichtig"/>
      <node begin="5" cat="pp" end="9" id="8" rel="ld">
        <node begin="5" end="6" frame="preposition(over,[heen])" his="normal" his_1="normal" id="9" lcat="pp" lemma="over" pos="prep" postag="VZ(init)" pt="vz" rel="hd" root="over" sense="over" vztype="init" word="over"/>
        <node begin="6" cat="np" end="8" id="10" rel="obj1">
          <node begin="6" end="7" frame="determiner(een)" his="normal" his_1="normal" id="11" infl="een" lcat="detp" lemma="een" lwtype="onbep" naamval="stan" npagr="agr" pos="det" postag="LID(onbep,stan,agr)" pt="lid" rel="det" root="een" sense="een" word="een"/>
          <node begin="7" end="8" frame="noun(de,count,sg)" gen="de" genus="zijd" getal="ev" graad="basis" his="normal" his_1="normal" id="12" lcat="np" lemma="kat" naamval="stan" ntype="soort" num="sg" pos="noun" postag="N(soort,ev,basis,zijd,stan)" pt="n" rel="hd" rnum="sg" root="kat" sense="kat" word="kat"/>
        </node>
        <node begin="8" end="9" frame="particle(heen)" his="normal" his_1="normal" id="13" lcat="part" lemma="heen" pos="part" postag="VZ(fin)" pt="vz" rel="hdf" root="heen" sense="heen" vztype="fin" word="heen"/>
      </node>
    </node>
  </node>
  <sentence sentid="1246">Een dronken man plast onvoorzichtig over een kat heen</sentence>
  <comments>
    <comment>Q#1246|Een dronken man plast onvoorzichtig over een kat heen|1|1|-7.720545657600001</comment>
  </comments>
</alpino_ds>
