<?xml version="1.0" encoding="UTF-8"?>
<alpino_ds version="1.6">
  <parser build="Alpino-x86_64-linux-glibc2.5-git233-sicstus" date="2021-02-02T16:09" cats="1" skips="0" />
  <node begin="0" cat="top" end="7" id="0" rel="top">
    <node begin="0" cat="smain" end="7" id="1" rel="--">
      <node begin="0" cat="np" end="2" id="2" rel="su">
        <node begin="0" end="1" frame="determiner(een)" his="normal" his_1="decap" his_1_1="normal" id="3" infl="een" lcat="detp" lemma="een" lwtype="onbep" naamval="stan" npagr="agr" pos="det" postag="LID(onbep,stan,agr)" pt="lid" rel="det" root="een" sense="een" word="Een"/>
        <node begin="1" end="2" frame="noun(de,count,sg)" gen="de" genus="zijd" getal="ev" graad="basis" his="normal" his_1="normal" id="4" lcat="np" lemma="vracht_wagen" naamval="stan" ntype="soort" num="sg" pos="noun" postag="N(soort,ev,basis,zijd,stan)" pt="n" rel="hd" rnum="sg" root="vracht_wagen" sense="vracht_wagen" word="vrachtwagen"/>
      </node>
      <node begin="2" end="3" frame="verb(zijn,sg3,part_ld_transitive(af))" his="normal" his_1="normal" id="5" infl="sg3" lcat="smain" lemma="af_gaan" pos="verb" postag="WW(pv,tgw,met-t)" pt="ww" pvagr="met-t" pvtijd="tgw" rel="hd" root="ga_af" sc="part_ld_transitive(af)" sense="ga_af" stype="declarative" tense="present" word="gaat" wvorm="pv"/>
      <node aform="base" begin="3" buiging="zonder" end="4" frame="adjective(no_e(adv))" graad="basis" his="normal" his_1="normal" id="6" infl="no_e" lcat="ap" lemma="snel" pos="adj" positie="vrij" postag="ADJ(vrij,basis,zonder)" pt="adj" rel="mod" root="snel" sense="snel" vform="adj" word="snel"/>
      <node begin="4" cat="np" end="6" id="7" rel="ld">
        <node begin="4" end="5" frame="determiner(de)" his="normal" his_1="normal" id="8" infl="de" lcat="detp" lemma="de" lwtype="bep" naamval="stan" npagr="rest" pos="det" postag="LID(bep,stan,rest)" pt="lid" rel="det" root="de" sense="de" word="de"/>
        <node begin="5" end="6" frame="noun(de,count,sg)" gen="de" genus="zijd" getal="ev" graad="basis" his="normal" his_1="normal" id="9" lcat="np" lemma="heuvel" naamval="stan" ntype="soort" num="sg" pos="noun" postag="N(soort,ev,basis,zijd,stan)" pt="n" rel="hd" rnum="sg" root="heuvel" sense="heuvel" word="heuvel"/>
      </node>
      <node begin="6" end="7" frame="particle(af)" his="normal" his_1="normal" id="10" lcat="part" lemma="af" pos="part" postag="VZ(fin)" pt="vz" rel="svp" root="af" sense="af" vztype="fin" word="af"/>
    </node>
  </node>
  <sentence sentid="1247">Een vrachtwagen gaat snel de heuvel af</sentence>
  <comments>
    <comment>Q#1247|Een vrachtwagen gaat snel de heuvel af|1|1|-5.638079485300001</comment>
  </comments>
</alpino_ds>
