<?xml version="1.0" encoding="UTF-8"?>
<alpino_ds version="1.6">
  <parser build="Alpino-x86_64-linux-glibc2.5-git233-sicstus" date="2021-02-02T16:09" cats="1" skips="0" />
  <node begin="0" cat="top" end="6" id="0" rel="top">
    <node begin="0" cat="smain" end="6" id="1" rel="--">
      <node begin="0" cat="np" end="2" id="2" rel="su">
        <node begin="0" end="1" frame="determiner(een)" his="normal" his_1="decap" his_1_1="normal" id="3" infl="een" lcat="detp" lemma="een" lwtype="onbep" naamval="stan" npagr="agr" pos="det" postag="LID(onbep,stan,agr)" pt="lid" rel="det" root="een" sense="een" word="Een"/>
        <node begin="1" end="2" frame="noun(de,count,bare_meas)" gen="de" genus="zijd" getal="ev" graad="basis" his="normal" his_1="normal" id="4" lcat="np" lemma="man" naamval="stan" ntype="soort" num="bare_meas" pos="noun" postag="N(soort,ev,basis,zijd,stan)" pt="n" rel="hd" rnum="sg" root="man" sense="man" word="man"/>
      </node>
      <node begin="2" end="3" frame="verb(hebben,sg3,pc_pp(op))" his="normal" his_1="normal" id="5" infl="sg3" lcat="smain" lemma="rijden" pos="verb" postag="WW(pv,tgw,met-t)" pt="ww" pvagr="met-t" pvtijd="tgw" rel="hd" root="rijd" sc="pc_pp(op)" sense="rijd-op" stype="declarative" tense="present" word="rijdt" wvorm="pv"/>
      <node begin="3" cat="pp" end="6" id="6" rel="pc">
        <node begin="3" end="4" frame="preposition(op,[af,na])" his="normal" his_1="normal" id="7" lcat="pp" lemma="op" pos="prep" postag="VZ(init)" pt="vz" rel="hd" root="op" sense="op" vztype="init" word="op"/>
        <node begin="4" cat="np" end="6" id="8" rel="obj1">
          <node begin="4" end="5" frame="determiner(een)" his="normal" his_1="normal" id="9" infl="een" lcat="detp" lemma="een" lwtype="onbep" naamval="stan" npagr="agr" pos="det" postag="LID(onbep,stan,agr)" pt="lid" rel="det" root="een" sense="een" word="een"/>
          <node begin="5" end="6" frame="noun(de,count,sg)" gen="de" genus="zijd" getal="ev" graad="basis" his="normal" his_1="normal" id="10" lcat="np" lemma="motor" naamval="stan" ntype="soort" num="sg" pos="noun" postag="N(soort,ev,basis,zijd,stan)" pt="n" rel="hd" rnum="sg" root="motor" sense="motor" word="motor"/>
        </node>
      </node>
    </node>
  </node>
  <sentence sentid="1262">Een man rijdt op een motor</sentence>
  <comments>
    <comment>Q#1262|Een man rijdt op een motor|1|1|-5.446717071400002</comment>
  </comments>
</alpino_ds>
