<?xml version="1.0" encoding="UTF-8"?>
<alpino_ds version="1.6">
  <parser build="Alpino-x86_64-linux-glibc2.5-git233-sicstus" date="2021-02-02T16:09" cats="2" skips="0" />
  <node begin="0" cat="top" end="6" id="0" rel="top">
    <node begin="0" cat="du" end="6" id="1" rel="--">
      <node begin="0" cat="smain" end="3" id="2" rel="dp">
        <node begin="0" cat="np" end="2" id="3" rel="su">
          <node begin="0" end="1" frame="determiner(een)" his="normal" his_1="decap" his_1_1="normal" id="4" infl="een" lcat="detp" lemma="een" lwtype="onbep" naamval="stan" npagr="agr" pos="det" postag="LID(onbep,stan,agr)" pt="lid" rel="det" root="een" sense="een" word="Een"/>
          <node begin="1" end="2" frame="noun(de,count,sg)" gen="de" genus="zijd" getal="ev" graad="basis" his="normal" his_1="normal" id="5" lcat="np" lemma="motor_rijder" naamval="stan" ntype="soort" num="sg" pos="noun" postag="N(soort,ev,basis,zijd,stan)" pt="n" rel="hd" rnum="sg" root="motor_rijder" sense="motor_rijder" word="motorrijder"/>
        </node>
        <node begin="2" end="3" frame="verb('hebben/zijn',sg3,intransitive)" his="normal" his_1="normal" id="6" infl="sg3" lcat="smain" lemma="rennen" pos="verb" postag="WW(pv,tgw,met-t)" pt="ww" pvagr="met-t" pvtijd="tgw" rel="hd" root="ren" sc="intransitive" sense="ren" stype="declarative" tense="present" word="rent" wvorm="pv"/>
      </node>
      <node begin="3" cat="np" end="6" id="7" rel="dp">
        <node begin="3" end="4" frame="determiner(een)" his="normal" his_1="normal" id="8" infl="een" lcat="detp" lemma="een" lwtype="onbep" naamval="stan" npagr="agr" pos="det" postag="LID(onbep,stan,agr)" pt="lid" rel="det" root="een" sense="een" word="een"/>
        <node begin="4" end="5" frame="noun(de,count,bare_meas)" gen="de" genus="zijd" getal="ev" graad="basis" his="normal" his_1="normal" id="9" lcat="np" lemma="man" naamval="stan" ntype="soort" num="bare_meas" pos="noun" postag="N(soort,ev,basis,zijd,stan)" pt="n" rel="hd" rnum="sg" root="man" sense="man" word="man"/>
        <node begin="5" end="6" frame="dir_adverb" his="normal" his_1="normal" id="10" lcat="advp" lemma="omver" pos="adv" postag="BW()" pt="bw" rel="mod" root="omver" sense="omver" special="dir" word="omver"/>
      </node>
    </node>
  </node>
  <sentence sentid="1265">Een motorrijder rent een man omver</sentence>
  <comments>
    <comment>Q#1265|Een motorrijder rent een man omver|1|2|-0.05714958980000058</comment>
  </comments>
</alpino_ds>
