<?xml version="1.0" encoding="UTF-8"?>
<alpino_ds version="1.6">
  <parser build="Alpino-x86_64-linux-glibc2.5-git233-sicstus" date="2021-02-02T16:09" cats="1" skips="0" />
  <node begin="0" cat="top" end="12" id="0" rel="top">
    <node begin="2" end="3" frame="punct(komma)" his="normal" his_1="normal" id="1" lcat="punct" lemma="," pos="punct" postag="LET()" pt="let" rel="--" root="," sense="," special="komma" word=","/>
    <node begin="7" end="8" frame="punct(komma)" his="normal" his_1="normal" id="2" lcat="punct" lemma="," pos="punct" postag="LET()" pt="let" rel="--" root="," sense="," special="komma" word=","/>
    <node begin="0" cat="smain" end="12" id="3" rel="--">
      <node begin="0" cat="np" end="7" id="4" rel="su">
        <node begin="0" end="1" frame="determiner(het,nwh,nmod,pro,nparg,wkpro)" his="normal" his_1="decap" his_1_1="normal" id="5" infl="het" lcat="detp" lemma="het" lwtype="bep" naamval="stan" npagr="evon" pos="det" postag="LID(bep,stan,evon)" pt="lid" rel="det" root="het" sense="het" wh="nwh" word="Het"/>
        <node begin="1" end="2" frame="noun(het,count,sg)" gen="het" genus="onz" getal="ev" graad="basis" his="normal" his_1="normal" id="6" lcat="np" lemma="kind" naamval="stan" ntype="soort" num="sg" pos="noun" postag="N(soort,ev,basis,onz,stan)" pt="n" rel="hd" rnum="sg" root="kind" sense="kind" word="kind"/>
        <node begin="3" cat="rel" end="7" id="7" rel="mod">
          <node begin="3" case="no_obl" end="4" frame="rel_pronoun(het,no_obl)" gen="het" getal="ev" his="normal" his_1="normal" id="8" index="1" lcat="np" lemma="dat" naamval="stan" pdtype="pron" persoon="3" pos="pron" postag="VNW(betr,pron,stan,vol,3,ev)" pt="vnw" rel="rhd" rnum="sg" root="dat" sense="dat" status="vol" vwtype="betr" wh="rel" word="dat"/>
          <node begin="3" cat="ssub" end="7" id="9" rel="body">
            <node begin="3" end="4" id="10" index="1" rel="su"/>
            <node begin="4" cat="pp" end="6" id="11" rel="pc">
              <node begin="4" end="5" frame="preposition(aan,[vooraf])" his="normal" his_1="normal" id="12" lcat="pp" lemma="aan" pos="prep" postag="VZ(init)" pt="vz" rel="hd" root="aan" sense="aan" vztype="init" word="aan"/>
              <node begin="5" end="6" frame="noun(de,mass,sg)" gen="de" genus="zijd" getal="ev" graad="basis" his="normal" his_1="normal" id="13" lcat="np" lemma="magie" naamval="stan" ntype="soort" num="sg" pos="noun" postag="N(soort,ev,basis,zijd,stan)" pt="n" rel="obj1" rnum="sg" root="magie" sense="magie" word="magie"/>
            </node>
            <node begin="6" end="7" frame="verb(hebben,sg3,pc_pp(aan))" his="normal" his_1="normal" id="14" infl="sg3" lcat="ssub" lemma="doen" pos="verb" postag="WW(pv,tgw,met-t)" pt="ww" pvagr="met-t" pvtijd="tgw" rel="hd" root="doe" sc="pc_pp(aan)" sense="doe-aan" tense="present" word="doet" wvorm="pv"/>
          </node>
        </node>
      </node>
      <node begin="8" end="9" frame="verb(hebben,sg3,transitive)" his="normal" his_1="normal" id="15" infl="sg3" lcat="smain" lemma="bedriegen" pos="verb" postag="WW(pv,tgw,met-t)" pt="ww" pvagr="met-t" pvtijd="tgw" rel="hd" root="bedrieg" sc="transitive" sense="bedrieg" stype="declarative" tense="present" word="bedriegt" wvorm="pv"/>
      <node begin="9" cat="np" end="12" id="16" rel="obj1">
        <node begin="9" end="10" frame="determiner(een)" his="normal" his_1="normal" id="17" infl="een" lcat="detp" lemma="een" lwtype="onbep" naamval="stan" npagr="agr" pos="det" postag="LID(onbep,stan,agr)" pt="lid" rel="det" root="een" sense="een" word="een"/>
        <node aform="base" begin="10" buiging="met-e" end="11" frame="adjective(e)" graad="basis" his="normal" his_1="normal" id="18" infl="e" lcat="ap" lemma="oud" naamval="stan" pos="adj" positie="prenom" postag="ADJ(prenom,basis,met-e,stan)" pt="adj" rel="mod" root="oud" sense="oud" vform="adj" word="oude"/>
        <node begin="11" end="12" frame="noun(de,count,bare_meas)" gen="de" genus="zijd" getal="ev" graad="basis" his="normal" his_1="normal" id="19" lcat="np" lemma="man" naamval="stan" ntype="soort" num="bare_meas" pos="noun" postag="N(soort,ev,basis,zijd,stan)" pt="n" rel="hd" rnum="sg" root="man" sense="man" word="man"/>
      </node>
    </node>
  </node>
  <sentence sentid="1269">Het kind , dat aan magie doet , bedriegt een oude man</sentence>
  <comments>
    <comment>Q#1269|Het kind , dat aan magie doet , bedriegt een oude man|1|1|-7.637571415100002</comment>
  </comments>
</alpino_ds>
