<?xml version="1.0" encoding="UTF-8"?>
<alpino_ds version="1.6">
  <parser build="Alpino-x86_64-linux-glibc2.5-git233-sicstus" date="2021-02-02T15:58" cats="1" skips="0" />
  <node begin="0" cat="top" end="12" id="0" rel="top">
    <node begin="0" cat="conj" end="12" id="1" rel="--">
      <node begin="0" cat="smain" end="7" id="2" rel="cnj">
        <node begin="0" cat="np" end="2" id="3" index="1" rel="su">
          <node begin="0" end="1" frame="determiner(een)" his="normal" his_1="decap" his_1_1="normal" id="4" infl="een" lcat="detp" lemma="een" lwtype="onbep" naamval="stan" npagr="agr" pos="det" postag="LID(onbep,stan,agr)" pt="lid" rel="det" root="een" sense="een" word="Een"/>
          <node begin="1" end="2" frame="noun(de,count,sg)" gen="de" genus="zijd" getal="ev" graad="basis" his="normal" his_1="normal" id="5" lcat="np" lemma="rijder" naamval="stan" ntype="soort" num="sg" pos="noun" postag="N(soort,ev,basis,zijd,stan)" pt="n" rel="hd" rnum="sg" root="rijder" sense="rijder" word="rijder"/>
        </node>
        <node begin="2" end="3" frame="verb(hebben,sg,ld_pp)" his="normal" his_1="normal" id="6" infl="sg" lcat="smain" lemma="zitten" pos="verb" postag="WW(pv,tgw,ev)" pt="ww" pvagr="ev" pvtijd="tgw" rel="hd" root="zit" sc="ld_pp" sense="zit" tense="present" word="zit" wvorm="pv"/>
        <node begin="3" cat="pp" end="7" id="7" rel="ld">
          <node begin="3" end="4" frame="preposition(op,[af,na])" his="normal" his_1="normal" id="8" lcat="pp" lemma="op" pos="prep" postag="VZ(init)" pt="vz" rel="hd" root="op" sense="op" vztype="init" word="op"/>
          <node begin="4" cat="np" end="7" id="9" rel="obj1">
            <node begin="4" end="5" frame="determiner(een)" his="normal" his_1="normal" id="10" infl="een" lcat="detp" lemma="een" lwtype="onbep" naamval="stan" npagr="agr" pos="det" postag="LID(onbep,stan,agr)" pt="lid" rel="det" root="een" sense="een" word="een"/>
            <node aform="base" begin="5" buiging="met-e" end="6" frame="adjective(e)" graad="basis" his="normal" his_1="normal" id="11" infl="e" lcat="ap" lemma="zwart_wit" naamval="stan" pos="adj" positie="prenom" postag="ADJ(prenom,basis,met-e,stan)" pt="adj" rel="mod" root="zwart_wit" sense="zwart_wit" vform="adj" word="zwart-witte"/>
            <node begin="6" end="7" frame="noun(de,count,sg)" gen="de" genus="zijd" getal="ev" graad="basis" his="normal" his_1="normal" id="12" lcat="np" lemma="fiets" naamval="stan" ntype="soort" num="sg" pos="noun" postag="N(soort,ev,basis,zijd,stan)" pt="n" rel="hd" rnum="sg" root="fiets" sense="fiets" word="fiets"/>
          </node>
        </node>
      </node>
      <node begin="7" conjtype="neven" end="8" frame="conj(en)" his="normal" his_1="normal" id="13" lcat="vg" lemma="en" pos="vg" postag="VG(neven)" pt="vg" rel="crd" root="en" sense="en" word="en"/>
      <node begin="0" cat="smain" end="12" id="14" rel="cnj">
        <node begin="0" end="2" id="15" index="1" rel="su"/>
        <node begin="8" end="9" frame="verb(hebben,sg3,ld_pp)" his="normal" his_1="normal" id="16" infl="sg3" lcat="smain" lemma="staan" pos="verb" postag="WW(pv,tgw,met-t)" pt="ww" pvagr="met-t" pvtijd="tgw" rel="hd" root="sta" sc="ld_pp" sense="sta" tense="present" word="staat" wvorm="pv"/>
        <node begin="9" cat="pp" end="12" id="17" rel="ld">
          <node begin="9" end="10" frame="preposition(op,[af,na])" his="normal" his_1="normal" id="18" lcat="pp" lemma="op" pos="prep" postag="VZ(init)" pt="vz" rel="hd" root="op" sense="op" vztype="init" word="op"/>
          <node begin="10" cat="np" end="12" id="19" rel="obj1">
            <node begin="10" end="11" frame="determiner(het,nwh,nmod,pro,nparg,wkpro)" his="normal" his_1="normal" id="20" infl="het" lcat="detp" lemma="het" lwtype="bep" naamval="stan" npagr="evon" pos="det" postag="LID(bep,stan,evon)" pt="lid" rel="det" root="het" sense="het" wh="nwh" word="het"/>
            <node begin="11" end="12" frame="noun(both,count,sg)" gen="both" genus="onz" getal="ev" graad="basis" his="normal" his_1="normal" id="21" lcat="np" lemma="zadel" naamval="stan" ntype="soort" num="sg" pos="noun" postag="N(soort,ev,basis,onz,stan)" pt="n" rel="hd" rnum="sg" root="zadel" sense="zadel" word="zadel"/>
          </node>
        </node>
      </node>
    </node>
  </node>
  <sentence sentid="127">Een rijder zit op een zwart-witte fiets en staat op het zadel</sentence>
  <comments>
    <comment>Q#127|Een rijder zit op een zwart-witte fiets en staat op het zadel|1|1|-4.943971595399999</comment>
  </comments>
</alpino_ds>
