<?xml version="1.0" encoding="UTF-8"?>
<alpino_ds version="1.6">
  <parser build="Alpino-x86_64-linux-glibc2.5-git233-sicstus" date="2021-02-02T16:09" cats="1" skips="0" />
  <node begin="0" cat="top" end="11" id="0" rel="top">
    <node begin="0" cat="smain" end="11" id="1" rel="--">
      <node begin="0" cat="np" end="5" id="2" rel="su">
        <node begin="0" buiging="met-e" end="1" frame="determiner(pl_num,nwh,nmod,pro,yparg)" his="normal" his_1="decap" his_1_1="normal" id="3" infl="pl_num" lcat="detp" lemma="sommig" naamval="stan" npagr="rest" pdtype="det" pos="det" positie="prenom" postag="VNW(onbep,det,stan,prenom,met-e,rest)" pt="vnw" rel="det" root="sommig" sense="sommig" vwtype="onbep" wh="nwh" word="Sommige"/>
        <node aform="base" begin="1" buiging="met-e" end="2" frame="adjective(e)" graad="basis" his="normal" his_1="normal" id="4" infl="e" lcat="ap" lemma="gevaarlijk" naamval="stan" pos="adj" positie="prenom" postag="ADJ(prenom,basis,met-e,stan)" pt="adj" rel="mod" root="gevaarlijk" sense="gevaarlijk" vform="adj" word="gevaarlijke"/>
        <node begin="2" end="3" frame="noun(de,count,pl)" gen="de" getal="mv" graad="basis" his="normal" his_1="normal" id="5" lcat="np" lemma="man" ntype="soort" num="pl" pos="noun" postag="N(soort,mv,basis)" pt="n" rel="hd" rnum="pl" root="man" sense="man" word="mannen"/>
        <node begin="3" cat="pp" end="5" id="6" rel="mod">
          <node begin="3" end="4" frame="preposition(met,[mee,[en,al]])" his="normal" his_1="normal" id="7" lcat="pp" lemma="met" pos="prep" postag="VZ(init)" pt="vz" rel="hd" root="met" sense="met" vztype="init" word="met"/>
          <node begin="4" end="5" frame="noun(het,count,pl)" gen="het" getal="mv" graad="basis" his="normal" his_1="normal" id="8" lcat="np" lemma="mes" ntype="soort" num="pl" pos="noun" postag="N(soort,mv,basis)" pt="n" rel="obj1" rnum="pl" root="mes" sense="mes" word="messen"/>
        </node>
      </node>
      <node begin="5" end="6" frame="verb(hebben,pl,transitive)" his="normal" his_1="normal" id="9" infl="pl" lcat="smain" lemma="gooien" pos="verb" postag="WW(pv,tgw,mv)" pt="ww" pvagr="mv" pvtijd="tgw" rel="hd" root="gooi" sc="transitive" sense="gooi" stype="declarative" tense="present" word="gooien" wvorm="pv"/>
      <node begin="6" cat="np" end="11" id="10" rel="obj1">
        <node begin="6" end="7" frame="determiner(een)" his="normal" his_1="normal" id="11" infl="een" lcat="detp" lemma="een" lwtype="onbep" naamval="stan" npagr="agr" pos="det" postag="LID(onbep,stan,agr)" pt="lid" rel="det" root="een" sense="een" word="een"/>
        <node begin="7" end="8" frame="noun(de,count,sg)" gen="de" genus="zijd" getal="ev" graad="basis" his="normal" his_1="normal" id="12" lcat="np" lemma="fiets" naamval="stan" ntype="soort" num="sg" pos="noun" postag="N(soort,ev,basis,zijd,stan)" pt="n" rel="hd" rnum="sg" root="fiets" sense="fiets" word="fiets"/>
        <node begin="8" cat="pp" end="11" id="13" rel="mod">
          <node begin="8" end="9" frame="preposition(tegen,[aan,in,op])" his="normal" his_1="normal" id="14" lcat="pp" lemma="tegen" pos="prep" postag="VZ(init)" pt="vz" rel="hd" root="tegen" sense="tegen" vztype="init" word="tegen"/>
          <node begin="9" cat="np" end="11" id="15" rel="obj1">
            <node begin="9" end="10" frame="determiner(een)" his="normal" his_1="normal" id="16" infl="een" lcat="detp" lemma="een" lwtype="onbep" naamval="stan" npagr="agr" pos="det" postag="LID(onbep,stan,agr)" pt="lid" rel="det" root="een" sense="een" word="een"/>
            <node begin="10" end="11" frame="noun(de,count,sg)" gen="de" genus="zijd" getal="ev" graad="basis" his="normal" his_1="normal" id="17" lcat="np" lemma="boom" naamval="stan" ntype="soort" num="sg" pos="noun" postag="N(soort,ev,basis,zijd,stan)" pt="n" rel="hd" rnum="sg" root="boom" sense="boom" word="boom"/>
          </node>
        </node>
      </node>
    </node>
  </node>
  <sentence sentid="1273">Sommige gevaarlijke mannen met messen gooien een fiets tegen een boom</sentence>
  <comments>
    <comment>Q#1273|Sommige gevaarlijke mannen met messen gooien een fiets tegen een boom|1|1|-7.431143329999999</comment>
  </comments>
</alpino_ds>
