<?xml version="1.0" encoding="UTF-8"?>
<alpino_ds version="1.6">
  <parser build="Alpino-x86_64-linux-glibc2.5-git233-sicstus" date="2021-02-02T16:09" cats="1" skips="0" />
  <node begin="0" cat="top" end="8" id="0" rel="top">
    <node begin="0" cat="smain" end="8" id="1" rel="--">
      <node begin="0" cat="np" end="5" id="2" rel="su">
        <node begin="0" end="1" frame="determiner(het,nwh,nmod,pro,nparg,wkpro)" his="normal" his_1="decap" his_1_1="normal" id="3" infl="het" lcat="detp" lemma="het" lwtype="bep" naamval="stan" npagr="evon" pos="det" postag="LID(bep,stan,evon)" pt="lid" rel="det" root="het" sense="het" wh="nwh" word="Het"/>
        <node begin="1" end="2" frame="noun(het,count,sg)" gen="het" genus="onz" getal="ev" graad="basis" his="normal" his_1="normal" id="4" lcat="np" lemma="spel" naamval="stan" ntype="soort" num="sg" pos="noun" postag="N(soort,ev,basis,onz,stan)" pt="n" rel="hd" rnum="sg" root="spel" sense="spel" word="spel"/>
        <node begin="2" cat="pp" end="5" id="5" rel="mod">
          <node begin="2" end="3" frame="preposition(voor,[aan,door,uit,[in,de,plaats]])" his="normal" his_1="normal" id="6" lcat="pp" lemma="voor" pos="prep" postag="VZ(init)" pt="vz" rel="hd" root="voor" sense="voor" vztype="init" word="voor"/>
          <node begin="3" cat="np" end="5" id="7" rel="obj1">
            <node begin="3" end="4" frame="determiner(de)" his="normal" his_1="normal" id="8" infl="de" lcat="detp" lemma="de" lwtype="bep" naamval="stan" npagr="rest" pos="det" postag="LID(bep,stan,rest)" pt="lid" rel="det" root="de" sense="de" word="de"/>
            <node begin="4" end="5" frame="noun(de,count,pl)" gen="de" getal="mv" graad="basis" his="normal" his_1="normal" id="9" lcat="np" lemma="dame" ntype="soort" num="pl" pos="noun" postag="N(soort,mv,basis)" pt="n" rel="hd" rnum="pl" root="dame" sense="dame" word="dames"/>
          </node>
        </node>
      </node>
      <node begin="5" end="6" frame="verb(hebben,sg3,transitive)" his="normal" his_1="normal" id="10" infl="sg3" lcat="smain" lemma="vereisen" pos="verb" postag="WW(pv,tgw,met-t)" pt="ww" pvagr="met-t" pvtijd="tgw" rel="hd" root="vereis" sc="transitive" sense="vereis" stype="declarative" tense="present" word="vereist" wvorm="pv"/>
      <node begin="6" cat="np" end="8" id="11" rel="obj1">
        <node begin="6" end="7" frame="determiner(een)" his="normal" his_1="normal" id="12" infl="een" lcat="detp" lemma="een" lwtype="onbep" naamval="stan" npagr="agr" pos="det" postag="LID(onbep,stan,agr)" pt="lid" rel="det" root="een" sense="een" word="een"/>
        <node begin="7" end="8" frame="noun(de,count,sg)" gen="de" genus="zijd" getal="ev" graad="basis" his="normal" his_1="normal" id="13" lcat="np" lemma="gitaar" naamval="stan" ntype="soort" num="sg" pos="noun" postag="N(soort,ev,basis,zijd,stan)" pt="n" rel="hd" rnum="sg" root="gitaar" sense="gitaar" word="gitaar"/>
      </node>
    </node>
  </node>
  <sentence sentid="1277">Het spel voor de dames vereist een gitaar</sentence>
  <comments>
    <comment>Q#1277|Het spel voor de dames vereist een gitaar|1|1|-3.116925622300001</comment>
  </comments>
</alpino_ds>
