<?xml version="1.0" encoding="UTF-8"?>
<alpino_ds version="1.6">
  <parser build="Alpino-x86_64-linux-glibc2.5-git233-sicstus" date="2021-02-02T15:58" cats="1" skips="0" />
  <node begin="0" cat="top" end="10" id="0" rel="top">
    <node begin="0" cat="conj" end="10" id="1" rel="--">
      <node begin="0" cat="smain" end="5" id="2" rel="cnj">
        <node begin="0" case="both" def="indef" end="1" frame="pronoun(nwh,thi,sg,de,both,indef,strpro)" gen="de" getal="ev" his="normal" his_1="decap" his_1_1="normal" id="3" index="1" lcat="np" lemma="niemand" naamval="stan" num="sg" pdtype="pron" per="thi" persoon="3p" pos="pron" postag="VNW(onbep,pron,stan,vol,3p,ev)" pt="vnw" rel="su" rnum="sg" root="niemand" sense="niemand" special="strpro" status="vol" vwtype="onbep" wh="nwh" word="Niemand"/>
        <node begin="1" end="2" frame="verb(hebben,sg,ld_pp)" his="normal" his_1="normal" id="4" infl="sg" lcat="smain" lemma="zitten" pos="verb" postag="WW(pv,tgw,ev)" pt="ww" pvagr="ev" pvtijd="tgw" rel="hd" root="zit" sc="ld_pp" sense="zit" tense="present" word="zit" wvorm="pv"/>
        <node begin="2" cat="pp" end="5" id="5" rel="ld">
          <node begin="2" end="3" frame="preposition(op,[af,na])" his="normal" his_1="normal" id="6" lcat="pp" lemma="op" pos="prep" postag="VZ(init)" pt="vz" rel="hd" root="op" sense="op" vztype="init" word="op"/>
          <node begin="3" cat="np" end="5" id="7" rel="obj1">
            <node begin="3" end="4" frame="determiner(een)" his="normal" his_1="normal" id="8" infl="een" lcat="detp" lemma="een" lwtype="onbep" naamval="stan" npagr="agr" pos="det" postag="LID(onbep,stan,agr)" pt="lid" rel="det" root="een" sense="een" word="een"/>
            <node begin="4" end="5" frame="noun(de,count,sg)" gen="de" genus="zijd" getal="ev" graad="basis" his="normal" his_1="normal" id="9" lcat="np" lemma="motorfiets" naamval="stan" ntype="soort" num="sg" pos="noun" postag="N(soort,ev,basis,zijd,stan)" pt="n" rel="hd" rnum="sg" root="motorfiets" sense="motorfiets" word="motorfiets"/>
          </node>
        </node>
      </node>
      <node begin="5" conjtype="neven" end="6" frame="conj(en)" his="normal" his_1="normal" id="10" lcat="vg" lemma="en" pos="vg" postag="VG(neven)" pt="vg" rel="crd" root="en" sense="en" word="en"/>
      <node begin="0" cat="smain" end="10" id="11" rel="cnj">
        <node begin="0" end="1" id="12" index="1" rel="su"/>
        <node begin="6" end="7" frame="verb(hebben,sg3,ld_pp)" his="normal" his_1="normal" id="13" infl="sg3" lcat="smain" lemma="staan" pos="verb" postag="WW(pv,tgw,met-t)" pt="ww" pvagr="met-t" pvtijd="tgw" rel="hd" root="sta" sc="ld_pp" sense="sta" tense="present" word="staat" wvorm="pv"/>
        <node begin="7" cat="pp" end="10" id="14" rel="ld">
          <node begin="7" end="8" frame="preposition(op,[af,na])" his="normal" his_1="normal" id="15" lcat="pp" lemma="op" pos="prep" postag="VZ(init)" pt="vz" rel="hd" root="op" sense="op" vztype="init" word="op"/>
          <node begin="8" cat="np" end="10" id="16" rel="obj1">
            <node begin="8" end="9" frame="determiner(de)" his="normal" his_1="normal" id="17" infl="de" lcat="detp" lemma="de" lwtype="bep" naamval="stan" npagr="rest" pos="det" postag="LID(bep,stan,rest)" pt="lid" rel="det" root="de" sense="de" word="de"/>
            <node begin="9" end="10" frame="noun(de,count,sg)" gen="de" genus="zijd" getal="ev" graad="basis" his="normal" his_1="normal" id="18" lcat="np" lemma="stoel" naamval="stan" ntype="soort" num="sg" pos="noun" postag="N(soort,ev,basis,zijd,stan)" pt="n" rel="hd" rnum="sg" root="stoel" sense="stoel" word="stoel"/>
          </node>
        </node>
      </node>
    </node>
  </node>
  <sentence sentid="128">Niemand zit op een motorfiets en staat op de stoel</sentence>
  <comments>
    <comment>Q#128|Niemand zit op een motorfiets en staat op de stoel|1|1|-6.231535672500001</comment>
  </comments>
</alpino_ds>
