<?xml version="1.0" encoding="UTF-8"?>
<alpino_ds version="1.6">
  <parser build="Alpino-x86_64-linux-glibc2.5-git233-sicstus" date="2021-02-02T16:09" cats="1" skips="0" />
  <node begin="0" cat="top" end="6" id="0" rel="top">
    <node begin="0" cat="smain" end="6" id="1" rel="--">
      <node begin="0" cat="np" end="2" id="2" rel="su">
        <node begin="0" end="1" frame="determiner(de)" his="normal" his_1="decap" his_1_1="normal" id="3" infl="de" lcat="detp" lemma="de" lwtype="bep" naamval="stan" npagr="rest" pos="det" postag="LID(bep,stan,rest)" pt="lid" rel="det" root="de" sense="de" word="De"/>
        <node begin="1" end="2" frame="noun(de,count,sg)" gen="de" genus="zijd" getal="ev" graad="basis" his="normal" his_1="normal" id="4" lcat="np" lemma="jongen" naamval="stan" ntype="soort" num="sg" pos="noun" postag="N(soort,ev,basis,zijd,stan)" pt="n" rel="hd" rnum="sg" root="jongen" sense="jongen" word="jongen"/>
      </node>
      <node begin="2" end="3" frame="verb(hebben,sg3,pc_pp(in))" his="normal" his_1="normal" id="5" infl="sg3" lcat="smain" lemma="spelen" pos="verb" postag="WW(pv,tgw,met-t)" pt="ww" pvagr="met-t" pvtijd="tgw" rel="hd" root="speel" sc="pc_pp(in)" sense="speel-in" stype="declarative" tense="present" word="speelt" wvorm="pv"/>
      <node begin="3" cat="pp" end="6" id="6" rel="pc">
        <node begin="3" end="4" frame="preposition(in,[])" his="normal" his_1="normal" id="7" lcat="pp" lemma="in" pos="prep" postag="VZ(init)" pt="vz" rel="hd" root="in" sense="in" vztype="init" word="in"/>
        <node begin="4" cat="np" end="6" id="8" rel="obj1">
          <node begin="4" end="5" frame="determiner(de)" his="normal" his_1="normal" id="9" infl="de" lcat="detp" lemma="de" lwtype="bep" naamval="stan" npagr="rest" pos="det" postag="LID(bep,stan,rest)" pt="lid" rel="det" root="de" sense="de" word="de"/>
          <node begin="5" end="6" frame="noun(de,mass,sg)" gen="de" genus="zijd" getal="ev" graad="basis" his="normal" his_1="normal" id="10" lcat="np" lemma="modder" naamval="stan" ntype="soort" num="sg" pos="noun" postag="N(soort,ev,basis,zijd,stan)" pt="n" rel="hd" rnum="sg" root="modder" sense="modder" word="modder"/>
        </node>
      </node>
    </node>
  </node>
  <sentence sentid="1283">De jongen speelt in de modder</sentence>
  <comments>
    <comment>Q#1283|De jongen speelt in de modder|1|1|-0.0856010895000025</comment>
  </comments>
</alpino_ds>
