<?xml version="1.0" encoding="UTF-8"?>
<alpino_ds version="1.6">
  <parser build="Alpino-x86_64-linux-glibc2.5-git233-sicstus" date="2021-02-02T16:09" cats="1" skips="0" />
  <node begin="0" cat="top" end="7" id="0" rel="top">
    <node begin="0" cat="smain" end="7" id="1" rel="--">
      <node begin="0" end="1" frame="noun(de,mass,sg)" gen="de" genus="zijd" getal="ev" graad="basis" his="normal" his_1="decap" his_1_1="normal" id="2" index="1" lcat="np" lemma="modder" naamval="stan" ntype="soort" num="sg" pos="noun" postag="N(soort,ev,basis,zijd,stan)" pt="n" rel="su" rnum="sg" root="modder" sense="modder" word="Modder"/>
      <node begin="1" end="2" frame="verb(unacc,sg3,passive)" his="normal" his_1="normal" id="3" infl="sg3" lcat="smain" lemma="worden" pos="verb" postag="WW(pv,tgw,met-t)" pt="ww" pvagr="met-t" pvtijd="tgw" rel="hd" root="word" sc="passive" sense="word" stype="declarative" tense="present" word="wordt" wvorm="pv"/>
      <node begin="0" cat="ppart" end="7" id="4" rel="vc">
        <node begin="0" end="1" id="5" index="1" rel="obj1"/>
        <node begin="2" cat="pp" end="6" id="6" rel="ld">
          <node begin="2" end="3" frame="preposition(naar,[toe])" his="normal" his_1="normal" id="7" lcat="pp" lemma="naar" pos="prep" postag="VZ(init)" pt="vz" rel="hd" root="naar" sense="naar" vztype="init" word="naar"/>
          <node begin="3" cat="np" end="6" id="8" rel="obj1">
            <node begin="3" end="4" frame="determiner(de)" his="normal" his_1="normal" id="9" infl="de" lcat="detp" lemma="de" lwtype="bep" naamval="stan" npagr="rest" pos="det" postag="LID(bep,stan,rest)" pt="lid" rel="det" root="de" sense="de" word="de"/>
            <node aform="base" begin="4" buiging="met-e" end="5" frame="adjective(ende(padv))" his="normal" his_1="V-de" his_1_1="normal" id="10" infl="e" lcat="ppres" lemma="spelen" pos="adj" positie="prenom" postag="WW(od,prenom,met-e)" pt="ww" rel="mod" root="speel" sense="speel" vform="gerund" word="spelende" wvorm="od"/>
            <node begin="5" end="6" frame="noun(de,count,sg)" gen="de" genus="zijd" getal="ev" graad="basis" his="normal" his_1="normal" id="11" lcat="np" lemma="jongen" naamval="stan" ntype="soort" num="sg" pos="noun" postag="N(soort,ev,basis,zijd,stan)" pt="n" rel="hd" rnum="sg" root="jongen" sense="jongen" word="jongen"/>
          </node>
        </node>
        <node begin="6" buiging="zonder" end="7" frame="verb(hebben,psp,np_ld_pp)" his="normal" his_1="normal" id="12" infl="psp" lcat="ppart" lemma="gooien" pos="verb" positie="vrij" postag="WW(vd,vrij,zonder)" pt="ww" rel="hd" root="gooi" sc="np_ld_pp" sense="gooi" word="gegooid" wvorm="vd"/>
      </node>
    </node>
  </node>
  <sentence sentid="1285">Modder wordt naar de spelende jongen gegooid</sentence>
  <comments>
    <comment>Q#1285|Modder wordt naar de spelende jongen gegooid|1|1|-7.482024732200001</comment>
  </comments>
</alpino_ds>
