<?xml version="1.0" encoding="UTF-8"?>
<alpino_ds version="1.6">
  <parser build="Alpino-x86_64-linux-glibc2.5-git233-sicstus" date="2021-02-02T16:09" cats="1" skips="0" />
  <node begin="0" cat="top" end="5" id="0" rel="top">
    <node begin="0" cat="smain" end="5" id="1" rel="--">
      <node begin="0" cat="np" end="2" id="2" rel="su">
        <node begin="0" end="1" frame="determiner(een)" his="normal" his_1="decap" his_1_1="normal" id="3" infl="een" lcat="detp" lemma="een" lwtype="onbep" naamval="stan" npagr="agr" pos="det" postag="LID(onbep,stan,agr)" pt="lid" rel="det" root="een" sense="een" word="Een"/>
        <node begin="1" end="2" frame="noun(het,count,sg)" gen="het" genus="onz" getal="ev" graad="basis" his="compound" his_1="3" id="4" lcat="np" lemma="af_spelen_apparaat" naamval="stan" ntype="soort" num="sg" pos="noun" postag="N(soort,ev,basis,onz,stan)" pt="n" rel="hd" rnum="sg" root="af_speel_apparaat" sense="af_speel_apparaat" word="afspeelapparaat"/>
      </node>
      <node begin="2" end="3" frame="verb(hebben,sg3,transitive)" his="normal" his_1="normal" id="5" infl="sg3" lcat="smain" lemma="vermaken" pos="verb" postag="WW(pv,tgw,met-t)" pt="ww" pvagr="met-t" pvtijd="tgw" rel="hd" root="vermaak" sc="transitive" sense="vermaak" stype="declarative" tense="present" word="vermaakt" wvorm="pv"/>
      <node begin="3" cat="np" end="5" id="6" rel="obj1">
        <node begin="3" end="4" frame="determiner(een)" his="normal" his_1="normal" id="7" infl="een" lcat="detp" lemma="een" lwtype="onbep" naamval="stan" npagr="agr" pos="det" postag="LID(onbep,stan,agr)" pt="lid" rel="det" root="een" sense="een" word="een"/>
        <node begin="4" end="5" frame="noun(de,count,sg)" gen="de" genus="zijd" getal="ev" graad="basis" his="normal" his_1="normal" id="8" lcat="np" lemma="kat" naamval="stan" ntype="soort" num="sg" pos="noun" postag="N(soort,ev,basis,zijd,stan)" pt="n" rel="hd" rnum="sg" root="kat" sense="kat" word="kat"/>
      </node>
    </node>
  </node>
  <sentence sentid="1289">Een afspeelapparaat vermaakt een kat</sentence>
  <comments>
    <comment>Q#1289|Een afspeelapparaat vermaakt een kat|1|1|-2.6405586276</comment>
  </comments>
</alpino_ds>
