<?xml version="1.0" encoding="UTF-8"?>
<alpino_ds version="1.6">
  <parser build="Alpino-x86_64-linux-glibc2.5-git233-sicstus" date="2021-02-02T16:09" cats="1" skips="0" />
  <node begin="0" cat="top" end="10" id="0" rel="top">
    <node begin="0" cat="smain" end="10" id="1" rel="--">
      <node begin="1" end="2" frame="verb(unacc,sg3,passive)" his="normal" his_1="normal" id="2" infl="sg3" lcat="smain" lemma="worden" pos="verb" postag="WW(pv,tgw,met-t)" pt="ww" pvagr="met-t" pvtijd="tgw" rel="hd" root="word" sc="passive" sense="word" stype="declarative" tense="present" word="wordt" wvorm="pv"/>
      <node begin="2" cat="np" end="4" id="3" index="1" rel="su">
        <node begin="2" end="3" frame="determiner(wat,nwh,mod,pro,nparg,ntopicpro)" getal="ev" his="normal" his_1="normal" id="4" infl="wat" lcat="detp" lemma="wat" naamval="stan" pdtype="pron" persoon="3o" pos="det" postag="VNW(onbep,pron,stan,vol,3o,ev)" pt="vnw" rel="det" root="wat" sense="wat" status="vol" vwtype="onbep" wh="nwh" word="wat"/>
        <node begin="3" end="4" frame="noun(het,mass,sg)" gen="het" genus="onz" getal="ev" graad="basis" his="normal" his_1="normal" id="5" lcat="np" lemma="vlees" naamval="stan" ntype="soort" num="sg" pos="noun" postag="N(soort,ev,basis,onz,stan)" pt="n" rel="hd" rnum="sg" root="vlees" sense="vlees" word="vlees"/>
      </node>
      <node begin="0" cat="ppart" end="10" id="6" rel="vc">
        <node begin="0" end="1" frame="er_vp_adverb" getal="getal" his="normal" his_1="decap" his_1_1="normal" id="7" lcat="advp" lemma="er" naamval="stan" pdtype="adv-pron" persoon="3" pos="adv" postag="VNW(aanw,adv-pron,stan,red,3,getal)" pt="vnw" rel="mod" root="er" sense="er" special="er" status="red" vwtype="aanw" word="Er"/>
        <node begin="2" end="4" id="8" index="1" rel="obj1"/>
        <node begin="4" cat="pp" end="6" id="9" rel="mod">
          <node begin="4" end="5" frame="preposition(aan,[vooraf])" his="normal" his_1="normal" id="10" lcat="pp" lemma="aan" pos="prep" postag="VZ(init)" pt="vz" rel="hd" root="aan" sense="aan" vztype="init" word="aan"/>
          <node begin="5" case="dat_acc" def="def" end="6" frame="pronoun(nwh,thi,pl,de,dat_acc,def)" gen="de" getal="mv" his="normal" his_1="normal" id="11" lcat="np" lemma="elkaar" naamval="obl" num="pl" pdtype="pron" per="thi" persoon="persoon" pos="pron" postag="VNW(recip,pron,obl,vol,persoon,mv)" pt="vnw" rel="obj1" rnum="pl" root="elkaar" sense="elkaar" status="vol" vwtype="recip" wh="nwh" word="elkaar"/>
        </node>
        <node begin="6" buiging="zonder" end="7" frame="verb(hebben,psp,transitive)" his="normal" his_1="normal" id="12" infl="psp" lcat="ppart" lemma="stikken" pos="verb" positie="vrij" postag="WW(vd,vrij,zonder)" pt="ww" rel="hd" root="stik" sc="transitive" sense="stik" word="gestikt" wvorm="vd"/>
        <node begin="7" cat="pp" end="10" id="13" rel="mod">
          <node begin="7" end="8" frame="preposition(door,[heen])" his="normal" his_1="normal" id="14" lcat="pp" lemma="door" pos="prep" postag="VZ(init)" pt="vz" rel="hd" root="door" sense="door" vztype="init" word="door"/>
          <node begin="8" cat="np" end="10" id="15" rel="obj1">
            <node begin="8" end="9" frame="determiner(een)" his="normal" his_1="normal" id="16" infl="een" lcat="detp" lemma="een" lwtype="onbep" naamval="stan" npagr="agr" pos="det" postag="LID(onbep,stan,agr)" pt="lid" rel="det" root="een" sense="een" word="een"/>
            <node begin="9" end="10" frame="noun(de,count,sg)" gen="de" genus="zijd" getal="ev" graad="basis" his="normal" his_1="normal" id="17" lcat="np" lemma="vrouw" naamval="stan" ntype="soort" num="sg" pos="noun" postag="N(soort,ev,basis,zijd,stan)" pt="n" rel="hd" rnum="sg" root="vrouw" sense="vrouw" word="vrouw"/>
          </node>
        </node>
      </node>
    </node>
  </node>
  <sentence sentid="1292">Er wordt wat vlees aan elkaar gestikt door een vrouw</sentence>
  <comments>
    <comment>Q#1292|Er wordt wat vlees aan elkaar gestikt door een vrouw|1|1|-7.248222953699999</comment>
  </comments>
</alpino_ds>
