<?xml version="1.0" encoding="UTF-8"?>
<alpino_ds version="1.6">
  <parser build="Alpino-x86_64-linux-glibc2.5-git233-sicstus" date="2021-02-02T16:09" cats="1" skips="0" />
  <node begin="0" cat="top" end="8" id="0" rel="top">
    <node begin="0" cat="smain" end="8" id="1" rel="--">
      <node begin="0" cat="np" end="2" id="2" rel="su">
        <node begin="0" end="1" frame="determiner(de)" his="normal" his_1="decap" his_1_1="normal" id="3" infl="de" lcat="detp" lemma="de" lwtype="bep" naamval="stan" npagr="rest" pos="det" postag="LID(bep,stan,rest)" pt="lid" rel="det" root="de" sense="de" word="De"/>
        <node begin="1" end="2" frame="noun(de,count,sg)" gen="de" genus="zijd" getal="ev" graad="basis" his="normal" his_1="normal" id="4" lcat="np" lemma="vrouw" naamval="stan" ntype="soort" num="sg" pos="noun" postag="N(soort,ev,basis,zijd,stan)" pt="n" rel="hd" rnum="sg" root="vrouw" sense="vrouw" word="vrouw"/>
      </node>
      <node begin="2" end="3" frame="verb(hebben,sg,transitive)" his="normal" his_1="normal" id="5" infl="sg" lcat="smain" lemma="eten" pos="verb" postag="WW(pv,tgw,ev)" pt="ww" pvagr="ev" pvtijd="tgw" rel="hd" root="eet" sc="transitive" sense="eet" stype="declarative" tense="present" word="eet" wvorm="pv"/>
      <node begin="3" cat="np" end="6" id="6" rel="mod">
        <node begin="3" cat="ppart" end="5" id="7" rel="mod">
          <node begin="3" end="4" frame="adverb" getal="ev" his="normal" his_1="normal" id="8" lcat="advp" lemma="wat" naamval="stan" pdtype="pron" persoon="3o" pos="adv" postag="VNW(onbep,pron,stan,vol,3o,ev)" pt="vnw" rel="mod" root="wat" sense="wat" status="vol" vwtype="onbep" word="wat"/>
          <node aform="base" begin="4" buiging="zonder" end="5" frame="adjective(ge_both(padv))" his="normal" his_1="normal" id="9" infl="both" lcat="ppart" lemma="gesneden" pos="adj" positie="prenom" postag="WW(vd,prenom,zonder)" pt="ww" rel="hd" root="gesneden" sense="gesneden" vform="psp" word="gesneden" wvorm="vd"/>
        </node>
        <node begin="5" end="6" frame="meas_mod_noun(het,count,pl)" gen="het" getal="mv" graad="basis" his="normal" his_1="normal" id="10" lcat="np" lemma="stuk" ntype="soort" num="pl" pos="noun" postag="N(soort,mv,basis)" pt="n" rel="hd" rnum="pl" root="stuk" sense="stuk" special="meas_mod" word="stukken"/>
      </node>
      <node begin="6" cat="np" end="8" id="11" rel="obj1">
        <node aform="base" begin="6" buiging="zonder" end="7" frame="adjective(no_e(padv))" graad="basis" his="normal" his_1="normal" id="12" infl="no_e" lcat="ap" lemma="rauw" pos="adj" positie="prenom" postag="ADJ(prenom,basis,zonder)" pt="adj" rel="mod" root="rauw" sense="rauw" vform="adj" word="rauw"/>
        <node begin="7" end="8" frame="noun(het,mass,sg)" gen="het" genus="onz" getal="ev" graad="basis" his="normal" his_1="normal" id="13" lcat="np" lemma="vlees" naamval="stan" ntype="soort" num="sg" pos="noun" postag="N(soort,ev,basis,onz,stan)" pt="n" rel="hd" rnum="sg" root="vlees" sense="vlees" word="vlees"/>
      </node>
    </node>
  </node>
  <sentence sentid="1293">De vrouw eet wat gesneden stukken rauw vlees</sentence>
  <comments>
    <comment>Q#1293|De vrouw eet wat gesneden stukken rauw vlees|1|1|0.5269320744000047</comment>
  </comments>
</alpino_ds>
