<?xml version="1.0" encoding="UTF-8"?>
<alpino_ds version="1.6">
  <parser build="Alpino-x86_64-linux-glibc2.5-git233-sicstus" date="2021-02-02T16:09" cats="1" skips="0" />
  <node begin="0" cat="top" end="12" id="0" rel="top">
    <node begin="0" cat="smain" end="12" id="1" rel="--">
      <node begin="0" cat="np" end="5" id="2" rel="su">
        <node begin="0" end="1" frame="determiner(een)" his="normal" his_1="decap" his_1_1="normal" id="3" infl="een" lcat="detp" lemma="een" lwtype="onbep" naamval="stan" npagr="agr" pos="det" postag="LID(onbep,stan,agr)" pt="lid" rel="det" root="een" sense="een" word="Een"/>
        <node begin="1" end="2" frame="noun(de,count,sg)" gen="de" genus="zijd" getal="ev" graad="basis" his="normal" his_1="normal" id="4" lcat="np" lemma="jongen" naamval="stan" ntype="soort" num="sg" pos="noun" postag="N(soort,ev,basis,zijd,stan)" pt="n" rel="hd" rnum="sg" root="jongen" sense="jongen" word="jongen"/>
        <node begin="2" cat="pp" end="5" id="5" rel="mod">
          <node begin="2" end="3" frame="preposition(in,[])" his="normal" his_1="normal" id="6" lcat="pp" lemma="in" pos="prep" postag="VZ(init)" pt="vz" rel="hd" root="in" sense="in" vztype="init" word="in"/>
          <node begin="3" cat="np" end="5" id="7" rel="obj1">
            <node begin="3" buiging="zonder" end="4" frame="determiner(pron)" getal="ev" his="normal" his_1="normal" id="8" infl="pron" lcat="detp" lemma="zijn" naamval="stan" npagr="agr" pdtype="det" persoon="3" pos="det" positie="prenom" postag="VNW(bez,det,stan,vol,3,ev,prenom,zonder,agr)" pron="true" pt="vnw" rel="det" root="zijn" sense="zijn" status="vol" vwtype="bez" word="zijn"/>
            <node begin="4" end="5" frame="tmp_noun(het,count,pl)" gen="het" getal="mv" graad="basis" his="normal" his_1="normal" id="9" lcat="np" lemma="tiener_jaar" ntype="soort" num="pl" pos="noun" postag="N(soort,mv,basis)" pt="n" rel="hd" rnum="pl" root="tiener_jaar" sense="tiener_jaar" special="tmp" word="tienerjaren"/>
          </node>
        </node>
      </node>
      <node begin="5" end="6" frame="verb(hebben,sg,intransitive)" his="normal" his_1="normal" id="10" infl="sg" lcat="smain" lemma="praten" pos="verb" postag="WW(pv,tgw,ev)" pt="ww" pvagr="ev" pvtijd="tgw" rel="hd" root="praat" sc="intransitive" sense="praat" stype="declarative" tense="present" word="praat" wvorm="pv"/>
      <node begin="6" cat="pp" end="9" id="11" rel="mod">
        <node begin="6" end="7" frame="preposition(met,[mee,[en,al]])" his="normal" his_1="normal" id="12" lcat="pp" lemma="met" pos="prep" postag="VZ(init)" pt="vz" rel="hd" root="met" sense="met" vztype="init" word="met"/>
        <node begin="7" cat="np" end="9" id="13" rel="obj1">
          <node begin="7" end="8" frame="determiner(een)" his="normal" his_1="normal" id="14" infl="een" lcat="detp" lemma="een" lwtype="onbep" naamval="stan" npagr="agr" pos="det" postag="LID(onbep,stan,agr)" pt="lid" rel="det" root="een" sense="een" word="een"/>
          <node begin="8" end="9" frame="noun(het,count,sg)" gen="het" genus="onz" getal="ev" graad="dim" his="normal" his_1="normal" id="15" lcat="np" lemma="meisje" naamval="stan" ntype="soort" num="sg" pos="noun" postag="N(soort,ev,dim,onz,stan)" pt="n" rel="hd" rnum="sg" root="meisje" sense="meisje" word="meisje"/>
        </node>
      </node>
      <node begin="9" cat="pp" end="12" id="16" rel="mod">
        <node begin="9" end="10" frame="preposition(met,[mee,[en,al]])" his="normal" his_1="normal" id="17" lcat="pp" lemma="met" pos="prep" postag="VZ(init)" pt="vz" rel="hd" root="met" sense="met" vztype="init" word="met"/>
        <node begin="10" cat="np" end="12" id="18" rel="obj1">
          <node begin="10" end="11" frame="determiner(een)" his="normal" his_1="normal" id="19" infl="een" lcat="detp" lemma="een" lwtype="onbep" naamval="stan" npagr="agr" pos="det" postag="LID(onbep,stan,agr)" pt="lid" rel="det" root="een" sense="een" word="een"/>
          <node begin="11" end="12" frame="noun(de,count,sg)" gen="de" genus="zijd" getal="ev" graad="basis" his="normal" his_1="normal" id="20" lcat="np" lemma="webcam" naamval="stan" ntype="soort" num="sg" pos="noun" postag="N(soort,ev,basis,zijd,stan)" pt="n" rel="hd" rnum="sg" root="webcam" sense="webcam" word="webcam"/>
        </node>
      </node>
    </node>
  </node>
  <sentence sentid="1298">Een jongen in zijn tienerjaren praat met een meisje met een webcam</sentence>
  <comments>
    <comment>Q#1298|Een jongen in zijn tienerjaren praat met een meisje met een webcam|1|1|-7.5156741801999996</comment>
  </comments>
</alpino_ds>
