<?xml version="1.0" encoding="UTF-8"?>
<alpino_ds version="1.6">
  <parser build="Alpino-x86_64-linux-glibc2.5-git233-sicstus" date="2021-02-02T16:10" cats="1" skips="0" />
  <node begin="0" cat="top" end="10" id="0" rel="top">
    <node begin="0" cat="smain" end="10" id="1" rel="--">
      <node begin="0" end="1" frame="noun(het,count,pl)" gen="het" getal="mv" graad="basis" his="normal" his_1="decap" his_1_1="normal" id="2" index="1" lcat="np" lemma="ei" ntype="soort" num="pl" pos="noun" postag="N(soort,mv,basis)" pt="n" rel="su" rnum="pl" root="ei" sense="ei" word="Eieren"/>
      <node begin="1" end="2" frame="verb(unacc,pl,passive)" his="normal" his_1="normal" id="3" infl="pl" lcat="smain" lemma="worden" pos="verb" postag="WW(pv,tgw,mv)" pt="ww" pvagr="mv" pvtijd="tgw" rel="hd" root="word" sc="passive" sense="word" stype="declarative" tense="present" word="worden" wvorm="pv"/>
      <node begin="0" cat="ppart" end="10" id="4" rel="vc">
        <node begin="0" end="1" id="5" index="1" rel="obj1"/>
        <node aform="base" begin="2" buiging="zonder" end="3" frame="adjective(no_e(adv))" graad="basis" his="normal" his_1="normal" id="6" infl="no_e" lcat="ap" lemma="sterk" pos="adj" positie="vrij" postag="ADJ(vrij,basis,zonder)" pt="adj" rel="mod" root="sterk" sense="sterk" vform="adj" word="sterk"/>
        <node begin="3" cat="pp" end="6" id="7" rel="mod">
          <node begin="3" end="4" frame="preposition(in,[])" his="normal" his_1="normal" id="8" lcat="pp" lemma="in" pos="prep" postag="VZ(init)" pt="vz" rel="hd" root="in" sense="in" vztype="init" word="in"/>
          <node begin="4" cat="np" end="6" id="9" rel="obj1">
            <node begin="4" end="5" frame="determiner(een)" his="normal" his_1="normal" id="10" infl="een" lcat="detp" lemma="een" lwtype="onbep" naamval="stan" npagr="agr" pos="det" postag="LID(onbep,stan,agr)" pt="lid" rel="det" root="een" sense="een" word="een"/>
            <node begin="5" end="6" frame="noun(de,count,sg)" gen="de" genus="zijd" getal="ev" graad="basis" his="normal" his_1="normal" id="11" lcat="np" lemma="kom" naamval="stan" ntype="soort" num="sg" pos="noun" postag="N(soort,ev,basis,zijd,stan)" pt="n" rel="hd" rnum="sg" root="kom" sense="kom" word="kom"/>
          </node>
        </node>
        <node begin="6" buiging="zonder" end="7" frame="verb(hebben,psp,transitive)" his="normal" his_1="normal" id="12" infl="psp" lcat="ppart" lemma="kloppen" pos="verb" positie="vrij" postag="WW(vd,vrij,zonder)" pt="ww" rel="hd" root="klop" sc="transitive" sense="klop" word="geklopt" wvorm="vd"/>
        <node begin="7" cat="pp" end="10" id="13" rel="mod">
          <node begin="7" end="8" frame="preposition(door,[heen])" his="normal" his_1="normal" id="14" lcat="pp" lemma="door" pos="prep" postag="VZ(init)" pt="vz" rel="hd" root="door" sense="door" vztype="init" word="door"/>
          <node begin="8" cat="np" end="10" id="15" rel="obj1">
            <node begin="8" end="9" frame="determiner(een)" his="normal" his_1="normal" id="16" infl="een" lcat="detp" lemma="een" lwtype="onbep" naamval="stan" npagr="agr" pos="det" postag="LID(onbep,stan,agr)" pt="lid" rel="det" root="een" sense="een" word="een"/>
            <node begin="9" end="10" frame="noun(de,count,sg)" gen="de" genus="zijd" getal="ev" graad="basis" his="normal" his_1="normal" id="17" lcat="np" lemma="persoon" naamval="stan" ntype="soort" num="sg" pos="noun" postag="N(soort,ev,basis,zijd,stan)" pt="n" rel="hd" rnum="sg" root="persoon" sense="persoon" word="persoon"/>
          </node>
        </node>
      </node>
    </node>
  </node>
  <sentence sentid="1304">Eieren worden sterk in een kom geklopt door een persoon</sentence>
  <comments>
    <comment>Q#1304|Eieren worden sterk in een kom geklopt door een persoon|1|1|-9.054151988500001</comment>
  </comments>
</alpino_ds>
