<?xml version="1.0" encoding="UTF-8"?>
<alpino_ds version="1.6">
  <parser build="Alpino-x86_64-linux-glibc2.5-git233-sicstus" date="2021-02-02T16:10" cats="1" skips="0" />
  <node begin="0" cat="top" end="14" id="0" rel="top">
    <node begin="0" cat="conj" end="14" id="1" rel="--">
      <node begin="0" cat="smain" end="8" id="2" rel="cnj">
        <node begin="0" cat="np" end="2" id="3" index="1" rel="su">
          <node begin="0" end="1" frame="number(hoofd(sg_num))" his="normal" his_1="variant" his_1_1="variant" his_1_1_1="één" his_1_1_2="Eén" his_1_2="normal" id="4" infl="sg_num" lcat="detp" lemma="één" naamval="stan" numtype="hoofd" pos="num" positie="prenom" postag="TW(hoofd,prenom,stan)" pt="tw" rel="det" root="één" sense="één" special="hoofd" word="Eén"/>
          <node begin="1" end="2" frame="noun(de,count,sg)" gen="de" genus="zijd" getal="ev" graad="basis" his="normal" his_1="normal" id="5" lcat="np" lemma="vrouw" naamval="stan" ntype="soort" num="sg" pos="noun" postag="N(soort,ev,basis,zijd,stan)" pt="n" rel="hd" rnum="sg" root="vrouw" sense="vrouw" word="vrouw"/>
        </node>
        <node begin="2" end="3" frame="verb(hebben,sg3,np_ld_pp)" his="normal" his_1="normal" id="6" infl="sg3" lcat="smain" lemma="slaan" pos="verb" postag="WW(pv,tgw,met-t)" pt="ww" pvagr="met-t" pvtijd="tgw" rel="hd" root="sla" sc="np_ld_pp" sense="sla" tense="present" word="slaat" wvorm="pv"/>
        <node begin="3" cat="np" end="5" id="7" rel="obj1">
          <node begin="3" end="4" frame="number(hoofd(pl_num))" his="normal" his_1="number_expression" id="8" infl="pl_num" lcat="detp" lemma="twee" naamval="stan" numtype="hoofd" pos="num" positie="prenom" postag="TW(hoofd,prenom,stan)" pt="tw" rel="det" root="twee" sense="twee" special="hoofd" word="twee"/>
          <node begin="4" end="5" frame="noun(het,count,pl)" gen="het" getal="mv" graad="basis" his="normal" his_1="normal" id="9" lcat="np" lemma="ei" ntype="soort" num="pl" pos="noun" postag="N(soort,mv,basis)" pt="n" rel="hd" rnum="pl" root="ei" sense="ei" word="eieren"/>
        </node>
        <node begin="5" cat="pp" end="8" id="10" rel="ld">
          <node begin="5" end="6" frame="preposition(in,[])" his="normal" his_1="normal" id="11" lcat="pp" lemma="in" pos="prep" postag="VZ(init)" pt="vz" rel="hd" root="in" sense="in" vztype="init" word="in"/>
          <node begin="6" cat="np" end="8" id="12" rel="obj1">
            <node begin="6" end="7" frame="determiner(de)" his="normal" his_1="normal" id="13" infl="de" lcat="detp" lemma="de" lwtype="bep" naamval="stan" npagr="rest" pos="det" postag="LID(bep,stan,rest)" pt="lid" rel="det" root="de" sense="de" word="de"/>
            <node begin="7" end="8" frame="noun(de,count,sg)" gen="de" genus="zijd" getal="ev" graad="basis" his="normal" his_1="normal" id="14" lcat="np" lemma="kom" naamval="stan" ntype="soort" num="sg" pos="noun" postag="N(soort,ev,basis,zijd,stan)" pt="n" rel="hd" rnum="sg" root="kom" sense="kom" word="kom"/>
          </node>
        </node>
      </node>
      <node begin="8" conjtype="neven" end="9" frame="conj(en)" his="normal" his_1="normal" id="15" lcat="vg" lemma="en" pos="vg" postag="VG(neven)" pt="vg" rel="crd" root="en" sense="en" word="en"/>
      <node begin="0" cat="smain" end="14" id="16" rel="cnj">
        <node begin="0" end="2" id="17" index="1" rel="su"/>
        <node begin="9" end="10" frame="verb(hebben,sg3,transitive)" his="normal" his_1="normal" id="18" infl="sg3" lcat="smain" lemma="gebruiken" pos="verb" postag="WW(pv,tgw,met-t)" pt="ww" pvagr="met-t" pvtijd="tgw" rel="hd" root="gebruik" sc="transitive" sense="gebruik" tense="present" word="gebruikt" wvorm="pv"/>
        <node begin="10" cat="np" end="14" id="19" rel="obj1">
          <node begin="10" end="11" frame="determiner(een)" his="normal" his_1="normal" id="20" infl="een" lcat="detp" lemma="een" lwtype="onbep" naamval="stan" npagr="agr" pos="det" postag="LID(onbep,stan,agr)" pt="lid" rel="det" root="een" sense="een" word="een"/>
          <node begin="11" end="12" frame="noun(de,count,sg)" gen="de" genus="zijd" getal="ev" graad="basis" his="normal" his_1="normal" id="21" lcat="np" lemma="garde" naamval="stan" ntype="soort" num="sg" pos="noun" postag="N(soort,ev,basis,zijd,stan)" pt="n" rel="hd" rnum="sg" root="garde" sense="garde" word="garde"/>
          <node begin="12" cat="pp" end="14" id="22" rel="mod">
            <node begin="12" end="13" frame="preposition(van,[af,uit,vandaan,[af,aan]])" his="normal" his_1="normal" id="23" lcat="pp" lemma="van" pos="prep" postag="VZ(init)" pt="vz" rel="hd" root="van" sense="van" vztype="init" word="van"/>
            <node begin="13" end="14" frame="noun(het,mass,sg)" gen="het" genus="onz" getal="ev" graad="basis" his="normal" his_1="normal" id="24" lcat="np" lemma="draad" naamval="stan" ntype="soort" num="sg" pos="noun" postag="N(soort,ev,basis,onz,stan)" pt="n" rel="obj1" rnum="sg" root="draad" sense="draad" word="draad"/>
          </node>
        </node>
      </node>
    </node>
  </node>
  <sentence sentid="1309">Eén vrouw slaat twee eieren in de kom en gebruikt een garde van draad</sentence>
  <comments>
    <comment>Q#1309|Eén vrouw slaat twee eieren in de kom en gebruikt een garde van draad|1|1|-2.6165874212000015</comment>
  </comments>
</alpino_ds>
