<?xml version="1.0" encoding="UTF-8"?>
<alpino_ds version="1.6">
  <parser build="Alpino-x86_64-linux-glibc2.5-git233-sicstus" date="2021-02-02T15:58" cats="1" skips="0" />
  <node begin="0" cat="top" end="12" id="0" rel="top">
    <node begin="0" cat="smain" end="12" id="1" rel="--">
      <node begin="0" end="1" frame="er_vp_adverb" getal="getal" his="normal" his_1="decap" his_1_1="normal" id="2" lcat="advp" lemma="er" naamval="stan" pdtype="adv-pron" persoon="3" pos="adv" postag="VNW(aanw,adv-pron,stan,red,3,getal)" pt="vnw" rel="mod" root="er" sense="er" special="er" status="red" vwtype="aanw" word="Er"/>
      <node begin="1" end="2" frame="verb(unacc,sg_heeft,intransitive)" his="normal" his_1="normal" id="3" infl="sg_heeft" lcat="smain" lemma="zijn" pos="verb" postag="WW(pv,tgw,ev)" pt="ww" pvagr="ev" pvtijd="tgw" rel="hd" root="ben" sc="intransitive" sense="ben" stype="declarative" tense="present" word="is" wvorm="pv"/>
      <node begin="2" cat="np" end="12" id="4" rel="su">
        <node begin="2" buiging="zonder" end="3" frame="determiner(geen,nwh,mod,pro,yparg,nwkpro,geen)" his="normal" his_1="normal" id="5" infl="geen" lcat="detp" lemma="geen" naamval="stan" npagr="agr" pdtype="det" pos="det" positie="prenom" postag="VNW(onbep,det,stan,prenom,zonder,agr)" pt="vnw" rel="det" root="geen" sense="geen" vwtype="onbep" wh="nwh" word="geen"/>
        <node begin="3" end="4" frame="noun(de,count,sg)" gen="de" genus="zijd" getal="ev" graad="basis" his="normal" his_1="normal" id="6" lcat="np" lemma="motor_rijder" naamval="stan" ntype="soort" num="sg" pos="noun" postag="N(soort,ev,basis,zijd,stan)" pt="n" rel="hd" rnum="sg" root="motor_rijder" sense="motor_rijder" word="motorrijder"/>
        <node begin="4" cat="rel" end="12" id="7" rel="mod">
          <node begin="4" case="no_obl" end="5" frame="rel_pronoun(de,no_obl)" gen="de" getal="getal" his="normal" his_1="normal" id="8" index="1" lcat="np" lemma="die" naamval="stan" pdtype="pron" persoon="persoon" pos="pron" postag="VNW(betr,pron,stan,vol,persoon,getal)" pt="vnw" rel="rhd" rnum="sg" root="die" sense="die" status="vol" vwtype="betr" wh="rel" word="die"/>
          <node begin="4" cat="ssub" end="12" id="9" rel="body">
            <node begin="4" end="5" id="10" index="1" rel="su"/>
            <node begin="5" cat="pp" end="8" id="11" rel="pc">
              <node begin="5" end="6" frame="preposition(op,[af,na])" his="normal" his_1="normal" id="12" lcat="pp" lemma="op" pos="prep" postag="VZ(init)" pt="vz" rel="hd" root="op" sense="op" vztype="init" word="op"/>
              <node begin="6" cat="np" end="8" id="13" rel="obj1">
                <node begin="6" end="7" frame="determiner(een)" his="normal" his_1="normal" id="14" infl="een" lcat="detp" lemma="een" lwtype="onbep" naamval="stan" npagr="agr" pos="det" postag="LID(onbep,stan,agr)" pt="lid" rel="det" root="een" sense="een" word="een"/>
                <node begin="7" end="8" frame="noun(de,count,sg)" gen="de" genus="zijd" getal="ev" graad="basis" his="normal" his_1="normal" id="15" lcat="np" lemma="motor" naamval="stan" ntype="soort" num="sg" pos="noun" postag="N(soort,ev,basis,zijd,stan)" pt="n" rel="hd" rnum="sg" root="motor" sense="motor" word="motor"/>
              </node>
            </node>
            <node begin="8" cat="pp" end="11" id="16" rel="mod">
              <node begin="8" end="9" frame="preposition(langs,[heen])" his="normal" his_1="normal" id="17" lcat="pp" lemma="langs" pos="prep" postag="VZ(init)" pt="vz" rel="hd" root="langs" sense="langs" vztype="init" word="langs"/>
              <node begin="9" cat="np" end="11" id="18" rel="obj1">
                <node begin="9" end="10" frame="determiner(een)" his="normal" his_1="normal" id="19" infl="een" lcat="detp" lemma="een" lwtype="onbep" naamval="stan" npagr="agr" pos="det" postag="LID(onbep,stan,agr)" pt="lid" rel="det" root="een" sense="een" word="een"/>
                <node begin="10" end="11" frame="tmp_noun(de,count,sg)" gen="de" genus="zijd" getal="ev" graad="basis" his="normal" his_1="normal" id="20" lcat="np" lemma="weg" naamval="stan" ntype="soort" num="sg" pos="noun" postag="N(soort,ev,basis,zijd,stan)" pt="n" rel="hd" rnum="sg" root="weg" sense="weg" special="tmp" word="weg"/>
              </node>
            </node>
            <node begin="11" end="12" frame="verb(hebben,sg3,pc_pp(op))" his="normal" his_1="normal" id="21" infl="sg3" lcat="ssub" lemma="rijden" pos="verb" postag="WW(pv,tgw,met-t)" pt="ww" pvagr="met-t" pvtijd="tgw" rel="hd" root="rijd" sc="pc_pp(op)" sense="rijd-op" tense="present" word="rijdt" wvorm="pv"/>
          </node>
        </node>
      </node>
    </node>
  </node>
  <sentence sentid="131">Er is geen motorrijder die op een motor langs een weg rijdt</sentence>
  <comments>
    <comment>Q#131|Er is geen motorrijder die op een motor langs een weg rijdt|1|1|-13.786835812099998</comment>
  </comments>
</alpino_ds>
