<?xml version="1.0" encoding="UTF-8"?>
<alpino_ds version="1.6">
  <parser build="Alpino-x86_64-linux-glibc2.5-git233-sicstus" date="2021-02-02T16:10" cats="1" skips="0" />
  <node begin="0" cat="top" end="17" id="0" rel="top">
    <node begin="0" cat="smain" end="17" id="1" rel="--">
      <node begin="0" end="1" frame="er_vp_adverb" getal="getal" his="normal" his_1="decap" his_1_1="normal" id="2" lcat="advp" lemma="er" naamval="stan" pdtype="adv-pron" persoon="3" pos="adv" postag="VNW(aanw,adv-pron,stan,red,3,getal)" pt="vnw" rel="mod" root="er" sense="er" special="er" status="red" vwtype="aanw" word="Er"/>
      <node begin="1" end="2" frame="verb(unacc,sg_heeft,intransitive)" his="normal" his_1="normal" id="3" infl="sg_heeft" lcat="smain" lemma="zijn" pos="verb" postag="WW(pv,tgw,ev)" pt="ww" pvagr="ev" pvtijd="tgw" rel="hd" root="ben" sc="intransitive" sense="ben" stype="declarative" tense="present" word="is" wvorm="pv"/>
      <node begin="2" cat="np" end="17" id="4" rel="su">
        <node begin="2" buiging="zonder" end="3" frame="determiner(geen,nwh,mod,pro,yparg,nwkpro,geen)" his="normal" his_1="normal" id="5" infl="geen" lcat="detp" lemma="geen" naamval="stan" npagr="agr" pdtype="det" pos="det" positie="prenom" postag="VNW(onbep,det,stan,prenom,zonder,agr)" pt="vnw" rel="det" root="geen" sense="geen" vwtype="onbep" wh="nwh" word="geen"/>
        <node begin="3" end="4" frame="noun(de,count,sg)" gen="de" genus="zijd" getal="ev" graad="basis" his="normal" his_1="normal" id="6" lcat="np" lemma="vrouw" naamval="stan" ntype="soort" num="sg" pos="noun" postag="N(soort,ev,basis,zijd,stan)" pt="n" rel="hd" rnum="sg" root="vrouw" sense="vrouw" word="vrouw"/>
        <node begin="4" cat="rel" end="17" id="7" rel="mod">
          <node begin="4" case="no_obl" end="5" frame="rel_pronoun(de,no_obl)" gen="de" getal="getal" his="normal" his_1="normal" id="8" index="1" lcat="np" lemma="die" naamval="stan" pdtype="pron" persoon="persoon" pos="pron" postag="VNW(betr,pron,stan,vol,persoon,getal)" pt="vnw" rel="rhd" rnum="sg" root="die" sense="die" status="vol" vwtype="betr" wh="rel" word="die"/>
          <node begin="4" cat="conj" end="17" id="9" rel="body">
            <node begin="4" cat="ssub" end="11" id="10" rel="cnj">
              <node begin="4" end="5" id="11" index="1" rel="su"/>
              <node begin="5" cat="np" end="7" id="12" rel="obj1">
                <node begin="5" end="6" frame="number(hoofd(pl_num))" his="normal" his_1="number_expression" id="13" infl="pl_num" lcat="detp" lemma="twee" naamval="stan" numtype="hoofd" pos="num" positie="prenom" postag="TW(hoofd,prenom,stan)" pt="tw" rel="det" root="twee" sense="twee" special="hoofd" word="twee"/>
                <node begin="6" end="7" frame="noun(het,count,pl)" gen="het" getal="mv" graad="basis" his="normal" his_1="normal" id="14" lcat="np" lemma="ei" ntype="soort" num="pl" pos="noun" postag="N(soort,mv,basis)" pt="n" rel="hd" rnum="pl" root="ei" sense="ei" word="eieren"/>
              </node>
              <node begin="7" cat="pp" end="10" id="15" rel="ld">
                <node begin="7" end="8" frame="preposition(in,[])" his="normal" his_1="normal" id="16" lcat="pp" lemma="in" pos="prep" postag="VZ(init)" pt="vz" rel="hd" root="in" sense="in" vztype="init" word="in"/>
                <node begin="8" cat="np" end="10" id="17" rel="obj1">
                  <node begin="8" end="9" frame="determiner(een)" his="normal" his_1="normal" id="18" infl="een" lcat="detp" lemma="een" lwtype="onbep" naamval="stan" npagr="agr" pos="det" postag="LID(onbep,stan,agr)" pt="lid" rel="det" root="een" sense="een" word="een"/>
                  <node begin="9" end="10" frame="noun(de,count,sg)" gen="de" genus="zijd" getal="ev" graad="basis" his="normal" his_1="normal" id="19" lcat="np" lemma="kom" naamval="stan" ntype="soort" num="sg" pos="noun" postag="N(soort,ev,basis,zijd,stan)" pt="n" rel="hd" rnum="sg" root="kom" sense="kom" word="kom"/>
                </node>
              </node>
              <node begin="10" end="11" frame="verb(hebben,sg3,np_ld_pp)" his="normal" his_1="normal" id="20" infl="sg3" lcat="ssub" lemma="slaan" pos="verb" postag="WW(pv,tgw,met-t)" pt="ww" pvagr="met-t" pvtijd="tgw" rel="hd" root="sla" sc="np_ld_pp" sense="sla" tense="present" word="slaat" wvorm="pv"/>
            </node>
            <node begin="11" conjtype="neven" end="12" frame="conj(en)" his="normal" his_1="normal" id="21" lcat="vg" lemma="en" pos="vg" postag="VG(neven)" pt="vg" rel="crd" root="en" sense="en" word="en"/>
            <node begin="4" cat="ssub" end="17" id="22" rel="cnj">
              <node begin="4" end="5" id="23" index="1" rel="su"/>
              <node begin="12" cat="np" end="16" id="24" rel="obj1">
                <node begin="12" end="13" frame="determiner(een)" his="normal" his_1="normal" id="25" infl="een" lcat="detp" lemma="een" lwtype="onbep" naamval="stan" npagr="agr" pos="det" postag="LID(onbep,stan,agr)" pt="lid" rel="det" root="een" sense="een" word="een"/>
                <node begin="13" end="14" frame="noun(de,count,sg)" gen="de" genus="zijd" getal="ev" graad="basis" his="normal" his_1="normal" id="26" lcat="np" lemma="garde" naamval="stan" ntype="soort" num="sg" pos="noun" postag="N(soort,ev,basis,zijd,stan)" pt="n" rel="hd" rnum="sg" root="garde" sense="garde" word="garde"/>
                <node begin="14" cat="pp" end="16" id="27" rel="mod">
                  <node begin="14" end="15" frame="preposition(van,[af,uit,vandaan,[af,aan]])" his="normal" his_1="normal" id="28" lcat="pp" lemma="van" pos="prep" postag="VZ(init)" pt="vz" rel="hd" root="van" sense="van" vztype="init" word="van"/>
                  <node begin="15" end="16" frame="noun(het,mass,sg)" gen="het" genus="onz" getal="ev" graad="basis" his="normal" his_1="normal" id="29" lcat="np" lemma="draad" naamval="stan" ntype="soort" num="sg" pos="noun" postag="N(soort,ev,basis,onz,stan)" pt="n" rel="obj1" rnum="sg" root="draad" sense="draad" word="draad"/>
                </node>
              </node>
              <node begin="16" end="17" frame="verb(hebben,sg3,transitive)" his="normal" his_1="normal" id="30" infl="sg3" lcat="ssub" lemma="gebruiken" pos="verb" postag="WW(pv,tgw,met-t)" pt="ww" pvagr="met-t" pvtijd="tgw" rel="hd" root="gebruik" sc="transitive" sense="gebruik" tense="present" word="gebruikt" wvorm="pv"/>
            </node>
          </node>
        </node>
      </node>
    </node>
  </node>
  <sentence sentid="1310">Er is geen vrouw die twee eieren in een kom slaat en een garde van draad gebruikt</sentence>
  <comments>
    <comment>Q#1310|Er is geen vrouw die twee eieren in een kom slaat en een garde van draad gebruikt|1|1|-10.005715294300003</comment>
  </comments>
</alpino_ds>
