<?xml version="1.0" encoding="UTF-8"?>
<alpino_ds version="1.6">
  <parser build="Alpino-x86_64-linux-glibc2.5-git233-sicstus" date="2021-02-02T16:10" cats="1" skips="0" />
  <node begin="0" cat="top" end="16" id="0" rel="top">
    <node begin="12" end="13" frame="punct(komma)" his="normal" his_1="normal" id="1" lcat="punct" lemma="," pos="punct" postag="LET()" pt="let" rel="--" root="," sense="," special="komma" word=","/>
    <node begin="0" cat="smain" end="16" id="2" rel="--">
      <node begin="0" cat="np" end="2" id="3" rel="su">
        <node begin="0" end="1" frame="determiner(een)" his="normal" his_1="decap" his_1_1="normal" id="4" infl="een" lcat="detp" lemma="een" lwtype="onbep" naamval="stan" npagr="agr" pos="det" postag="LID(onbep,stan,agr)" pt="lid" rel="det" root="een" sense="een" word="Een"/>
        <node begin="1" end="2" frame="noun(de,count,sg)" gen="de" genus="zijd" getal="ev" graad="basis" his="normal" his_1="normal" id="5" lcat="np" lemma="vrouw" naamval="stan" ntype="soort" num="sg" pos="noun" postag="N(soort,ev,basis,zijd,stan)" pt="n" rel="hd" rnum="sg" root="vrouw" sense="vrouw" word="vrouw"/>
      </node>
      <node begin="2" end="3" frame="verb(hebben,sg3,transitive)" his="normal" his_1="normal" id="6" infl="sg3" lcat="smain" lemma="slaan" pos="verb" postag="WW(pv,tgw,met-t)" pt="ww" pvagr="met-t" pvtijd="tgw" rel="hd" root="sla" sc="transitive" sense="sla" stype="declarative" tense="present" word="slaat" wvorm="pv"/>
      <node begin="3" cat="np" end="12" id="7" rel="obj1">
        <node begin="3" end="4" frame="determiner(de)" his="normal" his_1="normal" id="8" infl="de" lcat="detp" lemma="de" lwtype="bep" naamval="stan" npagr="rest" pos="det" postag="LID(bep,stan,rest)" pt="lid" rel="det" root="de" sense="de" word="de"/>
        <node begin="4" end="5" frame="noun(de,count,bare_meas)" gen="de" genus="zijd" getal="ev" graad="basis" his="normal" his_1="normal" id="9" lcat="np" lemma="man" naamval="stan" ntype="soort" num="bare_meas" pos="noun" postag="N(soort,ev,basis,zijd,stan)" pt="n" rel="hd" rnum="sg" root="man" sense="man" word="man"/>
        <node begin="5" cat="rel" end="12" id="10" rel="mod">
          <node begin="5" case="no_obl" end="6" frame="rel_pronoun(de,no_obl)" gen="de" getal="getal" his="normal" his_1="normal" id="11" index="1" lcat="np" lemma="die" naamval="stan" pdtype="pron" persoon="persoon" pos="pron" postag="VNW(betr,pron,stan,vol,persoon,getal)" pt="vnw" rel="rhd" rnum="sg" root="die" sense="die" status="vol" vwtype="betr" wh="rel" word="die"/>
          <node begin="5" cat="ssub" end="12" id="12" rel="body">
            <node begin="5" end="6" id="13" index="1" rel="su"/>
            <node begin="6" cat="np" end="8" id="14" rel="obj1">
              <node begin="6" end="7" frame="number(hoofd(pl_num))" his="normal" his_1="number_expression" id="15" infl="pl_num" lcat="detp" lemma="twee" naamval="stan" numtype="hoofd" pos="num" positie="prenom" postag="TW(hoofd,prenom,stan)" pt="tw" rel="det" root="twee" sense="twee" special="hoofd" word="twee"/>
              <node begin="7" end="8" frame="noun(het,count,pl)" gen="het" getal="mv" graad="basis" his="normal" his_1="normal" id="16" lcat="np" lemma="ei" ntype="soort" num="pl" pos="noun" postag="N(soort,mv,basis)" pt="n" rel="hd" rnum="pl" root="ei" sense="ei" word="eieren"/>
            </node>
            <node begin="8" cat="pp" end="11" id="17" rel="ld">
              <node begin="8" end="9" frame="preposition(in,[])" his="normal" his_1="normal" id="18" lcat="pp" lemma="in" pos="prep" postag="VZ(init)" pt="vz" rel="hd" root="in" sense="in" vztype="init" word="in"/>
              <node begin="9" cat="np" end="11" id="19" rel="obj1">
                <node begin="9" end="10" frame="determiner(de)" his="normal" his_1="normal" id="20" infl="de" lcat="detp" lemma="de" lwtype="bep" naamval="stan" npagr="rest" pos="det" postag="LID(bep,stan,rest)" pt="lid" rel="det" root="de" sense="de" word="de"/>
                <node begin="10" end="11" frame="noun(de,count,sg)" gen="de" genus="zijd" getal="ev" graad="basis" his="normal" his_1="normal" id="21" lcat="np" lemma="kom" naamval="stan" ntype="soort" num="sg" pos="noun" postag="N(soort,ev,basis,zijd,stan)" pt="n" rel="hd" rnum="sg" root="kom" sense="kom" word="kom"/>
              </node>
            </node>
            <node begin="11" end="12" frame="verb(hebben,sg3,np_ld_pp)" his="normal" his_1="normal" id="22" infl="sg3" lcat="ssub" lemma="bewaren" pos="verb" postag="WW(pv,tgw,met-t)" pt="ww" pvagr="met-t" pvtijd="tgw" rel="hd" root="bewaar" sc="np_ld_pp" sense="bewaar" tense="present" word="bewaart" wvorm="pv"/>
          </node>
        </node>
      </node>
      <node begin="13" cat="pp" end="16" id="23" rel="mod">
        <node begin="13" end="14" frame="preposition(met,[mee,[en,al]])" his="normal" his_1="normal" id="24" lcat="pp" lemma="met" pos="prep" postag="VZ(init)" pt="vz" rel="hd" root="met" sense="met" vztype="init" word="met"/>
        <node begin="14" cat="np" end="16" id="25" rel="obj1">
          <node begin="14" end="15" frame="determiner(een)" his="normal" his_1="normal" id="26" infl="een" lcat="detp" lemma="een" lwtype="onbep" naamval="stan" npagr="agr" pos="det" postag="LID(onbep,stan,agr)" pt="lid" rel="det" root="een" sense="een" word="een"/>
          <node begin="15" end="16" frame="noun(de,count,sg)" gen="de" genus="zijd" getal="ev" graad="basis" his="compound" his_1="2" id="27" lcat="np" lemma="draad_klopper" naamval="stan" ntype="soort" num="sg" pos="noun" postag="N(soort,ev,basis,zijd,stan)" pt="n" rel="hd" rnum="sg" root="draad_klopper" sense="draad_klopper" word="draadklopper"/>
        </node>
      </node>
    </node>
  </node>
  <sentence sentid="1311">Een vrouw slaat de man die twee eieren in de kom bewaart , met een draadklopper</sentence>
  <comments>
    <comment>Q#1311|Een vrouw slaat de man die twee eieren in de kom bewaart , met een draadklopper|1|1|-9.472796341299999</comment>
  </comments>
</alpino_ds>
