<?xml version="1.0" encoding="UTF-8"?>
<alpino_ds version="1.6">
  <parser build="Alpino-x86_64-linux-glibc2.5-git233-sicstus" date="2021-02-02T16:10" cats="1" skips="0" />
  <node begin="0" cat="top" end="6" id="0" rel="top">
    <node begin="0" cat="smain" end="6" id="1" rel="--">
      <node begin="0" cat="np" end="2" id="2" rel="su">
        <node begin="0" end="1" frame="determiner(de)" his="normal" his_1="decap" his_1_1="normal" id="3" infl="de" lcat="detp" lemma="de" lwtype="bep" naamval="stan" npagr="rest" pos="det" postag="LID(bep,stan,rest)" pt="lid" rel="det" root="de" sense="de" word="De"/>
        <node begin="1" end="2" frame="noun(de,count,bare_meas)" gen="de" genus="zijd" getal="ev" graad="basis" his="normal" his_1="normal" id="4" lcat="np" lemma="man" naamval="stan" ntype="soort" num="bare_meas" pos="noun" postag="N(soort,ev,basis,zijd,stan)" pt="n" rel="hd" rnum="sg" root="man" sense="man" word="man"/>
      </node>
      <node begin="2" end="3" frame="verb(hebben,sg3,part_transitive(af))" his="normal" his_1="normal" id="5" infl="sg3" lcat="smain" lemma="af_wijzen" pos="verb" postag="WW(pv,tgw,met-t)" pt="ww" pvagr="met-t" pvtijd="tgw" rel="hd" root="wijs_af" sc="part_transitive(af)" sense="wijs_af" stype="declarative" tense="present" word="wijst" wvorm="pv"/>
      <node begin="3" cat="np" end="5" id="6" rel="obj1">
        <node begin="3" end="4" frame="determiner(een)" his="normal" his_1="normal" id="7" infl="een" lcat="detp" lemma="een" lwtype="onbep" naamval="stan" npagr="agr" pos="det" postag="LID(onbep,stan,agr)" pt="lid" rel="det" root="een" sense="een" word="een"/>
        <node begin="4" end="5" frame="noun(het,count,sg)" gen="het" genus="onz" getal="ev" graad="basis" his="normal" his_1="normal" id="8" lcat="np" lemma="interview" naamval="stan" ntype="soort" num="sg" pos="noun" postag="N(soort,ev,basis,onz,stan)" pt="n" rel="hd" rnum="sg" root="interview" sense="interview" word="interview"/>
      </node>
      <node begin="5" end="6" frame="particle(af)" his="normal" his_1="normal" id="9" lcat="part" lemma="af" pos="part" postag="VZ(fin)" pt="vz" rel="svp" root="af" sense="af" vztype="fin" word="af"/>
    </node>
  </node>
  <sentence sentid="1314">De man wijst een interview af</sentence>
  <comments>
    <comment>Q#1314|De man wijst een interview af|1|1|-3.6109535811000004</comment>
  </comments>
</alpino_ds>
