<?xml version="1.0" encoding="UTF-8"?>
<alpino_ds version="1.6">
  <parser build="Alpino-x86_64-linux-glibc2.5-git233-sicstus" date="2021-02-02T16:10" cats="1" skips="0" />
  <node begin="0" cat="top" end="11" id="0" rel="top">
    <node begin="0" cat="smain" end="11" id="1" rel="--">
      <node begin="0" end="1" frame="er_vp_adverb" getal="getal" his="normal" his_1="decap" his_1_1="normal" id="2" lcat="advp" lemma="er" naamval="stan" pdtype="adv-pron" persoon="3" pos="adv" postag="VNW(aanw,adv-pron,stan,red,3,getal)" pt="vnw" rel="mod" root="er" sense="er" special="er" status="red" vwtype="aanw" word="Er"/>
      <node begin="1" end="2" frame="verb(unacc,sg_heeft,intransitive)" his="normal" his_1="normal" id="3" infl="sg_heeft" lcat="smain" lemma="zijn" pos="verb" postag="WW(pv,tgw,ev)" pt="ww" pvagr="ev" pvtijd="tgw" rel="hd" root="ben" sc="intransitive" sense="ben" stype="declarative" tense="present" word="is" wvorm="pv"/>
      <node begin="2" cat="np" end="11" id="4" rel="su">
        <node begin="2" buiging="zonder" end="3" frame="determiner(geen,nwh,mod,pro,yparg,nwkpro,geen)" his="normal" his_1="normal" id="5" infl="geen" lcat="detp" lemma="geen" naamval="stan" npagr="agr" pdtype="det" pos="det" positie="prenom" postag="VNW(onbep,det,stan,prenom,zonder,agr)" pt="vnw" rel="det" root="geen" sense="geen" vwtype="onbep" wh="nwh" word="geen"/>
        <node aform="base" begin="3" buiging="met-e" end="4" frame="adjective(e)" graad="basis" his="normal" his_1="normal" id="6" infl="e" lcat="ap" lemma="wit" naamval="stan" pos="adj" positie="prenom" postag="ADJ(prenom,basis,met-e,stan)" pt="adj" rel="mod" root="wit" sense="wit" vform="adj" word="witte"/>
        <node begin="4" end="5" frame="noun(de,count,sg)" gen="de" genus="zijd" getal="ev" graad="basis" his="normal" his_1="normal" id="7" lcat="np" lemma="auto" naamval="stan" ntype="soort" num="sg" pos="noun" postag="N(soort,ev,basis,zijd,stan)" pt="n" rel="hd" rnum="sg" root="auto" sense="auto" word="auto"/>
        <node begin="5" cat="rel" end="11" id="8" rel="mod">
          <node begin="5" case="no_obl" end="6" frame="rel_pronoun(de,no_obl)" gen="de" getal="getal" his="normal" his_1="normal" id="9" index="1" lcat="np" lemma="die" naamval="stan" pdtype="pron" persoon="persoon" pos="pron" postag="VNW(betr,pron,stan,vol,persoon,getal)" pt="vnw" rel="rhd" rnum="sg" root="die" sense="die" status="vol" vwtype="betr" wh="rel" word="die"/>
          <node begin="5" cat="ssub" end="11" id="10" rel="body">
            <node begin="5" end="6" id="11" index="1" rel="su"/>
            <node begin="9" end="10" frame="verb(unacc,sg3,passive)" his="normal" his_1="normal" id="12" infl="sg3" lcat="ssub" lemma="worden" pos="verb" postag="WW(pv,tgw,met-t)" pt="ww" pvagr="met-t" pvtijd="tgw" rel="hd" root="word" sc="passive" sense="word" tense="present" word="wordt" wvorm="pv"/>
            <node begin="5" cat="ppart" end="11" id="13" rel="vc">
              <node begin="5" end="6" id="14" index="1" rel="obj1"/>
              <node begin="6" cat="pp" end="9" id="15" rel="mod">
                <node begin="6" end="7" frame="preposition(door,[heen])" his="normal" his_1="normal" id="16" lcat="pp" lemma="door" pos="prep" postag="VZ(init)" pt="vz" rel="hd" root="door" sense="door" vztype="init" word="door"/>
                <node begin="7" cat="np" end="9" id="17" rel="obj1">
                  <node begin="7" end="8" frame="determiner(de)" his="normal" his_1="normal" id="18" infl="de" lcat="detp" lemma="de" lwtype="bep" naamval="stan" npagr="rest" pos="det" postag="LID(bep,stan,rest)" pt="lid" rel="det" root="de" sense="de" word="de"/>
                  <node begin="8" end="9" frame="noun(de,count,bare_meas)" gen="de" genus="zijd" getal="ev" graad="basis" his="normal" his_1="normal" id="19" lcat="np" lemma="man" naamval="stan" ntype="soort" num="bare_meas" pos="noun" postag="N(soort,ev,basis,zijd,stan)" pt="n" rel="hd" rnum="sg" root="man" sense="man" word="man"/>
                </node>
              </node>
              <node begin="10" buiging="zonder" end="11" frame="verb(hebben,psp,transitive)" his="normal" his_1="normal" id="20" infl="psp" lcat="ppart" lemma="besturen" pos="verb" positie="vrij" postag="WW(vd,vrij,zonder)" pt="ww" rel="hd" root="bestuur" sc="transitive" sense="bestuur" word="bestuurd" wvorm="vd"/>
            </node>
          </node>
        </node>
      </node>
    </node>
  </node>
  <sentence sentid="1318">Er is geen witte auto die door de man wordt bestuurd</sentence>
  <comments>
    <comment>Q#1318|Er is geen witte auto die door de man wordt bestuurd|1|1|-16.54544144069999</comment>
  </comments>
</alpino_ds>
