<?xml version="1.0" encoding="UTF-8"?>
<alpino_ds version="1.6">
  <parser build="Alpino-x86_64-linux-glibc2.5-git233-sicstus" date="2021-02-02T16:10" cats="1" skips="0" />
  <node begin="0" cat="top" end="8" id="0" rel="top">
    <node begin="0" cat="smain" end="8" id="1" rel="--">
      <node begin="0" cat="np" end="6" id="2" index="1" rel="su">
        <node begin="0" end="1" frame="determiner(de)" his="normal" his_1="decap" his_1_1="normal" id="3" infl="de" lcat="detp" lemma="de" lwtype="bep" naamval="stan" npagr="rest" pos="det" postag="LID(bep,stan,rest)" pt="lid" rel="det" root="de" sense="de" word="De"/>
        <node aform="base" begin="1" buiging="met-e" end="2" frame="adjective(e)" graad="basis" his="normal" his_1="normal" id="4" infl="e" lcat="ap" lemma="wit" naamval="stan" pos="adj" positie="prenom" postag="ADJ(prenom,basis,met-e,stan)" pt="adj" rel="mod" root="wit" sense="wit" vform="adj" word="witte"/>
        <node begin="2" end="3" frame="noun(de,count,sg)" gen="de" genus="zijd" getal="ev" graad="basis" his="normal" his_1="normal" id="5" lcat="np" lemma="auto" naamval="stan" ntype="soort" num="sg" pos="noun" postag="N(soort,ev,basis,zijd,stan)" pt="n" rel="hd" rnum="sg" root="auto" sense="auto" word="auto"/>
        <node begin="3" cat="pp" end="6" id="6" rel="mod">
          <node begin="3" end="4" frame="preposition(van,[af,uit,vandaan,[af,aan]])" his="normal" his_1="normal" id="7" lcat="pp" lemma="van" pos="prep" postag="VZ(init)" pt="vz" rel="hd" root="van" sense="van" vztype="init" word="van"/>
          <node begin="4" cat="np" end="6" id="8" rel="obj1">
            <node begin="4" end="5" frame="determiner(een)" his="normal" his_1="normal" id="9" infl="een" lcat="detp" lemma="een" lwtype="onbep" naamval="stan" npagr="agr" pos="det" postag="LID(onbep,stan,agr)" pt="lid" rel="det" root="een" sense="een" word="een"/>
            <node begin="5" end="6" frame="noun(de,count,bare_meas)" gen="de" genus="zijd" getal="ev" graad="basis" his="normal" his_1="normal" id="10" lcat="np" lemma="man" naamval="stan" ntype="soort" num="bare_meas" pos="noun" postag="N(soort,ev,basis,zijd,stan)" pt="n" rel="hd" rnum="sg" root="man" sense="man" word="man"/>
          </node>
        </node>
      </node>
      <node begin="6" end="7" frame="verb(unacc,sg3,passive)" his="normal" his_1="normal" id="11" infl="sg3" lcat="smain" lemma="worden" pos="verb" postag="WW(pv,tgw,met-t)" pt="ww" pvagr="met-t" pvtijd="tgw" rel="hd" root="word" sc="passive" sense="word" stype="declarative" tense="present" word="wordt" wvorm="pv"/>
      <node begin="0" cat="ppart" end="8" id="12" rel="vc">
        <node begin="0" end="6" id="13" index="1" rel="obj1"/>
        <node begin="7" buiging="zonder" end="8" frame="verb(hebben,psp,ninv(transitive,part_transitive(weg)))" his="normal" his_1="part-V" id="14" infl="psp" lcat="ppart" lemma="weg_rijden" pos="verb" positie="vrij" postag="WW(vd,vrij,zonder)" pt="ww" rel="hd" root="rijd_weg" sc="part_transitive(weg)" sense="rijd_weg" word="weggereden" wvorm="vd"/>
      </node>
    </node>
  </node>
  <sentence sentid="1319">De witte auto van een man wordt weggereden</sentence>
  <comments>
    <comment>Q#1319|De witte auto van een man wordt weggereden|1|1|-6.405510860199999</comment>
  </comments>
</alpino_ds>
