<?xml version="1.0" encoding="UTF-8"?>
<alpino_ds version="1.6">
  <parser build="Alpino-x86_64-linux-glibc2.5-git233-sicstus" date="2021-02-02T16:10" cats="1" skips="0" />
  <node begin="0" cat="top" end="10" id="0" rel="top">
    <node begin="0" cat="smain" end="10" id="1" rel="--">
      <node begin="0" cat="np" end="2" id="2" rel="su">
        <node begin="0" end="1" frame="determiner(een)" his="normal" his_1="decap" his_1_1="normal" id="3" infl="een" lcat="detp" lemma="een" lwtype="onbep" naamval="stan" npagr="agr" pos="det" postag="LID(onbep,stan,agr)" pt="lid" rel="det" root="een" sense="een" word="Een"/>
        <node begin="1" end="2" frame="noun(de,count,bare_meas)" gen="de" genus="zijd" getal="ev" graad="basis" his="normal" his_1="normal" id="4" lcat="np" lemma="man" naamval="stan" ntype="soort" num="bare_meas" pos="noun" postag="N(soort,ev,basis,zijd,stan)" pt="n" rel="hd" rnum="sg" root="man" sense="man" word="man"/>
      </node>
      <node begin="2" end="3" frame="verb(hebben,sg3,np_ld_pp)" his="normal" his_1="normal" id="5" infl="sg3" lcat="smain" lemma="snijden" pos="verb" postag="WW(pv,tgw,met-t)" pt="ww" pvagr="met-t" pvtijd="tgw" rel="hd" root="snijd" sc="np_ld_pp" sense="snijd" stype="declarative" tense="present" word="snijdt" wvorm="pv"/>
      <node begin="3" cat="np" end="5" id="6" rel="obj1">
        <node begin="3" end="4" frame="determiner(de)" his="normal" his_1="normal" id="7" infl="de" lcat="detp" lemma="de" lwtype="bep" naamval="stan" npagr="rest" pos="det" postag="LID(bep,stan,rest)" pt="lid" rel="det" root="de" sense="de" word="de"/>
        <node begin="4" end="5" frame="noun(de,count,sg)" gen="de" genus="zijd" getal="ev" graad="basis" his="normal" his_1="normal" id="8" lcat="np" lemma="wortel" naamval="stan" ntype="soort" num="sg" pos="noun" postag="N(soort,ev,basis,zijd,stan)" pt="n" rel="hd" rnum="sg" root="wortel" sense="wortel" word="wortel"/>
      </node>
      <node begin="5" cat="pp" end="10" id="9" rel="ld">
        <node begin="5" end="6" frame="preposition(in,[])" his="normal" his_1="normal" id="10" lcat="pp" lemma="in" pos="prep" postag="VZ(init)" pt="vz" rel="hd" root="in" sense="in" vztype="init" word="in"/>
        <node begin="6" cat="np" end="10" id="11" rel="obj1">
          <node begin="6" end="7" frame="noun(het,count,pl)" gen="het" getal="mv" graad="dim" his="normal" his_1="normal" id="12" lcat="np" lemma="schijf" ntype="soort" num="pl" pos="noun" postag="N(soort,mv,dim)" pt="n" rel="hd" rnum="pl" root="schijf_DIM" sense="schijf_DIM" word="schijfjes"/>
          <node begin="7" cat="pp" end="10" id="13" rel="mod">
            <node begin="7" end="8" frame="preposition(met,[mee,[en,al]])" his="normal" his_1="normal" id="14" lcat="pp" lemma="met" pos="prep" postag="VZ(init)" pt="vz" rel="hd" root="met" sense="met" vztype="init" word="met"/>
            <node begin="8" cat="np" end="10" id="15" rel="obj1">
              <node begin="8" end="9" frame="determiner(een)" his="normal" his_1="normal" id="16" infl="een" lcat="detp" lemma="een" lwtype="onbep" naamval="stan" npagr="agr" pos="det" postag="LID(onbep,stan,agr)" pt="lid" rel="det" root="een" sense="een" word="een"/>
              <node begin="9" end="10" frame="noun(de,count,sg)" gen="de" genus="zijd" getal="ev" graad="basis" his="normal" his_1="normal" id="17" lcat="np" lemma="machine" naamval="stan" ntype="soort" num="sg" pos="noun" postag="N(soort,ev,basis,zijd,stan)" pt="n" rel="hd" rnum="sg" root="machine" sense="machine" word="machine"/>
            </node>
          </node>
        </node>
      </node>
    </node>
  </node>
  <sentence sentid="1325">Een man snijdt de wortel in schijfjes met een machine</sentence>
  <comments>
    <comment>Q#1325|Een man snijdt de wortel in schijfjes met een machine|1|1|-5.1435452274</comment>
  </comments>
</alpino_ds>
