<?xml version="1.0" encoding="UTF-8"?>
<alpino_ds version="1.6">
  <parser build="Alpino-x86_64-linux-glibc2.5-git233-sicstus" date="2021-02-02T16:10" cats="1" skips="0" />
  <node begin="0" cat="top" end="8" id="0" rel="top">
    <node begin="0" cat="smain" end="8" id="1" rel="--">
      <node begin="0" cat="np" end="2" id="2" rel="su">
        <node begin="0" end="1" frame="determiner(een)" his="normal" his_1="decap" his_1_1="normal" id="3" infl="een" lcat="detp" lemma="een" lwtype="onbep" naamval="stan" npagr="agr" pos="det" postag="LID(onbep,stan,agr)" pt="lid" rel="det" root="een" sense="een" word="Een"/>
        <node begin="1" end="2" frame="noun(de,count,bare_meas)" gen="de" genus="zijd" getal="ev" graad="basis" his="normal" his_1="normal" id="4" lcat="np" lemma="man" naamval="stan" ntype="soort" num="bare_meas" pos="noun" postag="N(soort,ev,basis,zijd,stan)" pt="n" rel="hd" rnum="sg" root="man" sense="man" word="man"/>
      </node>
      <node begin="2" end="3" frame="verb(hebben,sg3,np_ld_pp)" his="normal" his_1="normal" id="5" infl="sg3" lcat="smain" lemma="verwijderen" pos="verb" postag="WW(pv,tgw,met-t)" pt="ww" pvagr="met-t" pvtijd="tgw" rel="hd" root="verwijder" sc="np_ld_pp" sense="verwijder" stype="declarative" tense="present" word="verwijdert" wvorm="pv"/>
      <node begin="3" cat="np" end="5" id="6" rel="obj1">
        <node begin="3" end="4" frame="determiner(een)" his="normal" his_1="normal" id="7" infl="een" lcat="detp" lemma="een" lwtype="onbep" naamval="stan" npagr="agr" pos="det" postag="LID(onbep,stan,agr)" pt="lid" rel="det" root="een" sense="een" word="een"/>
        <node begin="4" end="5" frame="noun(de,count,sg)" gen="de" genus="zijd" getal="ev" graad="basis" his="normal" his_1="normal" id="8" lcat="np" lemma="wortel" naamval="stan" ntype="soort" num="sg" pos="noun" postag="N(soort,ev,basis,zijd,stan)" pt="n" rel="hd" rnum="sg" root="wortel" sense="wortel" word="wortel"/>
      </node>
      <node begin="5" cat="pp" end="8" id="9" rel="ld">
        <node begin="5" end="6" frame="preposition(uit,[vandaan])" his="normal" his_1="normal" id="10" lcat="pp" lemma="uit" pos="prep" postag="VZ(init)" pt="vz" rel="hd" root="uit" sense="uit" vztype="init" word="uit"/>
        <node begin="6" cat="np" end="8" id="11" rel="obj1">
          <node begin="6" end="7" frame="determiner(een)" his="normal" his_1="normal" id="12" infl="een" lcat="detp" lemma="een" lwtype="onbep" naamval="stan" npagr="agr" pos="det" postag="LID(onbep,stan,agr)" pt="lid" rel="det" root="een" sense="een" word="een"/>
          <node begin="7" end="8" frame="noun(de,count,sg)" gen="de" genus="zijd" getal="ev" graad="basis" his="normal" his_1="normal" id="13" lcat="np" lemma="machine" naamval="stan" ntype="soort" num="sg" pos="noun" postag="N(soort,ev,basis,zijd,stan)" pt="n" rel="hd" rnum="sg" root="machine" sense="machine" word="machine"/>
        </node>
      </node>
    </node>
  </node>
  <sentence sentid="1326">Een man verwijdert een wortel uit een machine</sentence>
  <comments>
    <comment>Q#1326|Een man verwijdert een wortel uit een machine|1|1|-7.066172300900001</comment>
  </comments>
</alpino_ds>
