<?xml version="1.0" encoding="UTF-8"?>
<alpino_ds version="1.6">
  <parser build="Alpino-x86_64-linux-glibc2.5-git233-sicstus" date="2021-02-02T16:10" cats="1" skips="0" />
  <node begin="0" cat="top" end="13" id="0" rel="top">
    <node begin="0" cat="smain" end="13" id="1" rel="--">
      <node begin="0" cat="np" end="2" id="2" rel="su">
        <node begin="0" end="1" frame="determiner(een)" his="normal" his_1="decap" his_1_1="normal" id="3" infl="een" lcat="detp" lemma="een" lwtype="onbep" naamval="stan" npagr="agr" pos="det" postag="LID(onbep,stan,agr)" pt="lid" rel="det" root="een" sense="een" word="Een"/>
        <node begin="1" end="2" frame="noun(de,count,bare_meas)" gen="de" genus="zijd" getal="ev" graad="basis" his="normal" his_1="normal" id="4" lcat="np" lemma="man" naamval="stan" ntype="soort" num="bare_meas" pos="noun" postag="N(soort,ev,basis,zijd,stan)" pt="n" rel="hd" rnum="sg" root="man" sense="man" word="man"/>
      </node>
      <node begin="2" end="3" frame="verb(hebben,sg,transitive)" his="normal" his_1="normal" id="5" infl="sg" lcat="smain" lemma="eten" pos="verb" postag="WW(pv,tgw,ev)" pt="ww" pvagr="ev" pvtijd="tgw" rel="hd" root="eet" sc="transitive" sense="eet" stype="declarative" tense="present" word="eet" wvorm="pv"/>
      <node begin="3" cat="np" end="13" id="6" rel="obj1">
        <node begin="3" end="4" frame="determiner(een)" his="normal" his_1="normal" id="7" infl="een" lcat="detp" lemma="een" lwtype="onbep" naamval="stan" npagr="agr" pos="det" postag="LID(onbep,stan,agr)" pt="lid" rel="det" root="een" sense="een" word="een"/>
        <node begin="4" end="5" frame="noun(de,count,sg)" gen="de" genus="zijd" getal="ev" graad="basis" his="normal" his_1="normal" id="8" lcat="np" lemma="wortel" naamval="stan" ntype="soort" num="sg" pos="noun" postag="N(soort,ev,basis,zijd,stan)" pt="n" rel="hd" rnum="sg" root="wortel" sense="wortel" word="wortel"/>
        <node begin="5" cat="rel" end="13" id="9" rel="mod">
          <node begin="5" case="no_obl" end="6" frame="rel_pronoun(de,no_obl)" gen="de" getal="getal" his="normal" his_1="normal" id="10" index="1" lcat="np" lemma="die" naamval="stan" pdtype="pron" persoon="persoon" pos="pron" postag="VNW(betr,pron,stan,vol,persoon,getal)" pt="vnw" rel="rhd" rnum="sg" root="die" sense="die" status="vol" vwtype="betr" wh="rel" word="die"/>
          <node begin="5" cat="ssub" end="13" id="11" rel="body">
            <node begin="5" end="6" id="12" index="1" rel="su"/>
            <node begin="11" end="12" frame="verb(unacc,sg_heeft,passive)" his="normal" his_1="normal" id="13" infl="sg_heeft" lcat="ssub" lemma="zijn" pos="verb" postag="WW(pv,tgw,ev)" pt="ww" pvagr="ev" pvtijd="tgw" rel="hd" root="ben" sc="passive" sense="ben" tense="present" word="is" wvorm="pv"/>
            <node begin="5" cat="ppart" end="13" id="14" rel="vc">
              <node begin="5" end="6" id="15" index="1" rel="obj1"/>
              <node begin="6" cat="pp" end="9" id="16" rel="mod">
                <node begin="6" end="7" frame="preposition(door,[heen])" his="normal" his_1="normal" id="17" lcat="pp" lemma="door" pos="prep" postag="VZ(init)" pt="vz" rel="hd" root="door" sense="door" vztype="init" word="door"/>
                <node begin="7" cat="np" end="9" id="18" rel="obj1">
                  <node begin="7" end="8" frame="determiner(een)" his="normal" his_1="normal" id="19" infl="een" lcat="detp" lemma="een" lwtype="onbep" naamval="stan" npagr="agr" pos="det" postag="LID(onbep,stan,agr)" pt="lid" rel="det" root="een" sense="een" word="een"/>
                  <node begin="8" end="9" frame="noun(de,count,sg)" gen="de" genus="zijd" getal="ev" graad="basis" his="normal" his_1="normal" id="20" lcat="np" lemma="machine" naamval="stan" ntype="soort" num="sg" pos="noun" postag="N(soort,ev,basis,zijd,stan)" pt="n" rel="hd" rnum="sg" root="machine" sense="machine" word="machine"/>
                </node>
              </node>
              <node begin="9" cat="pp" end="11" id="21" rel="ld">
                <node begin="9" end="10" frame="preposition(in,[])" his="normal" his_1="normal" id="22" lcat="pp" lemma="in" pos="prep" postag="VZ(init)" pt="vz" rel="hd" root="in" sense="in" vztype="init" word="in"/>
                <node begin="10" end="11" frame="noun(het,count,pl)" gen="het" getal="mv" graad="dim" his="normal" his_1="normal" id="23" lcat="np" lemma="schijf" ntype="soort" num="pl" pos="noun" postag="N(soort,mv,dim)" pt="n" rel="obj1" rnum="pl" root="schijf_DIM" sense="schijf_DIM" word="schijfjes"/>
              </node>
              <node begin="12" buiging="zonder" end="13" frame="verb(hebben,psp,np_ld_pp)" his="normal" his_1="normal" id="24" infl="psp" lcat="ppart" lemma="snijden" pos="verb" positie="vrij" postag="WW(vd,vrij,zonder)" pt="ww" rel="hd" root="snijd" sc="np_ld_pp" sense="snijd" word="gesneden" wvorm="vd"/>
            </node>
          </node>
        </node>
      </node>
    </node>
  </node>
  <sentence sentid="1327">Een man eet een wortel die door een machine in schijfjes is gesneden</sentence>
  <comments>
    <comment>Q#1327|Een man eet een wortel die door een machine in schijfjes is gesneden|1|1|-14.020409064899994</comment>
  </comments>
</alpino_ds>
