<?xml version="1.0" encoding="UTF-8"?>
<alpino_ds version="1.6">
  <parser build="Alpino-x86_64-linux-glibc2.5-git233-sicstus" date="2021-02-02T15:58" cats="1" skips="0" />
  <node begin="0" cat="top" end="14" id="0" rel="top">
    <node begin="0" cat="smain" end="14" id="1" rel="--">
      <node begin="0" cat="np" end="6" id="2" rel="su">
        <node begin="0" end="1" frame="determiner(een)" his="normal" his_1="decap" his_1_1="normal" id="3" infl="een" lcat="detp" lemma="een" lwtype="onbep" naamval="stan" npagr="agr" pos="det" postag="LID(onbep,stan,agr)" pt="lid" rel="det" root="een" sense="een" word="Een"/>
        <node begin="1" end="2" frame="noun(de,count,sg)" gen="de" genus="zijd" getal="ev" graad="basis" his="normal" his_1="normal" id="4" lcat="np" lemma="motor_rijder" naamval="stan" ntype="soort" num="sg" pos="noun" postag="N(soort,ev,basis,zijd,stan)" pt="n" rel="hd" rnum="sg" root="motor_rijder" sense="motor_rijder" word="motorrijder"/>
        <node begin="2" cat="pp" end="6" id="5" rel="mod">
          <node begin="2" end="3" frame="preposition(met,[mee,[en,al]])" his="normal" his_1="normal" id="6" lcat="pp" lemma="met" pos="prep" postag="VZ(init)" pt="vz" rel="hd" root="met" sense="met" vztype="init" word="met"/>
          <node begin="3" cat="np" end="6" id="7" rel="obj1">
            <node begin="3" end="4" frame="determiner(een)" his="normal" his_1="normal" id="8" infl="een" lcat="detp" lemma="een" lwtype="onbep" naamval="stan" npagr="agr" pos="det" postag="LID(onbep,stan,agr)" pt="lid" rel="det" root="een" sense="een" word="een"/>
            <node aform="base" begin="4" buiging="met-e" end="5" frame="adjective(e)" graad="basis" his="normal" his_1="normal" id="9" infl="e" lcat="ap" lemma="rood" naamval="stan" pos="adj" positie="prenom" postag="ADJ(prenom,basis,met-e,stan)" pt="adj" rel="mod" root="rood" sense="rood" vform="adj" word="rode"/>
            <node begin="5" end="6" frame="noun(de,count,sg)" gen="de" genus="zijd" getal="ev" graad="basis" his="normal" his_1="normal" id="10" lcat="np" lemma="helm" naamval="stan" ntype="soort" num="sg" pos="noun" postag="N(soort,ev,basis,zijd,stan)" pt="n" rel="hd" rnum="sg" root="helm" sense="helm" word="helm"/>
          </node>
        </node>
      </node>
      <node begin="6" end="7" frame="verb(hebben,sg3,pc_pp(op))" his="normal" his_1="normal" id="11" infl="sg3" lcat="smain" lemma="rijden" pos="verb" postag="WW(pv,tgw,met-t)" pt="ww" pvagr="met-t" pvtijd="tgw" rel="hd" root="rijd" sc="pc_pp(op)" sense="rijd-op" stype="declarative" tense="present" word="rijdt" wvorm="pv"/>
      <node begin="7" cat="pp" end="11" id="12" rel="mod">
        <node begin="7" end="8" frame="preposition(op,[af,na])" his="normal" his_1="normal" id="13" lcat="pp" lemma="op" pos="prep" postag="VZ(init)" pt="vz" rel="hd" root="op" sense="op" vztype="init" word="op"/>
        <node begin="8" cat="np" end="11" id="14" rel="obj1">
          <node begin="8" end="9" frame="determiner(een)" his="normal" his_1="normal" id="15" infl="een" lcat="detp" lemma="een" lwtype="onbep" naamval="stan" npagr="agr" pos="det" postag="LID(onbep,stan,agr)" pt="lid" rel="det" root="een" sense="een" word="een"/>
          <node aform="base" begin="9" buiging="met-e" end="10" frame="adjective(e)" graad="basis" his="normal" his_1="normal" id="16" infl="e" lcat="ap" lemma="blauw" naamval="stan" pos="adj" positie="prenom" postag="ADJ(prenom,basis,met-e,stan)" pt="adj" rel="mod" root="blauw" sense="blauw" vform="adj" word="blauwe"/>
          <node begin="10" end="11" frame="noun(de,count,sg)" gen="de" genus="zijd" getal="ev" graad="basis" his="normal" his_1="normal" id="17" lcat="np" lemma="motorfiets" naamval="stan" ntype="soort" num="sg" pos="noun" postag="N(soort,ev,basis,zijd,stan)" pt="n" rel="hd" rnum="sg" root="motorfiets" sense="motorfiets" word="motorfiets"/>
        </node>
      </node>
      <node begin="11" cat="pp" end="14" id="18" rel="pc">
        <node begin="11" end="12" frame="preposition(op,[af,na])" his="normal" his_1="normal" id="19" lcat="pp" lemma="op" pos="prep" postag="VZ(init)" pt="vz" rel="hd" root="op" sense="op" vztype="init" word="op"/>
        <node begin="12" cat="np" end="14" id="20" rel="obj1">
          <node begin="12" end="13" frame="determiner(de)" his="normal" his_1="normal" id="21" infl="de" lcat="detp" lemma="de" lwtype="bep" naamval="stan" npagr="rest" pos="det" postag="LID(bep,stan,rest)" pt="lid" rel="det" root="de" sense="de" word="de"/>
          <node begin="13" end="14" frame="tmp_noun(de,count,sg)" gen="de" genus="zijd" getal="ev" graad="basis" his="normal" his_1="normal" id="22" lcat="np" lemma="weg" naamval="stan" ntype="soort" num="sg" pos="noun" postag="N(soort,ev,basis,zijd,stan)" pt="n" rel="hd" rnum="sg" root="weg" sense="weg" special="tmp" word="weg"/>
        </node>
      </node>
    </node>
  </node>
  <sentence sentid="133">Een motorrijder met een rode helm rijdt op een blauwe motorfiets op de weg</sentence>
  <comments>
    <comment>Q#133|Een motorrijder met een rode helm rijdt op een blauwe motorfiets op de weg|1|1|-7.460186717099998</comment>
  </comments>
</alpino_ds>
