<?xml version="1.0" encoding="UTF-8"?>
<alpino_ds version="1.6">
  <parser build="Alpino-x86_64-linux-glibc2.5-git233-sicstus" date="2021-02-02T16:10" cats="1" skips="0" />
  <node begin="0" cat="top" end="8" id="0" rel="top">
    <node begin="0" cat="smain" end="8" id="1" rel="--">
      <node begin="0" cat="np" end="3" id="2" index="1" rel="su">
        <node begin="0" end="1" frame="determiner(een)" his="normal" his_1="decap" his_1_1="normal" id="3" infl="een" lcat="detp" lemma="een" lwtype="onbep" naamval="stan" npagr="agr" pos="det" postag="LID(onbep,stan,agr)" pt="lid" rel="det" root="een" sense="een" word="Een"/>
        <node begin="1" end="2" frame="noun(het,count,sg,measure)" gen="het" genus="onz" getal="ev" graad="dim" his="normal" his_1="normal" id="4" lcat="np" lemma="lik" naamval="stan" ntype="soort" num="sg" pos="noun" postag="N(soort,ev,dim,onz,stan)" pt="n" rel="hd" rnum="sg" root="lik_DIM" sc="measure" sense="lik_DIM" word="likje"/>
        <node begin="2" end="3" frame="noun(de,count,sg)" gen="de" genus="zijd" getal="ev" graad="basis" his="compound" his_1="2" id="5" lcat="np" lemma="melk_saus" naamval="stan" ntype="soort" num="sg" pos="noun" postag="N(soort,ev,basis,zijd,stan)" pt="n" rel="mod" rnum="sg" root="melk_saus" sense="melk_saus" word="melksaus"/>
      </node>
      <node begin="3" end="4" frame="verb(unacc,sg3,passive)" his="normal" his_1="normal" id="6" infl="sg3" lcat="smain" lemma="worden" pos="verb" postag="WW(pv,tgw,met-t)" pt="ww" pvagr="met-t" pvtijd="tgw" rel="hd" root="word" sc="passive" sense="word" stype="declarative" tense="present" word="wordt" wvorm="pv"/>
      <node begin="0" cat="ppart" end="8" id="7" rel="vc">
        <node begin="0" end="3" id="8" index="1" rel="obj1"/>
        <node begin="4" cat="pp" end="7" id="9" rel="obj2">
          <node begin="4" end="5" frame="preposition(aan,[vooraf])" his="normal" his_1="normal" id="10" lcat="pp" lemma="aan" pos="prep" postag="VZ(init)" pt="vz" rel="hd" root="aan" sense="aan" vztype="init" word="aan"/>
          <node begin="5" cat="np" end="7" id="11" rel="obj1">
            <node begin="5" end="6" frame="determiner(de)" his="normal" his_1="normal" id="12" infl="de" lcat="detp" lemma="de" lwtype="bep" naamval="stan" npagr="rest" pos="det" postag="LID(bep,stan,rest)" pt="lid" rel="det" root="de" sense="de" word="de"/>
            <node begin="6" end="7" frame="noun(de,count,sg)" gen="de" genus="zijd" getal="ev" graad="basis" his="normal" his_1="normal" id="13" lcat="np" lemma="kat" naamval="stan" ntype="soort" num="sg" pos="noun" postag="N(soort,ev,basis,zijd,stan)" pt="n" rel="hd" rnum="sg" root="kat" sense="kat" word="kat"/>
          </node>
        </node>
        <node begin="7" buiging="zonder" end="8" frame="verb(hebben,psp,so_pp_np)" his="normal" his_1="normal" id="14" infl="psp" lcat="ppart" lemma="geven" pos="verb" positie="vrij" postag="WW(vd,vrij,zonder)" pt="ww" rel="hd" root="geef" sc="so_pp_np" sense="geef" word="gegeven" wvorm="vd"/>
      </node>
    </node>
  </node>
  <sentence sentid="1331">Een likje melksaus wordt aan de kat gegeven</sentence>
  <comments>
    <comment>Q#1331|Een likje melksaus wordt aan de kat gegeven|1|1|-8.274704862500002</comment>
  </comments>
</alpino_ds>
