<?xml version="1.0" encoding="UTF-8"?>
<alpino_ds version="1.6">
  <parser build="Alpino-x86_64-linux-glibc2.5-git233-sicstus" date="2021-02-02T16:10" cats="1" skips="0" />
  <node begin="0" cat="top" end="5" id="0" rel="top">
    <node begin="0" cat="smain" end="5" id="1" rel="--">
      <node begin="0" cat="np" end="2" id="2" rel="su">
        <node begin="0" end="1" frame="determiner(de)" his="normal" his_1="decap" his_1_1="normal" id="3" infl="de" lcat="detp" lemma="de" lwtype="bep" naamval="stan" npagr="rest" pos="det" postag="LID(bep,stan,rest)" pt="lid" rel="det" root="de" sense="de" word="De"/>
        <node begin="1" end="2" frame="noun(de,count,sg)" gen="de" genus="zijd" getal="ev" graad="basis" his="normal" his_1="normal" id="4" lcat="np" lemma="kat" naamval="stan" ntype="soort" num="sg" pos="noun" postag="N(soort,ev,basis,zijd,stan)" pt="n" rel="hd" rnum="sg" root="kat" sense="kat" word="kat"/>
      </node>
      <node begin="2" end="3" frame="verb(hebben,sg3,transitive)" his="normal" his_1="normal" id="5" infl="sg3" lcat="smain" lemma="drinken" pos="verb" postag="WW(pv,tgw,met-t)" pt="ww" pvagr="met-t" pvtijd="tgw" rel="hd" root="drink" sc="transitive" sense="drink" stype="declarative" tense="present" word="drinkt" wvorm="pv"/>
      <node begin="3" cat="np" end="5" id="6" rel="obj1">
        <node aform="base" begin="3" buiging="zonder" end="4" frame="adjective(no_e(padv))" graad="basis" his="normal" his_1="normal" id="7" infl="no_e" lcat="ap" lemma="hongerig" pos="adj" positie="prenom" postag="ADJ(prenom,basis,zonder)" pt="adj" rel="mod" root="hongerig" sense="hongerig" vform="adj" word="hongerig"/>
        <node begin="4" end="5" frame="noun(de,mass,sg)" gen="de" genus="zijd" getal="ev" graad="basis" his="normal" his_1="normal" id="8" lcat="np" lemma="melk" naamval="stan" ntype="soort" num="sg" pos="noun" postag="N(soort,ev,basis,zijd,stan)" pt="n" rel="hd" rnum="sg" root="melk" sense="melk" word="melk"/>
      </node>
    </node>
  </node>
  <sentence sentid="1333">De kat drinkt hongerig melk</sentence>
  <comments>
    <comment>Q#1333|De kat drinkt hongerig melk|1|1|0.21193687369999936</comment>
  </comments>
</alpino_ds>
