<?xml version="1.0" encoding="UTF-8"?>
<alpino_ds version="1.6">
  <parser build="Alpino-x86_64-linux-glibc2.5-git233-sicstus" date="2021-02-02T16:10" cats="1" skips="0" />
  <node begin="0" cat="top" end="8" id="0" rel="top">
    <node begin="0" cat="smain" end="8" id="1" rel="--">
      <node begin="0" end="1" frame="er_vp_adverb" getal="getal" his="normal" his_1="decap" his_1_1="normal" id="2" lcat="advp" lemma="er" naamval="stan" pdtype="adv-pron" persoon="3" pos="adv" postag="VNW(aanw,adv-pron,stan,red,3,getal)" pt="vnw" rel="mod" root="er" sense="er" special="er" status="red" vwtype="aanw" word="Er"/>
      <node begin="1" end="2" frame="verb(unacc,sg_heeft,intransitive)" his="normal" his_1="normal" id="3" infl="sg_heeft" lcat="smain" lemma="zijn" pos="verb" postag="WW(pv,tgw,ev)" pt="ww" pvagr="ev" pvtijd="tgw" rel="hd" root="ben" sc="intransitive" sense="ben" stype="declarative" tense="present" word="is" wvorm="pv"/>
      <node begin="2" cat="np" end="8" id="4" rel="su">
        <node begin="2" buiging="zonder" end="3" frame="determiner(geen,nwh,mod,pro,yparg,nwkpro,geen)" his="normal" his_1="normal" id="5" infl="geen" lcat="detp" lemma="geen" naamval="stan" npagr="agr" pdtype="det" pos="det" positie="prenom" postag="VNW(onbep,det,stan,prenom,zonder,agr)" pt="vnw" rel="det" root="geen" sense="geen" vwtype="onbep" wh="nwh" word="geen"/>
        <node begin="3" end="4" frame="noun(de,count,sg)" gen="de" genus="zijd" getal="ev" graad="basis" his="normal" his_1="normal" id="6" lcat="np" lemma="kat" naamval="stan" ntype="soort" num="sg" pos="noun" postag="N(soort,ev,basis,zijd,stan)" pt="n" rel="hd" rnum="sg" root="kat" sense="kat" word="kat"/>
        <node begin="4" cat="rel" end="8" id="7" rel="mod">
          <node begin="4" case="no_obl" end="5" frame="rel_pronoun(de,no_obl)" gen="de" getal="getal" his="normal" his_1="normal" id="8" index="1" lcat="np" lemma="die" naamval="stan" pdtype="pron" persoon="persoon" pos="pron" postag="VNW(betr,pron,stan,vol,persoon,getal)" pt="vnw" rel="rhd" rnum="sg" root="die" sense="die" status="vol" vwtype="betr" wh="rel" word="die"/>
          <node begin="4" cat="ssub" end="8" id="9" rel="body">
            <node begin="4" end="5" id="10" index="1" rel="su"/>
            <node begin="5" cat="np" end="7" id="11" rel="obj1">
              <node aform="base" begin="5" buiging="zonder" end="6" frame="adjective(no_e(padv))" graad="basis" his="normal" his_1="normal" id="12" infl="no_e" lcat="ap" lemma="hongerig" pos="adj" positie="prenom" postag="ADJ(prenom,basis,zonder)" pt="adj" rel="mod" root="hongerig" sense="hongerig" vform="adj" word="hongerig"/>
              <node begin="6" end="7" frame="noun(de,mass,sg)" gen="de" genus="zijd" getal="ev" graad="basis" his="normal" his_1="normal" id="13" lcat="np" lemma="melk" naamval="stan" ntype="soort" num="sg" pos="noun" postag="N(soort,ev,basis,zijd,stan)" pt="n" rel="hd" rnum="sg" root="melk" sense="melk" word="melk"/>
            </node>
            <node begin="7" end="8" frame="verb(hebben,sg3,transitive)" his="normal" his_1="normal" id="14" infl="sg3" lcat="ssub" lemma="drinken" pos="verb" postag="WW(pv,tgw,met-t)" pt="ww" pvagr="met-t" pvtijd="tgw" rel="hd" root="drink" sc="transitive" sense="drink" tense="present" word="drinkt" wvorm="pv"/>
          </node>
        </node>
      </node>
    </node>
  </node>
  <sentence sentid="1334">Er is geen kat die hongerig melk drinkt</sentence>
  <comments>
    <comment>Q#1334|Er is geen kat die hongerig melk drinkt|1|1|-7.444858082600001</comment>
  </comments>
</alpino_ds>
