<?xml version="1.0" encoding="UTF-8"?>
<alpino_ds version="1.6">
  <parser build="Alpino-x86_64-linux-glibc2.5-git233-sicstus" date="2021-02-02T16:10" cats="1" skips="0" />
  <node begin="0" cat="top" end="12" id="0" rel="top">
    <node begin="0" cat="smain" end="12" id="1" rel="--">
      <node begin="0" cat="np" end="4" id="2" rel="su">
        <node begin="0" end="1" frame="determiner(het,nwh,nmod,pro,nparg,wkpro)" his="normal" his_1="decap" his_1_1="normal" id="3" infl="het" lcat="detp" lemma="het" lwtype="bep" naamval="stan" npagr="evon" pos="det" postag="LID(bep,stan,evon)" pt="lid" rel="det" root="het" sense="het" wh="nwh" word="Het"/>
        <node begin="1" buiging="zonder" end="2" frame="v_noun(intransitive)" getal-n="zonder-n" his="normal" his_1="normal" id="4" lcat="np" lemma="drinken" pos="verb" positie="nom" postag="WW(inf,nom,zonder,zonder-n)" pt="ww" rel="hd" rnum="sg" root="drink" sc="intransitive" sense="drink" special="v_noun" word="drinken" wvorm="inf"/>
        <node begin="2" cat="pp" end="4" id="5" rel="mod">
          <node begin="2" end="3" frame="preposition(van,[af,uit,vandaan,[af,aan]])" his="normal" his_1="normal" id="6" lcat="pp" lemma="van" pos="prep" postag="VZ(init)" pt="vz" rel="hd" root="van" sense="van" vztype="init" word="van"/>
          <node begin="3" end="4" frame="noun(de,mass,sg)" gen="de" genus="zijd" getal="ev" graad="basis" his="normal" his_1="normal" id="7" lcat="np" lemma="melk" naamval="stan" ntype="soort" num="sg" pos="noun" postag="N(soort,ev,basis,zijd,stan)" pt="n" rel="obj1" rnum="sg" root="melk" sense="melk" word="melk"/>
        </node>
      </node>
      <node begin="4" end="5" frame="verb(hebben,sg3,vp_no_control)" his="normal" his_1="normal" id="8" infl="sg3" lcat="smain" lemma="helpen" pos="verb" postag="WW(pv,tgw,met-t)" pt="ww" pvagr="met-t" pvtijd="tgw" rel="hd" root="help" sc="vp_no_control" sense="help" stype="declarative" tense="present" word="helpt" wvorm="pv"/>
      <node begin="5" cat="ti" end="12" id="9" rel="vc">
        <node begin="10" end="11" frame="complementizer(te)" his="normal" his_1="normal" id="10" lcat="ti" lemma="te" pos="comp" postag="VZ(init)" pt="vz" rel="cmp" root="te" sc="te" sense="te" vztype="init" word="te"/>
        <node begin="5" cat="inf" end="12" id="11" rel="body">
          <node begin="5" cat="np" end="10" id="12" rel="obj1">
            <node begin="5" end="6" frame="determiner(de)" his="normal" his_1="normal" id="13" infl="de" lcat="detp" lemma="de" lwtype="bep" naamval="stan" npagr="rest" pos="det" postag="LID(bep,stan,rest)" pt="lid" rel="det" root="de" sense="de" word="de"/>
            <node begin="6" end="7" frame="noun(de,mass,sg)" gen="de" genus="zijd" getal="ev" graad="basis" his="normal" his_1="normal" id="14" lcat="np" lemma="honger" naamval="stan" ntype="soort" num="sg" pos="noun" postag="N(soort,ev,basis,zijd,stan)" pt="n" rel="hd" rnum="sg" root="honger" sense="honger" word="honger"/>
            <node begin="7" cat="pp" end="10" id="15" rel="mod">
              <node begin="7" end="8" frame="preposition(van,[af,uit,vandaan,[af,aan]])" his="normal" his_1="normal" id="16" lcat="pp" lemma="van" pos="prep" postag="VZ(init)" pt="vz" rel="hd" root="van" sense="van" vztype="init" word="van"/>
              <node begin="8" cat="np" end="10" id="17" rel="obj1">
                <node begin="8" end="9" frame="determiner(een)" his="normal" his_1="normal" id="18" infl="een" lcat="detp" lemma="een" lwtype="onbep" naamval="stan" npagr="agr" pos="det" postag="LID(onbep,stan,agr)" pt="lid" rel="det" root="een" sense="een" word="een"/>
                <node begin="9" end="10" frame="noun(de,count,sg)" gen="de" genus="zijd" getal="ev" graad="basis" his="normal" his_1="normal" id="19" lcat="np" lemma="kat" naamval="stan" ntype="soort" num="sg" pos="noun" postag="N(soort,ev,basis,zijd,stan)" pt="n" rel="hd" rnum="sg" root="kat" sense="kat" word="kat"/>
              </node>
            </node>
          </node>
          <node begin="11" buiging="zonder" end="12" frame="verb(hebben,inf,transitive)" his="normal" his_1="normal" id="20" infl="inf" lcat="inf" lemma="stillen" pos="verb" positie="vrij" postag="WW(inf,vrij,zonder)" pt="ww" rel="hd" root="stil" sc="transitive" sense="stil" word="stillen" wvorm="inf"/>
        </node>
      </node>
    </node>
  </node>
  <sentence sentid="1335">Het drinken van melk helpt de honger van een kat te stillen</sentence>
  <comments>
    <comment>Q#1335|Het drinken van melk helpt de honger van een kat te stillen|1|1|-8.213514704</comment>
  </comments>
</alpino_ds>
