<?xml version="1.0" encoding="UTF-8"?>
<alpino_ds version="1.6">
  <parser build="Alpino-x86_64-linux-glibc2.5-git233-sicstus" date="2021-02-02T15:58" cats="1" skips="0" />
  <node begin="0" cat="top" end="15" id="0" rel="top">
    <node begin="0" cat="smain" end="15" id="1" rel="--">
      <node begin="0" cat="np" end="4" id="2" rel="su">
        <node begin="0" end="1" frame="determiner(een)" his="normal" his_1="decap" his_1_1="normal" id="3" infl="een" lcat="detp" lemma="een" lwtype="onbep" naamval="stan" npagr="agr" pos="det" postag="LID(onbep,stan,agr)" pt="lid" rel="det" root="een" sense="een" word="Een"/>
        <node begin="1" end="2" frame="noun(de,count,sg)" gen="de" genus="zijd" getal="ev" graad="basis" his="normal" his_1="normal" id="4" lcat="np" lemma="motor_rijder" naamval="stan" ntype="soort" num="sg" pos="noun" postag="N(soort,ev,basis,zijd,stan)" pt="n" rel="hd" rnum="sg" root="motor_rijder" sense="motor_rijder" word="motorrijder"/>
        <node begin="2" cat="pp" end="4" id="5" rel="mod">
          <node begin="2" end="3" frame="preposition(zonder,[])" his="normal" his_1="normal" id="6" lcat="pp" lemma="zonder" pos="prep" postag="VZ(init)" pt="vz" rel="hd" root="zonder" sense="zonder" vztype="init" word="zonder"/>
          <node begin="3" end="4" frame="noun(de,count,sg)" gen="de" genus="zijd" getal="ev" graad="basis" his="normal" his_1="normal" id="7" lcat="np" lemma="helm" naamval="stan" ntype="soort" num="sg" pos="noun" postag="N(soort,ev,basis,zijd,stan)" pt="n" rel="obj1" rnum="sg" root="helm" sense="helm" word="helm"/>
        </node>
      </node>
      <node begin="4" end="5" frame="verb(hebben,sg,pc_pp(op))" his="normal" his_1="normal" id="8" infl="sg" lcat="smain" lemma="wachten" pos="verb" postag="WW(pv,tgw,ev)" pt="ww" pvagr="ev" pvtijd="tgw" rel="hd" root="wacht" sc="pc_pp(op)" sense="wacht-op" stype="declarative" tense="present" word="wacht" wvorm="pv"/>
      <node begin="5" cat="pp" end="15" id="9" rel="pc">
        <node begin="5" end="6" frame="preposition(op,[af,na])" his="normal" his_1="normal" id="10" lcat="pp" lemma="op" pos="prep" postag="VZ(init)" pt="vz" rel="hd" root="op" sense="op" vztype="init" word="op"/>
        <node begin="6" cat="np" end="15" id="11" rel="obj1">
          <node begin="6" end="7" frame="determiner(een)" his="normal" his_1="normal" id="12" infl="een" lcat="detp" lemma="een" lwtype="onbep" naamval="stan" npagr="agr" pos="det" postag="LID(onbep,stan,agr)" pt="lid" rel="det" root="een" sense="een" word="een"/>
          <node aform="base" begin="7" buiging="met-e" end="8" frame="adjective(e)" graad="basis" his="normal" his_1="normal" id="13" infl="e" lcat="ap" lemma="blauw" naamval="stan" pos="adj" positie="prenom" postag="ADJ(prenom,basis,met-e,stan)" pt="adj" rel="mod" root="blauw" sense="blauw" vform="adj" word="blauwe"/>
          <node begin="8" end="9" frame="noun(de,count,sg)" gen="de" genus="zijd" getal="ev" graad="basis" his="normal" his_1="normal" id="14" lcat="np" lemma="motorfiets" naamval="stan" ntype="soort" num="sg" pos="noun" postag="N(soort,ev,basis,zijd,stan)" pt="n" rel="hd" rnum="sg" root="motorfiets" sense="motorfiets" word="motorfiets"/>
          <node begin="9" cat="pp" end="15" id="15" rel="mod">
            <node begin="9" end="10" frame="preposition(in,[])" his="normal" his_1="normal" id="16" lcat="pp" lemma="in" pos="prep" postag="VZ(init)" pt="vz" rel="hd" root="in" sense="in" vztype="init" word="in"/>
            <node begin="10" cat="np" end="15" id="17" rel="obj1">
              <node begin="10" end="11" frame="determiner(de)" his="normal" his_1="normal" id="18" infl="de" lcat="detp" lemma="de" lwtype="bep" naamval="stan" npagr="rest" pos="det" postag="LID(bep,stan,rest)" pt="lid" rel="det" root="de" sense="de" word="de"/>
              <node begin="11" end="12" frame="noun(de,count,sg)" gen="de" genus="zijd" getal="ev" graad="basis" his="normal" his_1="normal" id="19" lcat="np" lemma="buurt" naamval="stan" ntype="soort" num="sg" pos="noun" postag="N(soort,ev,basis,zijd,stan)" pt="n" rel="hd" rnum="sg" root="buurt" sense="buurt" word="buurt"/>
              <node begin="12" cat="pp" end="15" id="20" rel="mod">
                <node begin="12" end="13" frame="preposition(van,[af,uit,vandaan,[af,aan]])" his="normal" his_1="normal" id="21" lcat="pp" lemma="van" pos="prep" postag="VZ(init)" pt="vz" rel="hd" root="van" sense="van" vztype="init" word="van"/>
                <node begin="13" cat="np" end="15" id="22" rel="obj1">
                  <node begin="13" end="14" frame="determiner(de)" his="normal" his_1="normal" id="23" infl="de" lcat="detp" lemma="de" lwtype="bep" naamval="stan" npagr="rest" pos="det" postag="LID(bep,stan,rest)" pt="lid" rel="det" root="de" sense="de" word="de"/>
                  <node begin="14" end="15" frame="tmp_noun(de,count,sg)" gen="de" genus="zijd" getal="ev" graad="basis" his="normal" his_1="normal" id="24" lcat="np" lemma="weg" naamval="stan" ntype="soort" num="sg" pos="noun" postag="N(soort,ev,basis,zijd,stan)" pt="n" rel="hd" rnum="sg" root="weg" sense="weg" special="tmp" word="weg"/>
                </node>
              </node>
            </node>
          </node>
        </node>
      </node>
    </node>
  </node>
  <sentence sentid="134">Een motorrijder zonder helm wacht op een blauwe motorfiets in de buurt van de weg</sentence>
  <comments>
    <comment>Q#134|Een motorrijder zonder helm wacht op een blauwe motorfiets in de buurt van de weg|1|1|-4.636556989999996</comment>
  </comments>
</alpino_ds>
