<?xml version="1.0" encoding="UTF-8"?>
<alpino_ds version="1.6">
  <parser build="Alpino-x86_64-linux-glibc2.5-git233-sicstus" date="2021-02-02T16:10" cats="1" skips="0" />
  <node begin="0" cat="top" end="9" id="0" rel="top">
    <node begin="0" cat="smain" end="9" id="1" rel="--">
      <node begin="0" cat="np" end="3" id="2" index="1" rel="su">
        <node begin="0" end="1" frame="determiner(een)" his="normal" his_1="decap" his_1_1="normal" id="3" infl="een" lcat="detp" lemma="een" lwtype="onbep" naamval="stan" npagr="agr" pos="det" postag="LID(onbep,stan,agr)" pt="lid" rel="det" root="een" sense="een" word="Een"/>
        <node aform="base" begin="1" buiging="met-e" end="2" frame="adjective(e)" graad="basis" his="normal" his_1="normal" id="4" infl="e" lcat="ap" lemma="klein" naamval="stan" pos="adj" positie="prenom" postag="ADJ(prenom,basis,met-e,stan)" pt="adj" rel="mod" root="klein" sense="klein" vform="adj" word="kleine"/>
        <node begin="2" end="3" frame="noun(de,count,sg)" gen="de" genus="zijd" getal="ev" graad="basis" his="normal" his_1="normal" id="5" lcat="np" lemma="jongen" naamval="stan" ntype="soort" num="sg" pos="noun" postag="N(soort,ev,basis,zijd,stan)" pt="n" rel="hd" rnum="sg" root="jongen" sense="jongen" word="jongen"/>
      </node>
      <node begin="3" end="4" frame="verb(unacc,sg_heeft,aan_het)" his="normal" his_1="normal" id="6" infl="sg_heeft" lcat="smain" lemma="zijn" pos="verb" postag="WW(pv,tgw,ev)" pt="ww" pvagr="ev" pvtijd="tgw" rel="hd" root="ben" sc="aan_het" sense="ben-aan_het" stype="declarative" tense="present" word="is" wvorm="pv"/>
      <node begin="0" cat="ahi" end="9" id="7" rel="vc">
        <node begin="6" cat="mwu" end="8" his="normal" his_1="normal" id="8" mwu_root="aan het" mwu_sense="aan het" rel="cmp">
          <node begin="6" end="7" frame="complementizer(aan_het)" id="9" lcat="ahi" lemma="aan" pos="comp" postag="VZ(init)" pt="vz" rel="mwp" root="aan" sc="aan_het" sense="aan" vztype="init" word="aan"/>
          <node begin="7" end="8" frame="complementizer(aan_het)" id="10" lcat="ahi" lemma="het" lwtype="bep" naamval="stan" npagr="evon" pos="comp" postag="LID(bep,stan,evon)" pt="lid" rel="mwp" root="het" sc="aan_het" sense="het" word="het"/>
        </node>
        <node begin="0" cat="inf" end="9" id="11" rel="body">
          <node begin="0" end="3" id="12" index="1" rel="su"/>
          <node begin="4" cat="np" end="6" id="13" rel="obj1">
            <node begin="4" end="5" frame="determiner(een)" his="normal" his_1="normal" id="14" infl="een" lcat="detp" lemma="een" lwtype="onbep" naamval="stan" npagr="agr" pos="det" postag="LID(onbep,stan,agr)" pt="lid" rel="det" root="een" sense="een" word="een"/>
            <node begin="5" end="6" frame="noun(de,count,sg)" gen="de" genus="zijd" getal="ev" graad="basis" his="normal" his_1="normal" id="15" lcat="np" lemma="hond" naamval="stan" ntype="soort" num="sg" pos="noun" postag="N(soort,ev,basis,zijd,stan)" pt="n" rel="hd" rnum="sg" root="hond" sense="hond" word="hond"/>
          </node>
          <node begin="8" buiging="zonder" end="9" frame="verb(hebben,inf,ninv(transitive,part_transitive(uit)))" his="normal" his_1="part-V" id="16" infl="inf" lcat="inf" lemma="uit_schelden" pos="verb" positie="vrij" postag="WW(inf,vrij,zonder)" pt="ww" rel="hd" root="scheld_uit" sc="part_transitive(uit)" sense="scheld_uit" word="uitschelden" wvorm="inf"/>
        </node>
      </node>
    </node>
  </node>
  <sentence sentid="1341">Een kleine jongen is een hond aan het uitschelden</sentence>
  <comments>
    <comment>Q#1341|Een kleine jongen is een hond aan het uitschelden|1|1|-7.253102839099999</comment>
  </comments>
</alpino_ds>
