<?xml version="1.0" encoding="UTF-8"?>
<alpino_ds version="1.6">
  <parser build="Alpino-x86_64-linux-glibc2.5-git233-sicstus" date="2021-02-02T16:10" cats="1" skips="0" />
  <node begin="0" cat="top" end="6" id="0" rel="top">
    <node begin="0" cat="smain" end="6" id="1" rel="--">
      <node begin="0" cat="np" end="2" id="2" rel="su">
        <node begin="0" end="1" frame="determiner(een)" his="normal" his_1="decap" his_1_1="normal" id="3" infl="een" lcat="detp" lemma="een" lwtype="onbep" naamval="stan" npagr="agr" pos="det" postag="LID(onbep,stan,agr)" pt="lid" rel="det" root="een" sense="een" word="Een"/>
        <node begin="1" end="2" frame="noun(de,count,sg)" gen="de" genus="zijd" getal="ev" graad="basis" his="compound" his_1="2" id="4" lcat="np" lemma="aard_appel_schil" naamval="stan" ntype="soort" num="sg" pos="noun" postag="N(soort,ev,basis,zijd,stan)" pt="n" rel="hd" rnum="sg" root="aard_appel_schil" sense="aard_appel_schil" word="aardappelschil"/>
      </node>
      <node begin="2" end="3" frame="verb(unacc,sg3,ld_pp)" his="normal" his_1="normal" id="5" infl="sg3" lcat="smain" lemma="vallen" pos="verb" postag="WW(pv,tgw,met-t)" pt="ww" pvagr="met-t" pvtijd="tgw" rel="hd" root="val" sc="ld_pp" sense="val" stype="declarative" tense="present" word="valt" wvorm="pv"/>
      <node begin="3" cat="pp" end="6" id="6" rel="ld">
        <node begin="3" end="4" frame="preposition(over,[heen])" his="normal" his_1="normal" id="7" lcat="pp" lemma="over" pos="prep" postag="VZ(init)" pt="vz" rel="hd" root="over" sense="over" vztype="init" word="over"/>
        <node begin="4" cat="np" end="6" id="8" rel="obj1">
          <node begin="4" end="5" frame="determiner(een)" his="normal" his_1="normal" id="9" infl="een" lcat="detp" lemma="een" lwtype="onbep" naamval="stan" npagr="agr" pos="det" postag="LID(onbep,stan,agr)" pt="lid" rel="det" root="een" sense="een" word="een"/>
          <node begin="5" end="6" frame="noun(de,count,sg)" gen="de" genus="zijd" getal="ev" graad="basis" his="normal" his_1="normal" id="10" lcat="np" lemma="vrouw" naamval="stan" ntype="soort" num="sg" pos="noun" postag="N(soort,ev,basis,zijd,stan)" pt="n" rel="hd" rnum="sg" root="vrouw" sense="vrouw" word="vrouw"/>
        </node>
      </node>
    </node>
  </node>
  <sentence sentid="1343">Een aardappelschil valt over een vrouw</sentence>
  <comments>
    <comment>Q#1343|Een aardappelschil valt over een vrouw|1|1|-4.6763700215</comment>
  </comments>
</alpino_ds>
