<?xml version="1.0" encoding="UTF-8"?>
<alpino_ds version="1.6">
  <parser build="Alpino-x86_64-linux-glibc2.5-git233-sicstus" date="2021-02-02T15:58" cats="1" skips="0" />
  <node begin="0" cat="top" end="13" id="0" rel="top">
    <node begin="0" cat="conj" end="13" id="1" rel="--">
      <node begin="0" cat="smain" end="8" id="2" rel="cnj">
        <node begin="0" cat="np" end="2" id="3" rel="su">
          <node begin="0" end="1" frame="determiner(een)" his="normal" his_1="decap" his_1_1="normal" id="4" infl="een" lcat="detp" lemma="een" lwtype="onbep" naamval="stan" npagr="agr" pos="det" postag="LID(onbep,stan,agr)" pt="lid" rel="det" root="een" sense="een" word="Een"/>
          <node begin="1" end="2" frame="noun(de,count,sg)" gen="de" genus="zijd" getal="ev" graad="basis" his="normal" his_1="normal" id="5" lcat="np" lemma="hond" naamval="stan" ntype="soort" num="sg" pos="noun" postag="N(soort,ev,basis,zijd,stan)" pt="n" rel="hd" rnum="sg" root="hond" sense="hond" word="hond"/>
        </node>
        <node begin="2" end="3" frame="verb(hebben,sg3,np_ld_pp)" his="normal" his_1="normal" id="6" infl="sg3" lcat="smain" lemma="vangen" pos="verb" postag="WW(pv,tgw,met-t)" pt="ww" pvagr="met-t" pvtijd="tgw" rel="hd" root="vang" sc="np_ld_pp" sense="vang" stype="declarative" tense="present" word="vangt" wvorm="pv"/>
        <node begin="3" cat="np" end="5" id="7" rel="obj1">
          <node begin="3" end="4" frame="determiner(een)" his="normal" his_1="normal" id="8" infl="een" lcat="detp" lemma="een" lwtype="onbep" naamval="stan" npagr="agr" pos="det" postag="LID(onbep,stan,agr)" pt="lid" rel="det" root="een" sense="een" word="een"/>
          <node begin="4" end="5" frame="noun(de,count,sg)" gen="de" genus="zijd" getal="ev" graad="basis" his="normal" his_1="normal" id="9" lcat="np" lemma="stok" naamval="stan" ntype="soort" num="sg" pos="noun" postag="N(soort,ev,basis,zijd,stan)" pt="n" rel="hd" rnum="sg" root="stok" sense="stok" word="stok"/>
        </node>
        <node begin="5" cat="pp" end="8" id="10" rel="ld">
          <node begin="5" end="6" frame="preposition(in,[])" his="normal" his_1="normal" id="11" lcat="pp" lemma="in" pos="prep" postag="VZ(init)" pt="vz" rel="hd" root="in" sense="in" vztype="init" word="in"/>
          <node begin="6" cat="np" end="8" id="12" rel="obj1">
            <node begin="6" end="7" frame="determiner(de)" his="normal" his_1="normal" id="13" infl="de" lcat="detp" lemma="de" lwtype="bep" naamval="stan" npagr="rest" pos="det" postag="LID(bep,stan,rest)" pt="lid" rel="det" root="de" sense="de" word="de"/>
            <node begin="7" end="8" frame="noun(de,count,sg)" gen="de" genus="zijd" getal="ev" graad="basis" his="normal" his_1="normal" id="14" lcat="np" lemma="lucht" naamval="stan" ntype="soort" num="sg" pos="noun" postag="N(soort,ev,basis,zijd,stan)" pt="n" rel="hd" rnum="sg" root="lucht" sense="lucht" word="lucht"/>
          </node>
        </node>
      </node>
      <node begin="8" conjtype="neven" end="9" frame="conj(en)" his="normal" his_1="normal" id="15" lcat="vg" lemma="en" pos="vg" postag="VG(neven)" pt="vg" rel="crd" root="en" sense="en" word="en"/>
      <node begin="9" cat="smain" end="13" id="16" rel="cnj">
        <node begin="9" cat="np" end="11" id="17" rel="su">
          <node begin="9" end="10" frame="determiner(een)" his="normal" his_1="normal" id="18" infl="een" lcat="detp" lemma="een" lwtype="onbep" naamval="stan" npagr="agr" pos="det" postag="LID(onbep,stan,agr)" pt="lid" rel="det" root="een" sense="een" word="een"/>
          <node aform="compar" begin="10" buiging="met-e" end="11" frame="adjective(ere)" getal-n="zonder-n" graad="basis" his="normal" his_1="normal" id="19" infl="e" lcat="np" lemma="ander" naamval="stan" pos="adj" positie="nom" postag="ADJ(nom,basis,met-e,zonder-n,stan)" pt="adj" rel="hd" rnum="sg" root="ander" sense="ander" vform="adj" word="andere"/>
        </node>
        <node begin="11" end="12" frame="verb(hebben,sg3,part_intransitive(toe))" his="normal" his_1="normal" id="20" infl="sg3" lcat="smain" lemma="toe_kijken" pos="verb" postag="WW(pv,tgw,met-t)" pt="ww" pvagr="met-t" pvtijd="tgw" rel="hd" root="kijk_toe" sc="part_intransitive(toe)" sense="kijk_toe" stype="declarative" tense="present" word="kijkt" wvorm="pv"/>
        <node begin="12" end="13" frame="particle(toe)" his="normal" his_1="normal" id="21" lcat="part" lemma="toe" pos="part" postag="VZ(fin)" pt="vz" rel="svp" root="toe" sense="toe" vztype="fin" word="toe"/>
      </node>
    </node>
  </node>
  <sentence sentid="135">Een hond vangt een stok in de lucht en een andere kijkt toe</sentence>
  <comments>
    <comment>Q#135|Een hond vangt een stok in de lucht en een andere kijkt toe|1|1|-2.9579334145000034</comment>
  </comments>
</alpino_ds>
