<?xml version="1.0" encoding="UTF-8"?>
<alpino_ds version="1.6">
  <parser build="Alpino-x86_64-linux-glibc2.5-git233-sicstus" date="2021-02-02T16:10" cats="1" skips="0" />
  <node begin="0" cat="top" end="15" id="0" rel="top">
    <node begin="0" cat="conj" end="15" id="1" rel="--">
      <node begin="0" cat="smain" end="6" id="2" rel="cnj">
        <node begin="0" cat="np" end="2" id="3" index="1" rel="su">
          <node begin="0" end="1" frame="determiner(de)" his="normal" his_1="decap" his_1_1="normal" id="4" infl="de" lcat="detp" lemma="de" lwtype="bep" naamval="stan" npagr="rest" pos="det" postag="LID(bep,stan,rest)" pt="lid" rel="det" root="de" sense="de" word="De"/>
          <node begin="1" end="2" frame="noun(de,count,bare_meas)" gen="de" genus="zijd" getal="ev" graad="basis" his="normal" his_1="normal" id="5" lcat="np" lemma="man" naamval="stan" ntype="soort" num="bare_meas" pos="noun" postag="N(soort,ev,basis,zijd,stan)" pt="n" rel="hd" rnum="sg" root="man" sense="man" word="man"/>
        </node>
        <node begin="2" end="3" frame="verb(hebben,sg,nonp_pred_np)" his="normal" his_1="normal" id="6" infl="sg" lcat="smain" lemma="zetten" pos="verb" postag="WW(pv,tgw,ev)" pt="ww" pvagr="ev" pvtijd="tgw" rel="hd" root="zet" sc="nonp_pred_np" sense="zet" tense="present" word="zet" wvorm="pv"/>
        <node begin="3" cat="np" end="5" id="7" rel="obj1">
          <node begin="3" end="4" frame="determiner(de)" his="normal" his_1="normal" id="8" infl="de" lcat="detp" lemma="de" lwtype="bep" naamval="stan" npagr="rest" pos="det" postag="LID(bep,stan,rest)" pt="lid" rel="det" root="de" sense="de" word="de"/>
          <node begin="4" end="5" frame="noun(de,count,sg)" gen="de" genus="zijd" getal="ev" graad="basis" his="normal" his_1="normal" id="9" lcat="np" lemma="camera" naamval="stan" ntype="soort" num="sg" pos="noun" postag="N(soort,ev,basis,zijd,stan)" pt="n" rel="hd" rnum="sg" root="camera" sense="camera" word="camera"/>
        </node>
        <node aform="base" begin="5" buiging="zonder" end="6" frame="adjective(no_e(adv))" graad="basis" his="normal" his_1="normal" id="10" infl="no_e" lcat="ap" lemma="klaar" pos="adj" positie="vrij" postag="ADJ(vrij,basis,zonder)" pt="adj" rel="predc" root="klaar" sense="klaar" vform="adj" word="klaar"/>
      </node>
      <node begin="6" conjtype="neven" end="7" frame="conj(en)" his="normal" his_1="normal" id="11" lcat="vg" lemma="en" pos="vg" postag="VG(neven)" pt="vg" rel="crd" root="en" sense="en" word="en"/>
      <node begin="0" cat="smain" end="15" id="12" rel="cnj">
        <node begin="0" end="2" id="13" index="1" rel="su"/>
        <node begin="7" end="8" frame="verb(hebben,sg3,transitive)" his="normal" his_1="normal" id="14" infl="sg3" lcat="smain" lemma="maken" pos="verb" postag="WW(pv,tgw,met-t)" pt="ww" pvagr="met-t" pvtijd="tgw" rel="hd" root="maak" sc="transitive" sense="maak" tense="present" word="maakt" wvorm="pv"/>
        <node begin="8" cat="np" end="15" id="15" rel="obj1">
          <node begin="8" end="9" frame="noun(de,count,pl)" gen="de" getal="mv" graad="basis" his="normal" his_1="normal" id="16" lcat="np" lemma="foto" ntype="soort" num="pl" pos="noun" postag="N(soort,mv,basis)" pt="n" rel="hd" rnum="pl" root="foto" sense="foto" word="foto&apos;s"/>
          <node begin="9" cat="pp" end="15" id="17" rel="mod">
            <node begin="9" end="10" frame="preposition(van,[af,uit,vandaan,[af,aan]])" his="normal" his_1="normal" id="18" lcat="pp" lemma="van" pos="prep" postag="VZ(init)" pt="vz" rel="hd" root="van" sense="van" vztype="init" word="van"/>
            <node begin="10" cat="np" end="15" id="19" rel="obj1">
              <node begin="10" end="11" frame="determiner(de)" his="normal" his_1="normal" id="20" infl="de" lcat="detp" lemma="de" lwtype="bep" naamval="stan" npagr="rest" pos="det" postag="LID(bep,stan,rest)" pt="lid" rel="det" root="de" sense="de" word="de"/>
              <node begin="11" end="12" frame="noun(de,count,sg)" gen="de" genus="zijd" getal="ev" graad="basis" his="normal" his_1="normal" id="21" lcat="np" lemma="zonsondergang" naamval="stan" ntype="soort" num="sg" pos="noun" postag="N(soort,ev,basis,zijd,stan)" pt="n" rel="hd" rnum="sg" root="zonsondergang" sense="zonsondergang" word="zonsondergang"/>
              <node begin="12" cat="pp" end="15" id="22" rel="mod">
                <node begin="12" end="13" frame="preposition(op,[af,na])" his="normal" his_1="normal" id="23" lcat="pp" lemma="op" pos="prep" postag="VZ(init)" pt="vz" rel="hd" root="op" sense="op" vztype="init" word="op"/>
                <node begin="13" cat="np" end="15" id="24" rel="obj1">
                  <node begin="13" end="14" frame="determiner(het,nwh,nmod,pro,nparg,wkpro)" his="normal" his_1="normal" id="25" infl="het" lcat="detp" lemma="het" lwtype="bep" naamval="stan" npagr="evon" pos="det" postag="LID(bep,stan,evon)" pt="lid" rel="det" root="het" sense="het" wh="nwh" word="het"/>
                  <node begin="14" end="15" frame="noun(het,count,sg)" gen="het" genus="onz" getal="ev" graad="basis" his="normal" his_1="normal" id="26" lcat="np" lemma="strand" naamval="stan" ntype="soort" num="sg" pos="noun" postag="N(soort,ev,basis,onz,stan)" pt="n" rel="hd" rnum="sg" root="strand" sense="strand" word="strand"/>
                </node>
              </node>
            </node>
          </node>
        </node>
      </node>
    </node>
  </node>
  <sentence sentid="1353">De man zet de camera klaar en maakt foto&apos;s van de zonsondergang op het strand</sentence>
  <comments>
    <comment>Q#1353|De man zet de camera klaar en maakt foto&apos;s van de zonsondergang op het strand|1|1|-0.9147088579000042</comment>
  </comments>
</alpino_ds>
