<?xml version="1.0" encoding="UTF-8"?>
<alpino_ds version="1.6">
  <parser build="Alpino-x86_64-linux-glibc2.5-git233-sicstus" date="2021-02-02T16:10" cats="1" skips="0" />
  <node begin="0" cat="top" end="12" id="0" rel="top">
    <node begin="0" cat="conj" end="12" id="1" rel="--">
      <node begin="0" cat="smain" end="6" id="2" rel="cnj">
        <node begin="0" cat="np" end="2" id="3" index="1" rel="su">
          <node begin="0" end="1" frame="determiner(de)" his="normal" his_1="decap" his_1_1="normal" id="4" infl="de" lcat="detp" lemma="de" lwtype="bep" naamval="stan" npagr="rest" pos="det" postag="LID(bep,stan,rest)" pt="lid" rel="det" root="de" sense="de" word="De"/>
          <node begin="1" end="2" frame="noun(de,count,bare_meas)" gen="de" genus="zijd" getal="ev" graad="basis" his="normal" his_1="normal" id="5" lcat="np" lemma="man" naamval="stan" ntype="soort" num="bare_meas" pos="noun" postag="N(soort,ev,basis,zijd,stan)" pt="n" rel="hd" rnum="sg" root="man" sense="man" word="man"/>
        </node>
        <node begin="2" end="3" frame="verb(hebben,sg,part_transitive(weg))" his="normal" his_1="normal" id="6" infl="sg" lcat="smain" lemma="weg_zetten" pos="verb" postag="WW(pv,tgw,ev)" pt="ww" pvagr="ev" pvtijd="tgw" rel="hd" root="zet_weg" sc="part_transitive(weg)" sense="zet_weg" tense="present" word="zet" wvorm="pv"/>
        <node begin="3" cat="np" end="5" id="7" rel="obj1">
          <node begin="3" end="4" frame="determiner(de)" his="normal" his_1="normal" id="8" infl="de" lcat="detp" lemma="de" lwtype="bep" naamval="stan" npagr="rest" pos="det" postag="LID(bep,stan,rest)" pt="lid" rel="det" root="de" sense="de" word="de"/>
          <node begin="4" end="5" frame="noun(de,count,sg)" gen="de" genus="zijd" getal="ev" graad="basis" his="normal" his_1="normal" id="9" lcat="np" lemma="camera" naamval="stan" ntype="soort" num="sg" pos="noun" postag="N(soort,ev,basis,zijd,stan)" pt="n" rel="hd" rnum="sg" root="camera" sense="camera" word="camera"/>
        </node>
        <node begin="5" end="6" frame="particle(weg)" his="normal" his_1="normal" id="10" lcat="part" lemma="weg" pos="part" postag="BW()" pt="bw" rel="svp" root="weg" sense="weg" word="weg"/>
      </node>
      <node begin="6" conjtype="neven" end="7" frame="conj(en)" his="normal" his_1="normal" id="11" lcat="vg" lemma="en" pos="vg" postag="VG(neven)" pt="vg" rel="crd" root="en" sense="en" word="en"/>
      <node begin="0" cat="smain" end="12" id="12" rel="cnj">
        <node begin="0" end="2" id="13" index="1" rel="su"/>
        <node begin="7" end="8" frame="verb(zijn,sg3,part_intransitive(weg))" his="normal" his_1="normal" id="14" infl="sg3" lcat="smain" lemma="weg_lopen" pos="verb" postag="WW(pv,tgw,met-t)" pt="ww" pvagr="met-t" pvtijd="tgw" rel="hd" root="loop_weg" sc="part_intransitive(weg)" sense="loop_weg" tense="present" word="loopt" wvorm="pv"/>
        <node begin="8" end="9" frame="particle(weg)" his="normal" his_1="normal" id="15" lcat="part" lemma="weg" pos="part" postag="BW()" pt="bw" rel="svp" root="weg" sense="weg" word="weg"/>
        <node begin="9" cat="pp" end="12" id="16" rel="mod">
          <node begin="9" end="10" frame="preposition(van,[af,uit,vandaan,[af,aan]])" his="normal" his_1="normal" id="17" lcat="pp" lemma="van" pos="prep" postag="VZ(init)" pt="vz" rel="hd" root="van" sense="van" vztype="init" word="van"/>
          <node begin="10" cat="np" end="12" id="18" rel="obj1">
            <node begin="10" end="11" frame="determiner(het,nwh,nmod,pro,nparg,wkpro)" his="normal" his_1="normal" id="19" infl="het" lcat="detp" lemma="het" lwtype="bep" naamval="stan" npagr="evon" pos="det" postag="LID(bep,stan,evon)" pt="lid" rel="det" root="het" sense="het" wh="nwh" word="het"/>
            <node begin="11" end="12" frame="noun(het,count,sg)" gen="het" genus="onz" getal="ev" graad="basis" his="normal" his_1="normal" id="20" lcat="np" lemma="strand" naamval="stan" ntype="soort" num="sg" pos="noun" postag="N(soort,ev,basis,onz,stan)" pt="n" rel="hd" rnum="sg" root="strand" sense="strand" word="strand"/>
          </node>
        </node>
      </node>
    </node>
  </node>
  <sentence sentid="1354">De man zet de camera weg en loopt weg van het strand</sentence>
  <comments>
    <comment>Q#1354|De man zet de camera weg en loopt weg van het strand|1|1|-0.9305733570999972</comment>
  </comments>
</alpino_ds>
