<?xml version="1.0" encoding="UTF-8"?>
<alpino_ds version="1.6">
  <parser build="Alpino-x86_64-linux-glibc2.5-git233-sicstus" date="2021-02-02T16:10" cats="1" skips="0" />
  <node begin="0" cat="top" end="16" id="0" rel="top">
    <node begin="0" cat="smain" end="16" id="1" rel="--">
      <node begin="0" cat="np" end="6" id="2" index="1" rel="su">
        <node begin="0" end="1" frame="determiner(de)" his="normal" his_1="decap" his_1_1="normal" id="3" infl="de" lcat="detp" lemma="de" lwtype="bep" naamval="stan" npagr="rest" pos="det" postag="LID(bep,stan,rest)" pt="lid" rel="det" root="de" sense="de" word="De"/>
        <node begin="1" end="2" frame="noun(de,count,sg)" gen="de" genus="zijd" getal="ev" graad="basis" his="normal" his_1="normal" id="4" lcat="np" lemma="foto" naamval="stan" ntype="soort" num="sg" pos="noun" postag="N(soort,ev,basis,zijd,stan)" pt="n" rel="hd" rnum="sg" root="foto" sense="foto" word="foto"/>
        <node begin="2" cat="pp" end="6" id="5" rel="mod">
          <node begin="2" end="3" frame="preposition(van,[af,uit,vandaan,[af,aan]])" his="normal" his_1="normal" id="6" lcat="pp" lemma="van" pos="prep" postag="VZ(init)" pt="vz" rel="hd" root="van" sense="van" vztype="init" word="van"/>
          <node begin="3" cat="np" end="6" id="7" rel="obj1">
            <node begin="3" end="4" frame="determiner(een)" his="normal" his_1="normal" id="8" infl="een" lcat="detp" lemma="een" lwtype="onbep" naamval="stan" npagr="agr" pos="det" postag="LID(onbep,stan,agr)" pt="lid" rel="det" root="een" sense="een" word="een"/>
            <node aform="base" begin="4" buiging="met-e" end="5" frame="adjective(ge_e)" his="normal" his_1="normal" id="9" infl="e" lcat="ppart" lemma="opgezet" pos="adj" positie="prenom" postag="WW(vd,prenom,met-e)" pt="ww" rel="mod" root="opgezet" sense="opgezet" vform="psp" word="opgezette" wvorm="vd"/>
            <node begin="5" end="6" frame="noun(de,count,sg)" gen="de" genus="zijd" getal="ev" graad="basis" his="normal" his_1="normal" id="10" lcat="np" lemma="camera" naamval="stan" ntype="soort" num="sg" pos="noun" postag="N(soort,ev,basis,zijd,stan)" pt="n" rel="hd" rnum="sg" root="camera" sense="camera" word="camera"/>
          </node>
        </node>
      </node>
      <node begin="6" end="7" frame="verb(unacc,sg3,passive)" his="normal" his_1="normal" id="11" infl="sg3" lcat="smain" lemma="worden" pos="verb" postag="WW(pv,tgw,met-t)" pt="ww" pvagr="met-t" pvtijd="tgw" rel="hd" root="word" sc="passive" sense="word" stype="declarative" tense="present" word="wordt" wvorm="pv"/>
      <node begin="0" cat="ppart" end="16" id="12" rel="vc">
        <node begin="0" end="6" id="13" index="1" rel="obj1"/>
        <node begin="7" buiging="zonder" end="8" frame="verb(hebben,psp,transitive)" his="normal" his_1="normal" id="14" infl="psp" lcat="ppart" lemma="maken" pos="verb" positie="vrij" postag="WW(vd,vrij,zonder)" pt="ww" rel="hd" root="maak" sc="transitive" sense="maak" word="gemaakt" wvorm="vd"/>
        <node begin="8" cat="pp" end="16" id="15" rel="mod">
          <node begin="8" end="9" frame="preposition(door,[heen])" his="normal" his_1="normal" id="16" lcat="pp" lemma="door" pos="prep" postag="VZ(init)" pt="vz" rel="hd" root="door" sense="door" vztype="init" word="door"/>
          <node begin="9" cat="np" end="16" id="17" rel="obj1">
            <node begin="9" end="10" frame="determiner(een)" his="normal" his_1="normal" id="18" infl="een" lcat="detp" lemma="een" lwtype="onbep" naamval="stan" npagr="agr" pos="det" postag="LID(onbep,stan,agr)" pt="lid" rel="det" root="een" sense="een" word="een"/>
            <node begin="10" end="11" frame="noun(de,count,bare_meas)" gen="de" genus="zijd" getal="ev" graad="basis" his="normal" his_1="normal" id="19" lcat="np" lemma="man" naamval="stan" ntype="soort" num="bare_meas" pos="noun" postag="N(soort,ev,basis,zijd,stan)" pt="n" rel="hd" rnum="sg" root="man" sense="man" word="man"/>
            <node begin="11" cat="pp" end="16" id="20" rel="mod">
              <node begin="11" end="12" frame="preposition(op,[af,na])" his="normal" his_1="normal" id="21" lcat="pp" lemma="op" pos="prep" postag="VZ(init)" pt="vz" rel="hd" root="op" sense="op" vztype="init" word="op"/>
              <node begin="12" cat="np" end="16" id="22" rel="obj1">
                <node begin="12" end="13" frame="determiner(het,nwh,nmod,pro,nparg,wkpro)" his="normal" his_1="normal" id="23" infl="het" lcat="detp" lemma="het" lwtype="bep" naamval="stan" npagr="evon" pos="det" postag="LID(bep,stan,evon)" pt="lid" rel="det" root="het" sense="het" wh="nwh" word="het"/>
                <node begin="13" end="14" frame="noun(het,count,sg)" gen="het" genus="onz" getal="ev" graad="basis" his="normal" his_1="normal" id="24" lcat="np" lemma="strand" naamval="stan" ntype="soort" num="sg" pos="noun" postag="N(soort,ev,basis,onz,stan)" pt="n" rel="hd" rnum="sg" root="strand" sense="strand" word="strand"/>
                <node begin="14" cat="pp" end="16" id="25" rel="mod">
                  <node begin="14" end="15" frame="preposition(bij,[vandaan])" his="normal" his_1="normal" id="26" lcat="pp" lemma="bij" pos="prep" postag="VZ(init)" pt="vz" rel="hd" root="bij" sense="bij" vztype="init" word="bij"/>
                  <node begin="15" end="16" frame="noun(de,count,sg)" gen="de" genus="zijd" getal="ev" graad="basis" his="normal" his_1="normal" id="27" lcat="np" lemma="zonsondergang" naamval="stan" ntype="soort" num="sg" pos="noun" postag="N(soort,ev,basis,zijd,stan)" pt="n" rel="obj1" rnum="sg" root="zonsondergang" sense="zonsondergang" word="zonsondergang"/>
                </node>
              </node>
            </node>
          </node>
        </node>
      </node>
    </node>
  </node>
  <sentence sentid="1355">De foto van een opgezette camera wordt gemaakt door een man op het strand bij zonsondergang</sentence>
  <comments>
    <comment>Q#1355|De foto van een opgezette camera wordt gemaakt door een man op het strand bij zonsondergang|1|1|-10.318221743599995</comment>
  </comments>
</alpino_ds>
