<?xml version="1.0" encoding="UTF-8"?>
<alpino_ds version="1.6">
  <parser build="Alpino-x86_64-linux-glibc2.5-git233-sicstus" date="2021-02-02T16:10" cats="1" skips="0" />
  <node begin="0" cat="top" end="6" id="0" rel="top">
    <node begin="0" cat="smain" end="6" id="1" rel="--">
      <node begin="0" cat="np" end="3" id="2" rel="su">
        <node begin="0" cat="np" end="2" his="normal" his_1="decap" his_1_1="normal" id="3" rel="det">
          <node begin="0" end="1" frame="determiner(een)" id="4" infl="een" lcat="detp" lemma="een" lwtype="onbep" naamval="stan" npagr="agr" pos="det" postag="LID(onbep,stan,agr)" pt="lid" rel="det" root="een" sense="een" word="Een"/>
          <node begin="1" end="2" frame="noun(both,both,sg)" gen="both" genus="genus" getal="ev" graad="basis" id="5" lcat="np" lemma="paar" naamval="stan" ntype="soort" num="sg" pos="noun" postag="N(soort,ev,basis,genus,stan)" pt="n" rel="hd" root="paar" sense="paar" word="paar"/>
        </node>
        <node begin="2" end="3" frame="noun(de,count,pl)" gen="de" getal="mv" graad="basis" his="normal" his_1="normal" id="6" lcat="np" lemma="man" ntype="soort" num="pl" pos="noun" postag="N(soort,mv,basis)" pt="n" rel="hd" rnum="pl" root="man" sense="man" word="mannen"/>
      </node>
      <node begin="3" end="4" frame="verb(hebben,pl,ld_pp)" his="normal" his_1="normal" id="7" infl="pl" lcat="smain" lemma="kijken" pos="verb" postag="WW(pv,tgw,mv)" pt="ww" pvagr="mv" pvtijd="tgw" rel="hd" root="kijk" sc="ld_pp" sense="kijk" stype="declarative" tense="present" word="kijken" wvorm="pv"/>
      <node begin="4" cat="pp" end="6" id="8" rel="ld">
        <node begin="4" end="5" frame="preposition(naar,[toe])" his="normal" his_1="normal" id="9" lcat="pp" lemma="naar" pos="prep" postag="VZ(init)" pt="vz" rel="hd" root="naar" sense="naar" vztype="init" word="naar"/>
        <node begin="5" end="6" frame="noun(het,mass,sg)" gen="het" genus="onz" getal="ev" graad="basis" his="normal" his_1="normal" id="10" lcat="np" lemma="cricket" naamval="stan" ntype="soort" num="sg" pos="noun" postag="N(soort,ev,basis,onz,stan)" pt="n" rel="obj1" rnum="sg" root="cricket" sense="cricket" word="cricket"/>
      </node>
    </node>
  </node>
  <sentence sentid="1370">Een paar mannen kijken naar cricket</sentence>
  <comments>
    <comment>Q#1370|Een paar mannen kijken naar cricket|1|1|-4.464319587199999</comment>
  </comments>
</alpino_ds>
