<?xml version="1.0" encoding="UTF-8"?>
<alpino_ds version="1.6">
  <parser build="Alpino-x86_64-linux-glibc2.5-git233-sicstus" date="2021-02-02T16:10" cats="1" skips="0" />
  <node begin="0" cat="top" end="3" id="0" rel="top">
    <node begin="0" cat="smain" end="3" id="1" rel="--">
      <node begin="0" end="1" frame="noun(both,count,pl)" gen="both" getal="mv" graad="basis" his="normal" his_1="decap" his_1_1="normal" id="2" lcat="np" lemma="mens" ntype="soort" num="pl" pos="noun" postag="N(soort,mv,basis)" pt="n" rel="su" rnum="pl" root="mens" sense="mens" word="Mensen"/>
      <node begin="1" end="2" frame="verb(hebben,pl,transitive)" his="normal" his_1="normal" id="3" infl="pl" lcat="smain" lemma="spelen" pos="verb" postag="WW(pv,tgw,mv)" pt="ww" pvagr="mv" pvtijd="tgw" rel="hd" root="speel" sc="transitive" sense="speel" stype="declarative" tense="present" word="spelen" wvorm="pv"/>
      <node begin="2" end="3" frame="noun(het,mass,sg)" gen="het" genus="onz" getal="ev" graad="basis" his="normal" his_1="normal" id="4" lcat="np" lemma="cricket" naamval="stan" ntype="soort" num="sg" pos="noun" postag="N(soort,ev,basis,onz,stan)" pt="n" rel="obj1" rnum="sg" root="cricket" sense="cricket" word="cricket"/>
    </node>
  </node>
  <sentence sentid="1371">Mensen spelen cricket</sentence>
  <comments>
    <comment>Q#1371|Mensen spelen cricket|1|1|-0.41062779549999967</comment>
  </comments>
</alpino_ds>
