<?xml version="1.0" encoding="UTF-8"?>
<alpino_ds version="1.6">
  <parser build="Alpino-x86_64-linux-glibc2.5-git233-sicstus" date="2021-02-02T16:10" cats="1" skips="0" />
  <node begin="0" cat="top" end="10" id="0" rel="top">
    <node begin="0" cat="smain" end="10" id="1" rel="--">
      <node begin="0" cat="np" end="2" id="2" rel="su">
        <node begin="0" end="1" frame="determiner(een)" his="normal" his_1="decap" his_1_1="normal" id="3" infl="een" lcat="detp" lemma="een" lwtype="onbep" naamval="stan" npagr="agr" pos="det" postag="LID(onbep,stan,agr)" pt="lid" rel="det" root="een" sense="een" word="Een"/>
        <node begin="1" end="2" frame="noun(de,count,bare_meas)" gen="de" genus="zijd" getal="ev" graad="basis" his="normal" his_1="normal" id="4" lcat="np" lemma="man" naamval="stan" ntype="soort" num="bare_meas" pos="noun" postag="N(soort,ev,basis,zijd,stan)" pt="n" rel="hd" rnum="sg" root="man" sense="man" word="man"/>
      </node>
      <node begin="2" end="3" frame="verb(hebben,sg3,transitive)" his="normal" his_1="normal" id="5" infl="sg3" lcat="smain" lemma="verwijderen" pos="verb" postag="WW(pv,tgw,met-t)" pt="ww" pvagr="met-t" pvtijd="tgw" rel="hd" root="verwijder" sc="transitive" sense="verwijder" stype="declarative" tense="present" word="verwijdert" wvorm="pv"/>
      <node begin="3" cat="np" end="10" id="6" rel="obj1">
        <node begin="3" end="4" frame="determiner(de)" his="normal" his_1="normal" id="7" infl="de" lcat="detp" lemma="de" lwtype="bep" naamval="stan" npagr="rest" pos="det" postag="LID(bep,stan,rest)" pt="lid" rel="det" root="de" sense="de" word="de"/>
        <node begin="4" end="5" frame="noun(both,mass,sg)" gen="both" genus="zijd" getal="ev" graad="basis" his="normal" his_1="normal" id="8" lcat="np" lemma="knoflook" naamval="stan" ntype="soort" num="sg" pos="noun" postag="N(soort,ev,basis,zijd,stan)" pt="n" rel="hd" rnum="sg" root="knoflook" sense="knoflook" word="knoflook"/>
        <node begin="5" cat="pp" end="10" id="9" rel="mod">
          <node begin="5" end="6" frame="preposition(van,[af,uit,vandaan,[af,aan]])" his="normal" his_1="normal" id="10" lcat="pp" lemma="van" pos="prep" postag="VZ(init)" pt="vz" rel="hd" root="van" sense="van" vztype="init" word="van"/>
          <node begin="6" cat="np" end="10" id="11" rel="obj1">
            <node begin="6" cat="np" end="8" his="normal" his_1="normal" id="12" rel="det">
              <node begin="6" end="7" frame="determiner(een)" id="13" infl="een" lcat="detp" lemma="een" lwtype="onbep" naamval="stan" npagr="agr" pos="det" postag="LID(onbep,stan,agr)" pt="lid" rel="det" root="een" sense="een" word="een"/>
              <node begin="7" end="8" frame="noun(both,both,sg)" gen="both" genus="genus" getal="ev" graad="basis" id="14" lcat="np" lemma="paar" naamval="stan" ntype="soort" num="sg" pos="noun" postag="N(soort,ev,basis,genus,stan)" pt="n" rel="hd" root="paar" sense="paar" word="paar"/>
            </node>
            <node begin="8" end="9" frame="noun(het,count,pl,measure)" gen="het" getal="mv" graad="dim" his="normal" his_1="normal" id="15" lcat="np" lemma="snee" ntype="soort" num="pl" pos="noun" postag="N(soort,mv,dim)" pt="n" rel="hd" rnum="pl" root="snee_DIM" sc="measure" sense="snee_DIM" word="sneetjes"/>
            <node begin="9" end="10" frame="noun(het,count,sg)" gen="het" genus="onz" getal="ev" graad="basis" his="normal" his_1="normal" id="16" lcat="np" lemma="brood" naamval="stan" ntype="soort" num="sg" pos="noun" postag="N(soort,ev,basis,onz,stan)" pt="n" rel="mod" rnum="sg" root="brood" sense="brood" word="brood"/>
          </node>
        </node>
      </node>
    </node>
  </node>
  <sentence sentid="1376">Een man verwijdert de knoflook van een paar sneetjes brood</sentence>
  <comments>
    <comment>Q#1376|Een man verwijdert de knoflook van een paar sneetjes brood|1|1|-3.9235592654000007</comment>
  </comments>
</alpino_ds>
