<?xml version="1.0" encoding="UTF-8"?>
<alpino_ds version="1.6">
  <parser build="Alpino-x86_64-linux-glibc2.5-git233-sicstus" date="2021-02-02T16:10" cats="1" skips="0" />
  <node begin="0" cat="top" end="12" id="0" rel="top">
    <node begin="0" cat="conj" end="12" id="1" rel="--">
      <node begin="0" cat="smain" end="7" id="2" rel="cnj">
        <node begin="0" cat="np" end="2" id="3" index="1" rel="su">
          <node begin="0" end="1" frame="determiner(een)" his="normal" his_1="decap" his_1_1="normal" id="4" infl="een" lcat="detp" lemma="een" lwtype="onbep" naamval="stan" npagr="agr" pos="det" postag="LID(onbep,stan,agr)" pt="lid" rel="det" root="een" sense="een" word="Een"/>
          <node begin="1" end="2" frame="noun(de,count,bare_meas)" gen="de" genus="zijd" getal="ev" graad="basis" his="normal" his_1="normal" id="5" lcat="np" lemma="man" naamval="stan" ntype="soort" num="bare_meas" pos="noun" postag="N(soort,ev,basis,zijd,stan)" pt="n" rel="hd" rnum="sg" root="man" sense="man" word="man"/>
        </node>
        <node begin="2" end="3" frame="verb(hebben,sg3,np_ld_pp)" his="normal" his_1="normal" id="6" infl="sg3" lcat="smain" lemma="snijden" pos="verb" postag="WW(pv,tgw,met-t)" pt="ww" pvagr="met-t" pvtijd="tgw" rel="hd" root="snijd" sc="np_ld_pp" sense="snijd" tense="present" word="snijdt" wvorm="pv"/>
        <node begin="3" cat="np" end="5" id="7" rel="obj1">
          <node begin="3" end="4" frame="determiner(wat,nwh,mod,pro,nparg,ntopicpro)" getal="ev" his="normal" his_1="normal" id="8" infl="wat" lcat="detp" lemma="wat" naamval="stan" pdtype="pron" persoon="3o" pos="det" postag="VNW(onbep,pron,stan,vol,3o,ev)" pt="vnw" rel="det" root="wat" sense="wat" status="vol" vwtype="onbep" wh="nwh" word="wat"/>
          <node begin="4" end="5" frame="noun(both,mass,sg)" gen="both" genus="zijd" getal="ev" graad="basis" his="normal" his_1="normal" id="9" lcat="np" lemma="knoflook" naamval="stan" ntype="soort" num="sg" pos="noun" postag="N(soort,ev,basis,zijd,stan)" pt="n" rel="hd" rnum="sg" root="knoflook" sense="knoflook" word="knoflook"/>
        </node>
        <node begin="5" cat="pp" end="7" id="10" rel="ld">
          <node begin="5" end="6" frame="preposition(in,[])" his="normal" his_1="normal" id="11" lcat="pp" lemma="in" pos="prep" postag="VZ(init)" pt="vz" rel="hd" root="in" sense="in" vztype="init" word="in"/>
          <node begin="6" end="7" frame="noun(het,count,pl)" gen="het" getal="mv" graad="dim" his="normal" his_1="normal" id="12" lcat="np" lemma="schijf" ntype="soort" num="pl" pos="noun" postag="N(soort,mv,dim)" pt="n" rel="obj1" rnum="pl" root="schijf_DIM" sense="schijf_DIM" word="schijfjes"/>
        </node>
      </node>
      <node begin="7" conjtype="neven" end="8" frame="conj(en)" his="normal" his_1="normal" id="13" lcat="vg" lemma="en" pos="vg" postag="VG(neven)" pt="vg" rel="crd" root="en" sense="en" word="en"/>
      <node begin="0" cat="smain" end="12" id="14" rel="cnj">
        <node begin="0" end="2" id="15" index="1" rel="su"/>
        <node begin="8" end="9" frame="verb(hebben,sg3,part_transitive(weg))" his="normal" his_1="normal" id="16" infl="sg3" lcat="smain" lemma="weg_leggen" pos="verb" postag="WW(pv,tgw,met-t)" pt="ww" pvagr="met-t" pvtijd="tgw" rel="hd" root="leg_weg" sc="part_transitive(weg)" sense="leg_weg" tense="present" word="legt" wvorm="pv"/>
        <node begin="9" cat="np" end="11" id="17" rel="obj1">
          <node begin="9" end="10" frame="determiner(het,nwh,nmod,pro,nparg,wkpro)" his="normal" his_1="normal" id="18" infl="het" lcat="detp" lemma="het" lwtype="bep" naamval="stan" npagr="evon" pos="det" postag="LID(bep,stan,evon)" pt="lid" rel="det" root="het" sense="het" wh="nwh" word="het"/>
          <node begin="10" end="11" frame="noun(het,count,sg)" gen="het" genus="onz" getal="ev" graad="basis" his="normal" his_1="normal" id="19" lcat="np" lemma="brood" naamval="stan" ntype="soort" num="sg" pos="noun" postag="N(soort,ev,basis,onz,stan)" pt="n" rel="hd" rnum="sg" root="brood" sense="brood" word="brood"/>
        </node>
        <node begin="11" end="12" frame="particle(weg)" his="normal" his_1="normal" id="20" lcat="part" lemma="weg" pos="part" postag="BW()" pt="bw" rel="svp" root="weg" sense="weg" word="weg"/>
      </node>
    </node>
  </node>
  <sentence sentid="1377">Een man snijdt wat knoflook in schijfjes en legt het brood weg</sentence>
  <comments>
    <comment>Q#1377|Een man snijdt wat knoflook in schijfjes en legt het brood weg|1|1|-5.2776934120000005</comment>
  </comments>
</alpino_ds>
