<?xml version="1.0" encoding="UTF-8"?>
<alpino_ds version="1.6">
  <parser build="Alpino-x86_64-linux-glibc2.5-git233-sicstus" date="2021-02-02T16:10" cats="1" skips="0" />
  <node begin="0" cat="top" end="12" id="0" rel="top">
    <node begin="0" cat="smain" end="12" id="1" rel="--">
      <node begin="0" cat="np" end="2" id="2" rel="su">
        <node begin="0" end="1" frame="number(hoofd(pl_num))" his="normal" his_1="decap" his_1_1="number_expression" id="3" infl="pl_num" lcat="detp" lemma="twee" naamval="stan" numtype="hoofd" pos="num" positie="prenom" postag="TW(hoofd,prenom,stan)" pt="tw" rel="det" root="twee" sense="twee" special="hoofd" word="Twee"/>
        <node begin="1" end="2" frame="noun(het,count,pl)" gen="het" getal="mv" graad="basis" his="normal" his_1="normal" id="4" lcat="np" lemma="kind" ntype="soort" num="pl" pos="noun" postag="N(soort,mv,basis)" pt="n" rel="hd" rnum="pl" root="kind" sense="kind" word="kinderen"/>
      </node>
      <node begin="2" end="3" frame="verb(hebben,pl,intransitive)" his="normal" his_1="normal" id="5" infl="pl" lcat="smain" lemma="spelen" pos="verb" postag="WW(pv,tgw,mv)" pt="ww" pvagr="mv" pvtijd="tgw" rel="hd" root="speel" sc="intransitive" sense="speel" stype="declarative" tense="present" word="spelen" wvorm="pv"/>
      <node begin="3" cat="pp" end="12" id="6" rel="mod">
        <node begin="3" end="4" frame="preposition(in,[])" his="normal" his_1="normal" id="7" lcat="pp" lemma="in" pos="prep" postag="VZ(init)" pt="vz" rel="hd" root="in" sense="in" vztype="init" word="in"/>
        <node begin="4" cat="np" end="12" id="8" rel="obj1">
          <node begin="4" end="5" frame="determiner(een)" his="normal" his_1="normal" id="9" infl="een" lcat="detp" lemma="een" lwtype="onbep" naamval="stan" npagr="agr" pos="det" postag="LID(onbep,stan,agr)" pt="lid" rel="det" root="een" sense="een" word="een"/>
          <node begin="5" end="6" frame="noun(het,count,sg)" gen="het" genus="onz" getal="ev" graad="basis" his="normal" his_1="normal" id="10" lcat="np" lemma="zwembad" naamval="stan" ntype="soort" num="sg" pos="noun" postag="N(soort,ev,basis,onz,stan)" pt="n" rel="hd" rnum="sg" root="zwembad" sense="zwembad" word="zwembad"/>
          <node begin="6" cat="pp" end="12" id="11" rel="mod">
            <node begin="6" end="7" frame="preposition(met,[mee,[en,al]])" his="normal" his_1="normal" id="12" lcat="pp" lemma="met" pos="prep" postag="VZ(init)" pt="vz" rel="hd" root="met" sense="met" vztype="init" word="met"/>
            <node begin="7" cat="np" end="12" id="13" rel="obj1">
              <node begin="7" end="8" frame="determiner(een)" his="normal" his_1="normal" id="14" infl="een" lcat="detp" lemma="een" lwtype="onbep" naamval="stan" npagr="agr" pos="det" postag="LID(onbep,stan,agr)" pt="lid" rel="det" root="een" sense="een" word="een"/>
              <node begin="8" cat="ppart" end="10" id="15" rel="mod">
                <node aform="base" begin="8" buiging="zonder" end="9" frame="adjective(no_e(nonadv))" graad="basis" his="normal" his_1="normal" id="16" infl="no_e" lcat="ap" lemma="groen" pos="adj" positie="vrij" postag="ADJ(vrij,basis,zonder)" pt="adj" rel="predc" root="groen" sense="groen" vform="adj" word="groen"/>
                <node aform="base" begin="9" buiging="met-e" end="10" frame="adjective(ge_e,ap_pred)" his="normal" his_1="normal" id="17" infl="e" lcat="ppart" lemma="gekleurd" pos="adj" positie="prenom" postag="WW(vd,prenom,met-e)" pt="ww" rel="hd" root="gekleurd" sc="ap_pred" sense="gekleurd" vform="psp" word="gekleurde" wvorm="vd"/>
              </node>
              <node aform="base" begin="10" buiging="met-e" end="11" frame="adjective(e)" graad="basis" his="form_of_suffix" his_1="bare" id="18" infl="e" lcat="ap" lemma="opblaasbaar" naamval="stan" pos="adj" positie="prenom" postag="ADJ(prenom,basis,met-e,stan)" pt="adj" rel="mod" root="opblaasbaar" sense="opblaasbaar" vform="adj" word="opblaasbare"/>
              <node begin="11" end="12" frame="noun(de,count,sg)" gen="de" genus="zijd" getal="ev" graad="basis" his="normal" his_1="normal" id="19" lcat="np" lemma="krokodil" naamval="stan" ntype="soort" num="sg" pos="noun" postag="N(soort,ev,basis,zijd,stan)" pt="n" rel="hd" rnum="sg" root="krokodil" sense="krokodil" word="krokodil"/>
            </node>
          </node>
        </node>
      </node>
    </node>
  </node>
  <sentence sentid="1381">Twee kinderen spelen in een zwembad met een groen gekleurde opblaasbare krokodil</sentence>
  <comments>
    <comment>Q#1381|Twee kinderen spelen in een zwembad met een groen gekleurde opblaasbare krokodil|1|1|-6.166840460700001</comment>
  </comments>
</alpino_ds>
