<?xml version="1.0" encoding="UTF-8"?>
<alpino_ds version="1.6">
  <parser build="Alpino-x86_64-linux-glibc2.5-git233-sicstus" date="2021-02-02T16:10" cats="1" skips="0" />
  <node begin="0" cat="top" end="13" id="0" rel="top">
    <node begin="0" cat="smain" end="13" id="1" rel="--">
      <node begin="0" cat="np" end="2" id="2" rel="su">
        <node begin="0" end="1" frame="number(hoofd(pl_num))" his="normal" his_1="decap" his_1_1="number_expression" id="3" infl="pl_num" lcat="detp" lemma="twee" naamval="stan" numtype="hoofd" pos="num" positie="prenom" postag="TW(hoofd,prenom,stan)" pt="tw" rel="det" root="twee" sense="twee" special="hoofd" word="Twee"/>
        <node begin="1" end="2" frame="noun(het,count,pl)" gen="het" getal="mv" graad="basis" his="normal" his_1="normal" id="4" lcat="np" lemma="kind" ntype="soort" num="pl" pos="noun" postag="N(soort,mv,basis)" pt="n" rel="hd" rnum="pl" root="kind" sense="kind" word="kinderen"/>
      </node>
      <node begin="2" end="3" frame="verb(hebben,pl,intransitive)" his="normal" his_1="normal" id="5" infl="pl" lcat="smain" lemma="spelen" pos="verb" postag="WW(pv,tgw,mv)" pt="ww" pvagr="mv" pvtijd="tgw" rel="hd" root="speel" sc="intransitive" sense="speel" stype="declarative" tense="present" word="spelen" wvorm="pv"/>
      <node begin="3" cat="pp" end="13" id="6" rel="mod">
        <node begin="3" end="4" frame="preposition(in,[])" his="normal" his_1="normal" id="7" lcat="pp" lemma="in" pos="prep" postag="VZ(init)" pt="vz" rel="hd" root="in" sense="in" vztype="init" word="in"/>
        <node begin="4" cat="np" end="13" id="8" rel="obj1">
          <node begin="4" end="5" frame="determiner(een)" his="normal" his_1="normal" id="9" infl="een" lcat="detp" lemma="een" lwtype="onbep" naamval="stan" npagr="agr" pos="det" postag="LID(onbep,stan,agr)" pt="lid" rel="det" root="een" sense="een" word="een"/>
          <node begin="5" end="6" frame="noun(het,count,sg)" gen="het" genus="onz" getal="ev" graad="basis" his="normal" his_1="normal" id="10" lcat="np" lemma="zwembad" naamval="stan" ntype="soort" num="sg" pos="noun" postag="N(soort,ev,basis,onz,stan)" pt="n" rel="hd" rnum="sg" root="zwembad" sense="zwembad" word="zwembad"/>
          <node begin="6" cat="pp" end="13" id="11" rel="mod">
            <node begin="6" end="7" frame="preposition(met,[mee,[en,al]])" his="normal" his_1="normal" id="12" lcat="pp" lemma="met" pos="prep" postag="VZ(init)" pt="vz" rel="hd" root="met" sense="met" vztype="init" word="met"/>
            <node begin="7" cat="np" end="13" id="13" rel="obj1">
              <node begin="7" end="8" frame="determiner(een)" his="normal" his_1="normal" id="14" infl="een" lcat="detp" lemma="een" lwtype="onbep" naamval="stan" npagr="agr" pos="det" postag="LID(onbep,stan,agr)" pt="lid" rel="det" root="een" sense="een" word="een"/>
              <node aform="base" begin="8" buiging="met-e" end="9" frame="adjective(e)" graad="basis" his="form_of_suffix" his_1="bare" id="15" infl="e" lcat="ap" lemma="opblaasbaar" naamval="stan" pos="adj" positie="prenom" postag="ADJ(prenom,basis,met-e,stan)" pt="adj" rel="mod" root="opblaasbaar" sense="opblaasbaar" vform="adj" word="opblaasbare"/>
              <node begin="9" end="10" frame="noun(de,count,sg)" gen="de" genus="zijd" getal="ev" graad="basis" his="normal" his_1="normal" id="16" lcat="np" lemma="krokodil" naamval="stan" ntype="soort" num="sg" pos="noun" postag="N(soort,ev,basis,zijd,stan)" pt="n" rel="hd" rnum="sg" root="krokodil" sense="krokodil" word="krokodil"/>
              <node begin="10" cat="rel" end="13" id="17" rel="mod">
                <node begin="10" case="no_obl" end="11" frame="rel_pronoun(de,no_obl)" gen="de" getal="getal" his="normal" his_1="normal" id="18" index="1" lcat="np" lemma="die" naamval="stan" pdtype="pron" persoon="persoon" pos="pron" postag="VNW(betr,pron,stan,vol,persoon,getal)" pt="vnw" rel="rhd" rnum="sg" root="die" sense="die" status="vol" vwtype="betr" wh="rel" word="die"/>
                <node begin="10" cat="ssub" end="13" id="19" rel="body">
                  <node begin="10" end="11" id="20" index="1" rel="su"/>
                  <node aform="base" begin="11" buiging="zonder" end="12" frame="adjective(no_e(nonadv))" graad="basis" his="normal" his_1="normal" id="21" infl="no_e" lcat="ap" lemma="groen" pos="adj" positie="vrij" postag="ADJ(vrij,basis,zonder)" pt="adj" rel="predc" root="groen" sense="groen" vform="adj" word="groen"/>
                  <node begin="12" end="13" frame="verb(unacc,sg_heeft,copula)" his="normal" his_1="normal" id="22" infl="sg_heeft" lcat="ssub" lemma="zijn" pos="verb" postag="WW(pv,tgw,ev)" pt="ww" pvagr="ev" pvtijd="tgw" rel="hd" root="ben" sc="copula" sense="ben" tense="present" word="is" wvorm="pv"/>
                </node>
              </node>
            </node>
          </node>
        </node>
      </node>
    </node>
  </node>
  <sentence sentid="1382">Twee kinderen spelen in een zwembad met een opblaasbare krokodil die groen is</sentence>
  <comments>
    <comment>Q#1382|Twee kinderen spelen in een zwembad met een opblaasbare krokodil die groen is|1|1|-12.497650547599996</comment>
  </comments>
</alpino_ds>
