<?xml version="1.0" encoding="UTF-8"?>
<alpino_ds version="1.6">
  <parser build="Alpino-x86_64-linux-glibc2.5-git233-sicstus" date="2021-02-02T16:10" cats="1" skips="0" />
  <node begin="0" cat="top" end="16" id="0" rel="top">
    <node begin="0" cat="smain" end="16" id="1" rel="--">
      <node begin="0" cat="np" end="2" id="2" rel="su">
        <node begin="0" end="1" frame="number(hoofd(pl_num))" his="normal" his_1="decap" his_1_1="number_expression" id="3" infl="pl_num" lcat="detp" lemma="twee" naamval="stan" numtype="hoofd" pos="num" positie="prenom" postag="TW(hoofd,prenom,stan)" pt="tw" rel="det" root="twee" sense="twee" special="hoofd" word="Twee"/>
        <node begin="1" end="2" frame="noun(de,count,pl)" gen="de" getal="mv" graad="basis" his="normal" his_1="normal" id="4" lcat="np" lemma="krokodil" ntype="soort" num="pl" pos="noun" postag="N(soort,mv,basis)" pt="n" rel="hd" rnum="pl" root="krokodil" sense="krokodil" word="krokodillen"/>
      </node>
      <node begin="2" end="3" frame="verb('hebben/zijn',pl,ld_pp)" his="normal" his_1="normal" id="5" infl="pl" lcat="smain" lemma="drijven" pos="verb" postag="WW(pv,tgw,mv)" pt="ww" pvagr="mv" pvtijd="tgw" rel="hd" root="drijf" sc="ld_pp" sense="drijf" stype="declarative" tense="present" word="drijven" wvorm="pv"/>
      <node begin="3" cat="pp" end="16" id="6" rel="ld">
        <node begin="3" end="4" frame="preposition(in,[])" his="normal" his_1="normal" id="7" lcat="pp" lemma="in" pos="prep" postag="VZ(init)" pt="vz" rel="hd" root="in" sense="in" vztype="init" word="in"/>
        <node begin="4" cat="np" end="16" id="8" rel="obj1">
          <node begin="4" end="5" frame="determiner(een)" his="normal" his_1="normal" id="9" infl="een" lcat="detp" lemma="een" lwtype="onbep" naamval="stan" npagr="agr" pos="det" postag="LID(onbep,stan,agr)" pt="lid" rel="det" root="een" sense="een" word="een"/>
          <node aform="base" begin="5" buiging="zonder" end="6" frame="adjective(no_e(nonadv))" graad="basis" his="normal" his_1="normal" id="10" infl="no_e" lcat="ap" lemma="groen" pos="adj" positie="prenom" postag="ADJ(prenom,basis,zonder)" pt="adj" rel="mod" root="groen" sense="groen" vform="adj" word="groen"/>
          <node aform="base" begin="6" buiging="zonder" end="7" frame="adjective(ge_no_e(adv))" his="normal" his_1="normal" id="11" infl="no_e" lcat="ppart" lemma="gekleurd" pos="adj" positie="prenom" postag="WW(vd,prenom,zonder)" pt="ww" rel="mod" root="gekleurd" sense="gekleurd" vform="psp" word="gekleurd" wvorm="vd"/>
          <node begin="7" end="8" frame="noun(het,count,sg)" gen="het" genus="onz" getal="ev" graad="basis" his="normal" his_1="normal" id="12" lcat="np" lemma="zwembad" naamval="stan" ntype="soort" num="sg" pos="noun" postag="N(soort,ev,basis,onz,stan)" pt="n" rel="hd" rnum="sg" root="zwembad" sense="zwembad" word="zwembad"/>
          <node begin="8" cat="pp" end="16" id="13" rel="mod">
            <node begin="8" end="9" frame="preposition(in,[])" his="normal" his_1="normal" id="14" lcat="pp" lemma="in" pos="prep" postag="VZ(init)" pt="vz" rel="hd" root="in" sense="in" vztype="init" word="in"/>
            <node begin="9" cat="np" end="16" id="15" rel="obj1">
              <node begin="9" end="10" frame="determiner(de)" his="normal" his_1="normal" id="16" infl="de" lcat="detp" lemma="de" lwtype="bep" naamval="stan" npagr="rest" pos="det" postag="LID(bep,stan,rest)" pt="lid" rel="det" root="de" sense="de" word="de"/>
              <node begin="10" end="11" frame="noun(de,count,sg)" gen="de" genus="zijd" getal="ev" graad="basis" his="normal" his_1="normal" id="17" lcat="np" lemma="buurt" naamval="stan" ntype="soort" num="sg" pos="noun" postag="N(soort,ev,basis,zijd,stan)" pt="n" rel="hd" rnum="sg" root="buurt" sense="buurt" word="buurt"/>
              <node begin="11" cat="pp" end="16" id="18" rel="mod">
                <node begin="11" end="12" frame="preposition(van,[af,uit,vandaan,[af,aan]])" his="normal" his_1="normal" id="19" lcat="pp" lemma="van" pos="prep" postag="VZ(init)" pt="vz" rel="hd" root="van" sense="van" vztype="init" word="van"/>
                <node begin="12" cat="np" end="16" id="20" rel="obj1">
                  <node begin="12" cat="np" end="14" his="normal" his_1="normal" id="21" rel="det">
                    <node begin="12" end="13" frame="determiner(een)" id="22" infl="een" lcat="detp" lemma="een" lwtype="onbep" naamval="stan" npagr="agr" pos="det" postag="LID(onbep,stan,agr)" pt="lid" rel="det" root="een" sense="een" word="een"/>
                    <node begin="13" end="14" frame="noun(both,both,sg)" gen="both" genus="genus" getal="ev" graad="basis" id="23" lcat="np" lemma="paar" naamval="stan" ntype="soort" num="sg" pos="noun" postag="N(soort,ev,basis,genus,stan)" pt="n" rel="hd" root="paar" sense="paar" word="paar"/>
                  </node>
                  <node aform="base" begin="14" buiging="met-e" end="15" frame="adjective(ende(padv))" his="normal" his_1="V-de" his_1_1="normal" id="24" infl="e" lcat="ppres" lemma="spelen" pos="adj" positie="prenom" postag="WW(od,prenom,met-e)" pt="ww" rel="mod" root="speel" sense="speel" vform="gerund" word="spelende" wvorm="od"/>
                  <node begin="15" end="16" frame="noun(het,count,pl)" gen="het" getal="mv" graad="basis" his="normal" his_1="normal" id="25" lcat="np" lemma="kind" ntype="soort" num="pl" pos="noun" postag="N(soort,mv,basis)" pt="n" rel="hd" rnum="pl" root="kind" sense="kind" word="kinderen"/>
                </node>
              </node>
            </node>
          </node>
        </node>
      </node>
    </node>
  </node>
  <sentence sentid="1384">Twee krokodillen drijven in een groen gekleurd zwembad in de buurt van een paar spelende kinderen</sentence>
  <comments>
    <comment>Q#1384|Twee krokodillen drijven in een groen gekleurd zwembad in de buurt van een paar spelende kinderen|1|1|-6.488707760899997</comment>
  </comments>
</alpino_ds>
