<?xml version="1.0" encoding="UTF-8"?>
<alpino_ds version="1.6">
  <parser build="Alpino-x86_64-linux-glibc2.5-git233-sicstus" date="2021-02-02T16:10" cats="1" skips="0" />
  <node begin="0" cat="top" end="11" id="0" rel="top">
    <node begin="0" cat="smain" end="11" id="1" rel="--">
      <node begin="0" cat="np" end="3" id="2" index="1" rel="su">
        <node begin="0" end="1" frame="determiner(een)" his="normal" his_1="decap" his_1_1="normal" id="3" infl="een" lcat="detp" lemma="een" lwtype="onbep" naamval="stan" npagr="agr" pos="det" postag="LID(onbep,stan,agr)" pt="lid" rel="det" root="een" sense="een" word="Een"/>
        <node aform="base" begin="1" buiging="met-e" end="2" frame="adjective(e)" graad="basis" his="form_of_suffix" his_1="bare" id="4" infl="e" lcat="ap" lemma="opblaasbaar" naamval="stan" pos="adj" positie="prenom" postag="ADJ(prenom,basis,met-e,stan)" pt="adj" rel="mod" root="opblaasbaar" sense="opblaasbaar" vform="adj" word="opblaasbare"/>
        <node begin="2" end="3" frame="noun(de,count,sg)" gen="de" genus="zijd" getal="ev" graad="basis" his="normal" his_1="normal" id="5" lcat="np" lemma="krokodil" naamval="stan" ntype="soort" num="sg" pos="noun" postag="N(soort,ev,basis,zijd,stan)" pt="n" rel="hd" rnum="sg" root="krokodil" sense="krokodil" word="krokodil"/>
      </node>
      <node begin="3" end="4" frame="verb(unacc,sg3,passive)" his="normal" his_1="normal" id="6" infl="sg3" lcat="smain" lemma="worden" pos="verb" postag="WW(pv,tgw,met-t)" pt="ww" pvagr="met-t" pvtijd="tgw" rel="hd" root="word" sc="passive" sense="word" stype="declarative" tense="present" word="wordt" wvorm="pv"/>
      <node begin="0" cat="ppart" end="11" id="7" rel="vc">
        <node begin="0" end="3" id="8" index="1" rel="obj1"/>
        <node begin="4" cat="pp" end="7" id="9" rel="mod">
          <node begin="4" end="5" frame="preposition(door,[heen])" his="normal" his_1="normal" id="10" lcat="pp" lemma="door" pos="prep" postag="VZ(init)" pt="vz" rel="hd" root="door" sense="door" vztype="init" word="door"/>
          <node begin="5" cat="np" end="7" id="11" rel="obj1">
            <node begin="5" end="6" frame="number(hoofd(pl_num))" his="normal" his_1="number_expression" id="12" infl="pl_num" lcat="detp" lemma="twee" naamval="stan" numtype="hoofd" pos="num" positie="prenom" postag="TW(hoofd,prenom,stan)" pt="tw" rel="det" root="twee" sense="twee" special="hoofd" word="twee"/>
            <node begin="6" end="7" frame="noun(het,count,pl)" gen="het" getal="mv" graad="basis" his="normal" his_1="normal" id="13" lcat="np" lemma="kind" ntype="soort" num="pl" pos="noun" postag="N(soort,mv,basis)" pt="n" rel="hd" rnum="pl" root="kind" sense="kind" word="kinderen"/>
          </node>
        </node>
        <node begin="7" cat="pp" end="10" id="14" rel="ld">
          <node begin="7" end="8" frame="preposition(in,[])" his="normal" his_1="normal" id="15" lcat="pp" lemma="in" pos="prep" postag="VZ(init)" pt="vz" rel="hd" root="in" sense="in" vztype="init" word="in"/>
          <node begin="8" cat="np" end="10" id="16" rel="obj1">
            <node begin="8" end="9" frame="determiner(een)" his="normal" his_1="normal" id="17" infl="een" lcat="detp" lemma="een" lwtype="onbep" naamval="stan" npagr="agr" pos="det" postag="LID(onbep,stan,agr)" pt="lid" rel="det" root="een" sense="een" word="een"/>
            <node begin="9" end="10" frame="noun(het,count,sg)" gen="het" genus="onz" getal="ev" graad="basis" his="normal" his_1="normal" id="18" lcat="np" lemma="zwembad" naamval="stan" ntype="soort" num="sg" pos="noun" postag="N(soort,ev,basis,onz,stan)" pt="n" rel="hd" rnum="sg" root="zwembad" sense="zwembad" word="zwembad"/>
          </node>
        </node>
        <node begin="10" buiging="zonder" end="11" frame="verb(hebben,psp,np_ld_pp)" his="normal" his_1="normal" id="19" infl="psp" lcat="ppart" lemma="duwen" pos="verb" positie="vrij" postag="WW(vd,vrij,zonder)" pt="ww" rel="hd" root="duw" sc="np_ld_pp" sense="duw" word="geduwd" wvorm="vd"/>
      </node>
    </node>
  </node>
  <sentence sentid="1385">Een opblaasbare krokodil wordt door twee kinderen in een zwembad geduwd</sentence>
  <comments>
    <comment>Q#1385|Een opblaasbare krokodil wordt door twee kinderen in een zwembad geduwd|1|1|-10.292924377999991</comment>
  </comments>
</alpino_ds>
