<?xml version="1.0" encoding="UTF-8"?>
<alpino_ds version="1.6">
  <parser build="Alpino-x86_64-linux-glibc2.5-git233-sicstus" date="2021-02-02T16:10" cats="1" skips="0" />
  <node begin="0" cat="top" end="10" id="0" rel="top">
    <node begin="0" cat="smain" end="10" id="1" rel="--">
      <node begin="0" cat="np" end="2" id="2" rel="su">
        <node begin="0" end="1" frame="number(hoofd(pl_num))" his="normal" his_1="decap" his_1_1="number_expression" id="3" infl="pl_num" lcat="detp" lemma="twee" naamval="stan" numtype="hoofd" pos="num" positie="prenom" postag="TW(hoofd,prenom,stan)" pt="tw" rel="det" root="twee" sense="twee" special="hoofd" word="Twee"/>
        <node begin="1" end="2" frame="noun(het,count,pl)" gen="het" getal="mv" graad="basis" his="normal" his_1="normal" id="4" lcat="np" lemma="kind" ntype="soort" num="pl" pos="noun" postag="N(soort,mv,basis)" pt="n" rel="hd" rnum="pl" root="kind" sense="kind" word="kinderen"/>
      </node>
      <node begin="2" end="3" frame="verb(hebben,pl,ld_pp)" his="normal" his_1="normal" id="5" infl="pl" lcat="smain" lemma="duwen" pos="verb" postag="WW(pv,tgw,mv)" pt="ww" pvagr="mv" pvtijd="tgw" rel="hd" root="duw" sc="ld_pp" sense="duw" stype="declarative" tense="present" word="duwen" wvorm="pv"/>
      <node begin="3" cat="pp" end="10" id="6" rel="ld">
        <node begin="3" end="4" frame="preposition(voorbij,[])" his="normal" his_1="normal" id="7" lcat="pp" lemma="voorbij" pos="prep" postag="VZ(init)" pt="vz" rel="hd" root="voorbij" sense="voorbij" vztype="init" word="voorbij"/>
        <node begin="4" cat="np" end="10" id="8" rel="obj1">
          <node begin="4" end="5" frame="determiner(een)" his="normal" his_1="normal" id="9" infl="een" lcat="detp" lemma="een" lwtype="onbep" naamval="stan" npagr="agr" pos="det" postag="LID(onbep,stan,agr)" pt="lid" rel="det" root="een" sense="een" word="een"/>
          <node begin="5" end="6" frame="noun(de,count,sg)" gen="de" genus="zijd" getal="ev" graad="basis" his="normal" his_1="normal" id="10" lcat="np" lemma="krokodil" naamval="stan" ntype="soort" num="sg" pos="noun" postag="N(soort,ev,basis,zijd,stan)" pt="n" rel="hd" rnum="sg" root="krokodil" sense="krokodil" word="krokodil"/>
          <node begin="6" cat="pp" end="10" id="11" rel="mod">
            <node begin="6" end="7" frame="preposition(in,[])" his="normal" his_1="normal" id="12" lcat="pp" lemma="in" pos="prep" postag="VZ(init)" pt="vz" rel="hd" root="in" sense="in" vztype="init" word="in"/>
            <node begin="7" cat="np" end="10" id="13" rel="obj1">
              <node begin="7" end="8" frame="determiner(een)" his="normal" his_1="normal" id="14" infl="een" lcat="detp" lemma="een" lwtype="onbep" naamval="stan" npagr="agr" pos="det" postag="LID(onbep,stan,agr)" pt="lid" rel="det" root="een" sense="een" word="een"/>
              <node aform="base" begin="8" buiging="zonder" end="9" frame="adjective(no_e(adv))" graad="basis" his="form_of_suffix" his_1="baar" id="15" infl="no_e" lcat="ap" lemma="opblaasbaar" pos="adj" positie="prenom" postag="ADJ(prenom,basis,zonder)" pt="adj" rel="mod" root="opblaasbaar" sense="opblaasbaar" vform="adj" word="opblaasbaar"/>
              <node begin="9" end="10" frame="noun(het,count,sg)" gen="het" genus="onz" getal="ev" graad="basis" his="normal" his_1="normal" id="16" lcat="np" lemma="zwembad" naamval="stan" ntype="soort" num="sg" pos="noun" postag="N(soort,ev,basis,onz,stan)" pt="n" rel="hd" rnum="sg" root="zwembad" sense="zwembad" word="zwembad"/>
            </node>
          </node>
        </node>
      </node>
    </node>
  </node>
  <sentence sentid="1388">Twee kinderen duwen voorbij een krokodil in een opblaasbaar zwembad</sentence>
  <comments>
    <comment>Q#1388|Twee kinderen duwen voorbij een krokodil in een opblaasbaar zwembad|1|1|-8.372825035799995</comment>
  </comments>
</alpino_ds>
