<?xml version="1.0" encoding="UTF-8"?>
<alpino_ds version="1.6">
  <parser build="Alpino-x86_64-linux-glibc2.5-git233-sicstus" date="2021-02-02T16:10" cats="1" skips="0" />
  <node begin="0" cat="top" end="5" id="0" rel="top">
    <node begin="0" cat="smain" end="5" id="1" rel="--">
      <node begin="0" end="1" frame="noun(de,count,sg)" gen="de" getal="ev" his="normal" his_1="decap" his_1_1="normal" id="2" lcat="np" lemma="iemand" naamval="stan" num="sg" pdtype="pron" persoon="3p" pos="noun" postag="VNW(onbep,pron,stan,vol,3p,ev)" pt="vnw" rel="su" rnum="sg" root="iemand" sense="iemand" status="vol" vwtype="onbep" word="Iemand"/>
      <node begin="1" end="2" frame="verb(hebben,sg,ld_pp)" his="normal" his_1="normal" id="3" infl="sg" lcat="smain" lemma="zitten" pos="verb" postag="WW(pv,tgw,ev)" pt="ww" pvagr="ev" pvtijd="tgw" rel="hd" root="zit" sc="ld_pp" sense="zit" stype="declarative" tense="present" word="zit" wvorm="pv"/>
      <node begin="2" cat="pp" end="5" id="4" rel="ld">
        <node begin="2" end="3" frame="preposition(op,[af,na])" his="normal" his_1="normal" id="5" lcat="pp" lemma="op" pos="prep" postag="VZ(init)" pt="vz" rel="hd" root="op" sense="op" vztype="init" word="op"/>
        <node begin="3" cat="np" end="5" id="6" rel="obj1">
          <node begin="3" end="4" frame="determiner(een)" his="normal" his_1="normal" id="7" infl="een" lcat="detp" lemma="een" lwtype="onbep" naamval="stan" npagr="agr" pos="det" postag="LID(onbep,stan,agr)" pt="lid" rel="det" root="een" sense="een" word="een"/>
          <node begin="4" end="5" frame="noun(het,count,sg)" gen="het" genus="onz" getal="ev" graad="basis" his="normal" his_1="normal" id="8" lcat="np" lemma="paard" naamval="stan" ntype="soort" num="sg" pos="noun" postag="N(soort,ev,basis,onz,stan)" pt="n" rel="hd" rnum="sg" root="paard" sense="paard" word="paard"/>
        </node>
      </node>
    </node>
  </node>
  <sentence sentid="1391">Iemand zit op een paard</sentence>
  <comments>
    <comment>Q#1391|Iemand zit op een paard|1|1|-2.8573320987000006</comment>
  </comments>
</alpino_ds>
