<?xml version="1.0" encoding="UTF-8"?>
<alpino_ds version="1.6">
  <parser build="Alpino-x86_64-linux-glibc2.5-git233-sicstus" date="2021-02-02T16:11" cats="1" skips="0" />
  <node begin="0" cat="top" end="8" id="0" rel="top">
    <node begin="0" cat="smain" end="8" id="1" rel="--">
      <node begin="0" cat="np" end="2" id="2" index="1" rel="su">
        <node begin="0" end="1" frame="determiner(de)" his="normal" his_1="decap" his_1_1="normal" id="3" infl="de" lcat="detp" lemma="de" lwtype="bep" naamval="stan" npagr="rest" pos="det" postag="LID(bep,stan,rest)" pt="lid" rel="det" root="de" sense="de" word="De"/>
        <node begin="1" end="2" frame="noun(de,count,bare_meas)" gen="de" genus="zijd" getal="ev" graad="basis" his="normal" his_1="normal" id="4" lcat="np" lemma="man" naamval="stan" ntype="soort" num="bare_meas" pos="noun" postag="N(soort,ev,basis,zijd,stan)" pt="n" rel="hd" rnum="sg" root="man" sense="man" word="man"/>
      </node>
      <node begin="2" end="3" frame="verb(unacc,sg_heeft,passive)" his="normal" his_1="normal" id="5" infl="sg_heeft" lcat="smain" lemma="zijn" pos="verb" postag="WW(pv,tgw,ev)" pt="ww" pvagr="ev" pvtijd="tgw" rel="hd" root="ben" sc="passive" sense="ben" stype="declarative" tense="present" word="is" wvorm="pv"/>
      <node begin="0" cat="ppart" end="8" id="6" rel="vc">
        <node begin="0" end="2" id="7" index="1" rel="obj1"/>
        <node begin="3" end="4" frame="adverb" his="normal" his_1="normal" id="8" lcat="advp" lemma="niet" pos="adv" postag="BW()" pt="bw" rel="mod" root="niet" sense="niet" word="niet"/>
        <node begin="4" cat="pp" end="7" id="9" rel="ld">
          <node begin="4" end="5" frame="preposition(van,[af,uit,vandaan,[af,aan]])" his="normal" his_1="normal" id="10" lcat="pp" lemma="van" pos="prep" postag="VZ(init)" pt="vz" rel="hd" root="van" sense="van" vztype="init" word="van"/>
          <node begin="5" cat="np" end="7" id="11" rel="obj1">
            <node begin="5" end="6" frame="determiner(een)" his="normal" his_1="normal" id="12" infl="een" lcat="detp" lemma="een" lwtype="onbep" naamval="stan" npagr="agr" pos="det" postag="LID(onbep,stan,agr)" pt="lid" rel="det" root="een" sense="een" word="een"/>
            <node begin="6" end="7" frame="noun(het,count,sg)" gen="het" genus="onz" getal="ev" graad="basis" his="normal" his_1="normal" id="13" lcat="np" lemma="paard" naamval="stan" ntype="soort" num="sg" pos="noun" postag="N(soort,ev,basis,onz,stan)" pt="n" rel="hd" rnum="sg" root="paard" sense="paard" word="paard"/>
          </node>
        </node>
        <node begin="7" buiging="zonder" end="8" frame="verb(hebben,psp,ninv(np_ld_pp(van),part_np_ld_pp(af,van)))" his="normal" his_1="part-V" id="14" infl="psp" lcat="ppart" lemma="af_tikken" pos="verb" positie="vrij" postag="WW(vd,vrij,zonder)" pt="ww" rel="hd" root="tik_af" sc="part_np_ld_pp(af,van)" sense="tik_af" word="afgetikt" wvorm="vd"/>
      </node>
    </node>
  </node>
  <sentence sentid="1395">De man is niet van een paard afgetikt</sentence>
  <comments>
    <comment>Q#1395|De man is niet van een paard afgetikt|1|1|-1.3588325172000004</comment>
  </comments>
</alpino_ds>
