<?xml version="1.0" encoding="UTF-8"?>
<alpino_ds version="1.6">
  <parser build="Alpino-x86_64-linux-glibc2.5-git233-sicstus" date="2021-02-02T15:58" cats="1" skips="0" />
  <node begin="0" cat="top" end="6" id="0" rel="top">
    <node begin="0" cat="smain" end="6" id="1" rel="--">
      <node begin="0" cat="np" end="5" id="2" rel="su">
        <node begin="0" end="1" frame="determiner(een)" his="normal" his_1="decap" his_1_1="normal" id="3" infl="een" lcat="detp" lemma="een" lwtype="onbep" naamval="stan" npagr="agr" pos="det" postag="LID(onbep,stan,agr)" pt="lid" rel="det" root="een" sense="een" word="Een"/>
        <node begin="1" end="2" frame="noun(het,count,sg)" gen="het" genus="onz" getal="ev" graad="dim" his="normal" his_1="normal" id="4" lcat="np" lemma="meisje" naamval="stan" ntype="soort" num="sg" pos="noun" postag="N(soort,ev,dim,onz,stan)" pt="n" rel="hd" rnum="sg" root="meisje" sense="meisje" word="meisje"/>
        <node begin="2" cat="pp" end="5" id="5" rel="mod">
          <node begin="2" end="3" frame="preposition(in,[])" his="normal" his_1="normal" id="6" lcat="pp" lemma="in" pos="prep" postag="VZ(init)" pt="vz" rel="hd" root="in" sense="in" vztype="init" word="in"/>
          <node begin="3" cat="np" end="5" id="7" rel="obj1">
            <node begin="3" end="4" frame="determiner(het,nwh,nmod,pro,nparg,wkpro)" his="normal" his_1="normal" id="8" infl="het" lcat="detp" lemma="het" lwtype="bep" naamval="stan" npagr="evon" pos="det" postag="LID(bep,stan,evon)" pt="lid" rel="det" root="het" sense="het" wh="nwh" word="het"/>
            <node begin="4" buiging="zonder" end="5" frame="noun(het,mass,sg)" gen="het" getal-n="zonder-n" graad="basis" his="normal" his_1="normal" id="9" lcat="np" lemma="wit" num="sg" pos="noun" positie="nom" postag="ADJ(nom,basis,zonder,zonder-n)" pt="adj" rel="hd" rnum="sg" root="wit" sense="wit" word="wit"/>
          </node>
        </node>
      </node>
      <node begin="5" end="6" frame="verb(hebben,sg3,intransitive)" his="normal" his_1="normal" id="10" infl="sg3" lcat="smain" lemma="dansen" pos="verb" postag="WW(pv,tgw,met-t)" pt="ww" pvagr="met-t" pvtijd="tgw" rel="hd" root="dans" sc="intransitive" sense="dans" stype="declarative" tense="present" word="danst" wvorm="pv"/>
    </node>
  </node>
  <sentence sentid="141">Een meisje in het wit danst</sentence>
  <comments>
    <comment>Q#141|Een meisje in het wit danst|1|1|-2.147062191399998</comment>
  </comments>
</alpino_ds>
