<?xml version="1.0" encoding="UTF-8"?>
<alpino_ds version="1.6">
  <parser build="Alpino-x86_64-linux-glibc2.5-git233-sicstus" date="2021-02-02T16:11" cats="1" skips="0" />
  <node begin="0" cat="top" end="4" id="0" rel="top">
    <node begin="0" cat="smain" end="4" id="1" rel="--">
      <node begin="0" cat="np" end="2" id="2" rel="su">
        <node begin="0" end="1" frame="determiner(de)" his="normal" his_1="decap" his_1_1="normal" id="3" infl="de" lcat="detp" lemma="de" lwtype="bep" naamval="stan" npagr="rest" pos="det" postag="LID(bep,stan,rest)" pt="lid" rel="det" root="de" sense="de" word="De"/>
        <node begin="1" end="2" frame="noun(de,count,bare_meas)" gen="de" genus="zijd" getal="ev" graad="basis" his="normal" his_1="normal" id="4" lcat="np" lemma="man" naamval="stan" ntype="soort" num="bare_meas" pos="noun" postag="N(soort,ev,basis,zijd,stan)" pt="n" rel="hd" rnum="sg" root="man" sense="man" word="man"/>
      </node>
      <node begin="2" end="3" frame="verb(hebben,sg,transitive)" his="normal" his_1="normal" id="5" infl="sg" lcat="smain" lemma="eten" pos="verb" postag="WW(pv,tgw,ev)" pt="ww" pvagr="ev" pvtijd="tgw" rel="hd" root="eet" sc="transitive" sense="eet" stype="declarative" tense="present" word="eet" wvorm="pv"/>
      <node begin="3" end="4" frame="noun(het,count,pl)" gen="het" getal="mv" graad="basis" his="compound" his_1="2" id="6" lcat="np" lemma="ontbijt_graan" ntype="soort" num="pl" pos="noun" postag="N(soort,mv,basis)" pt="n" rel="obj1" rnum="pl" root="ontbijt_graan" sense="ontbijt_graan" word="ontbijtgranen"/>
    </node>
  </node>
  <sentence sentid="1413">De man eet ontbijtgranen</sentence>
  <comments>
    <comment>Q#1413|De man eet ontbijtgranen|1|1|0.03910416049999932</comment>
  </comments>
</alpino_ds>
