<?xml version="1.0" encoding="UTF-8"?>
<alpino_ds version="1.6">
  <parser build="Alpino-x86_64-linux-glibc2.5-git233-sicstus" date="2021-02-02T16:11" cats="1" skips="0" />
  <node begin="0" cat="top" end="9" id="0" rel="top">
    <node begin="0" cat="smain" end="9" id="1" rel="--">
      <node begin="0" cat="np" end="2" id="2" rel="su">
        <node begin="0" end="1" frame="determiner(de)" his="normal" his_1="decap" his_1_1="normal" id="3" infl="de" lcat="detp" lemma="de" lwtype="bep" naamval="stan" npagr="rest" pos="det" postag="LID(bep,stan,rest)" pt="lid" rel="det" root="de" sense="de" word="De"/>
        <node begin="1" end="2" frame="noun(de,count,sg)" gen="de" genus="zijd" getal="ev" graad="basis" his="normal" his_1="normal" id="4" lcat="np" lemma="vrouw" naamval="stan" ntype="soort" num="sg" pos="noun" postag="N(soort,ev,basis,zijd,stan)" pt="n" rel="hd" rnum="sg" root="vrouw" sense="vrouw" word="vrouw"/>
      </node>
      <node begin="2" end="3" frame="verb(hebben,sg3,part_np_pc_pp(toe,aan))" his="normal" his_1="normal" id="5" infl="sg3" lcat="smain" lemma="toe_voegen" pos="verb" postag="WW(pv,tgw,met-t)" pt="ww" pvagr="met-t" pvtijd="tgw" rel="hd" root="voeg_toe" sc="part_np_pc_pp(toe,aan)" sense="voeg_toe-aan" stype="declarative" tense="present" word="voegt" wvorm="pv"/>
      <node begin="3" cat="np" end="5" id="6" rel="obj1">
        <node aform="base" begin="3" buiging="zonder" end="4" frame="adjective(no_e(adv))" graad="basis" his="normal" his_1="normal" id="7" infl="no_e" lcat="ap" lemma="langzaam" pos="adj" positie="prenom" postag="ADJ(prenom,basis,zonder)" pt="adj" rel="mod" root="langzaam" sense="langzaam" vform="adj" word="langzaam"/>
        <node begin="4" end="5" frame="noun(de,count,sg)" gen="de" genus="zijd" getal="ev" graad="basis" his="normal" his_1="normal" id="8" lcat="np" lemma="suiker" naamval="stan" ntype="soort" num="sg" pos="noun" postag="N(soort,ev,basis,zijd,stan)" pt="n" rel="hd" rnum="sg" root="suiker" sense="suiker" word="suiker"/>
      </node>
      <node begin="5" end="6" frame="particle(toe)" his="normal" his_1="normal" id="9" lcat="part" lemma="toe" pos="part" postag="VZ(fin)" pt="vz" rel="svp" root="toe" sense="toe" vztype="fin" word="toe"/>
      <node begin="6" cat="pp" end="9" id="10" rel="pc">
        <node begin="6" end="7" frame="preposition(aan,[vooraf])" his="normal" his_1="normal" id="11" lcat="pp" lemma="aan" pos="prep" postag="VZ(init)" pt="vz" rel="hd" root="aan" sense="aan" vztype="init" word="aan"/>
        <node begin="7" cat="np" end="9" id="12" rel="obj1">
          <node begin="7" end="8" frame="determiner(het,nwh,nmod,pro,nparg,wkpro)" his="normal" his_1="normal" id="13" infl="het" lcat="detp" lemma="het" lwtype="bep" naamval="stan" npagr="evon" pos="det" postag="LID(bep,stan,evon)" pt="lid" rel="det" root="het" sense="het" wh="nwh" word="het"/>
          <node begin="8" end="9" frame="noun(het,mass,sg)" gen="het" genus="onz" getal="ev" graad="basis" his="normal" his_1="normal" id="14" lcat="np" lemma="vlees" naamval="stan" ntype="soort" num="sg" pos="noun" postag="N(soort,ev,basis,onz,stan)" pt="n" rel="hd" rnum="sg" root="vlees" sense="vlees" word="vlees"/>
        </node>
      </node>
    </node>
  </node>
  <sentence sentid="1422">De vrouw voegt langzaam suiker toe aan het vlees</sentence>
  <comments>
    <comment>Q#1422|De vrouw voegt langzaam suiker toe aan het vlees|1|1|-5.617285502900003</comment>
  </comments>
</alpino_ds>
