<?xml version="1.0" encoding="UTF-8"?>
<alpino_ds version="1.6">
  <parser build="Alpino-x86_64-linux-glibc2.5-git233-sicstus" date="2021-02-02T16:11" cats="1" skips="0" />
  <node begin="0" cat="top" end="6" id="0" rel="top">
    <node begin="0" cat="smain" end="6" id="1" rel="--">
      <node begin="0" cat="np" end="2" id="2" rel="su">
        <node begin="0" end="1" frame="determiner(een)" his="normal" his_1="decap" his_1_1="normal" id="3" infl="een" lcat="detp" lemma="een" lwtype="onbep" naamval="stan" npagr="agr" pos="det" postag="LID(onbep,stan,agr)" pt="lid" rel="det" root="een" sense="een" word="Een"/>
        <node begin="1" end="2" frame="noun(de,count,sg)" gen="de" genus="zijd" getal="ev" graad="basis" his="normal" his_1="normal" id="4" lcat="np" lemma="hond" naamval="stan" ntype="soort" num="sg" pos="noun" postag="N(soort,ev,basis,zijd,stan)" pt="n" rel="hd" rnum="sg" root="hond" sense="hond" word="hond"/>
      </node>
      <node begin="2" end="3" frame="verb(hebben,sg,ld_pp)" his="normal" his_1="normal" id="5" infl="sg" lcat="smain" lemma="bijten" pos="verb" postag="WW(pv,tgw,ev)" pt="ww" pvagr="ev" pvtijd="tgw" rel="hd" root="bijt" sc="ld_pp" sense="bijt" stype="declarative" tense="present" word="bijt" wvorm="pv"/>
      <node begin="3" cat="pp" end="6" id="6" rel="ld">
        <node begin="3" end="4" frame="preposition(in,[])" his="normal" his_1="normal" id="7" lcat="pp" lemma="in" pos="prep" postag="VZ(init)" pt="vz" rel="hd" root="in" sense="in" vztype="init" word="in"/>
        <node begin="4" cat="np" end="6" id="8" rel="obj1">
          <node begin="4" end="5" frame="determiner(een)" his="normal" his_1="normal" id="9" infl="een" lcat="detp" lemma="een" lwtype="onbep" naamval="stan" npagr="agr" pos="det" postag="LID(onbep,stan,agr)" pt="lid" rel="det" root="een" sense="een" word="een"/>
          <node begin="5" end="6" frame="noun(het,count,sg)" gen="het" genus="onz" getal="ev" graad="dim" his="normal" his_1="normal" id="10" lcat="np" lemma="blik" naamval="stan" ntype="soort" num="sg" pos="noun" postag="N(soort,ev,dim,onz,stan)" pt="n" rel="hd" rnum="sg" root="blik_DIM" sense="blik_DIM" word="blikje"/>
        </node>
      </node>
    </node>
  </node>
  <sentence sentid="1425">Een hond bijt in een blikje</sentence>
  <comments>
    <comment>Q#1425|Een hond bijt in een blikje|1|1|-4.3686223441</comment>
  </comments>
</alpino_ds>
