<?xml version="1.0" encoding="UTF-8"?>
<alpino_ds version="1.6">
  <parser build="Alpino-x86_64-linux-glibc2.5-git233-sicstus" date="2021-02-02T16:11" cats="1" skips="0" />
  <node begin="0" cat="top" end="7" id="0" rel="top">
    <node begin="0" cat="smain" end="7" id="1" rel="--">
      <node begin="0" cat="np" end="2" id="2" rel="su">
        <node begin="0" end="1" frame="determiner(een)" his="normal" his_1="decap" his_1_1="normal" id="3" infl="een" lcat="detp" lemma="een" lwtype="onbep" naamval="stan" npagr="agr" pos="det" postag="LID(onbep,stan,agr)" pt="lid" rel="det" root="een" sense="een" word="Een"/>
        <node begin="1" end="2" frame="noun(de,count,sg)" gen="de" genus="zijd" getal="ev" graad="basis" his="normal" his_1="normal" id="4" lcat="np" lemma="hond" naamval="stan" ntype="soort" num="sg" pos="noun" postag="N(soort,ev,basis,zijd,stan)" pt="n" rel="hd" rnum="sg" root="hond" sense="hond" word="hond"/>
      </node>
      <node begin="2" end="3" frame="verb(hebben,sg3,pc_pp(met))" his="normal" his_1="normal" id="5" infl="sg3" lcat="smain" lemma="openen" pos="verb" postag="WW(pv,tgw,met-t)" pt="ww" pvagr="met-t" pvtijd="tgw" rel="hd" root="open" sc="pc_pp(met)" sense="open-met" stype="declarative" tense="present" word="opent" wvorm="pv"/>
      <node begin="3" cat="np" end="5" id="6" rel="mod">
        <node begin="3" end="4" frame="determiner(een)" his="normal" his_1="normal" id="7" infl="een" lcat="detp" lemma="een" lwtype="onbep" naamval="stan" npagr="agr" pos="det" postag="LID(onbep,stan,agr)" pt="lid" rel="det" root="een" sense="een" word="een"/>
        <node begin="4" end="5" frame="tmp_noun(het,count,sg)" gen="het" genus="onz" getal="ev" graad="dim" his="normal" his_1="normal" id="8" lcat="np" lemma="pot" naamval="stan" ntype="soort" num="sg" pos="noun" postag="N(soort,ev,dim,onz,stan)" pt="n" rel="hd" rnum="sg" root="pot_DIM" sense="pot_DIM" special="tmp" word="potje"/>
      </node>
      <node begin="5" cat="pp" end="7" id="9" rel="pc">
        <node begin="5" end="6" frame="preposition(met,[mee,[en,al]])" his="normal" his_1="normal" id="10" lcat="pp" lemma="met" pos="prep" postag="VZ(init)" pt="vz" rel="hd" root="met" sense="met" vztype="init" word="met"/>
        <node begin="6" end="7" frame="noun(het,mass,sg)" gen="het" genus="onz" getal="ev" graad="basis" his="normal" his_1="normal" id="11" lcat="np" lemma="voedsel" naamval="stan" ntype="soort" num="sg" pos="noun" postag="N(soort,ev,basis,onz,stan)" pt="n" rel="obj1" rnum="sg" root="voedsel" sense="voedsel" word="voedsel"/>
      </node>
    </node>
  </node>
  <sentence sentid="1429">Een hond opent een potje met voedsel</sentence>
  <comments>
    <comment>Q#1429|Een hond opent een potje met voedsel|1|1|-3.0354114272000006</comment>
  </comments>
</alpino_ds>
