<?xml version="1.0" encoding="UTF-8"?>
<alpino_ds version="1.6">
  <parser build="Alpino-x86_64-linux-glibc2.5-git233-sicstus" date="2021-02-02T15:58" cats="1" skips="0" />
  <node begin="0" cat="top" end="9" id="0" rel="top">
    <node begin="0" cat="smain" end="9" id="1" rel="--">
      <node begin="0" end="1" frame="er_vp_adverb" getal="getal" his="normal" his_1="decap" his_1_1="normal" id="2" lcat="advp" lemma="er" naamval="stan" pdtype="adv-pron" persoon="3" pos="adv" postag="VNW(aanw,adv-pron,stan,red,3,getal)" pt="vnw" rel="mod" root="er" sense="er" special="er" status="red" vwtype="aanw" word="Er"/>
      <node begin="1" end="2" frame="verb(unacc,sg_heeft,intransitive)" his="normal" his_1="normal" id="3" infl="sg_heeft" lcat="smain" lemma="zijn" pos="verb" postag="WW(pv,tgw,ev)" pt="ww" pvagr="ev" pvtijd="tgw" rel="hd" root="ben" sc="intransitive" sense="ben" stype="declarative" tense="present" word="is" wvorm="pv"/>
      <node begin="2" cat="np" end="9" id="4" rel="su">
        <node begin="2" buiging="zonder" end="3" frame="determiner(geen,nwh,mod,pro,yparg,nwkpro,geen)" his="normal" his_1="normal" id="5" infl="geen" lcat="detp" lemma="geen" naamval="stan" npagr="agr" pdtype="det" pos="det" positie="prenom" postag="VNW(onbep,det,stan,prenom,zonder,agr)" pt="vnw" rel="det" root="geen" sense="geen" vwtype="onbep" wh="nwh" word="geen"/>
        <node begin="3" end="4" frame="noun(het,count,sg)" gen="het" genus="onz" getal="ev" graad="dim" his="normal" his_1="normal" id="6" lcat="np" lemma="meisje" naamval="stan" ntype="soort" num="sg" pos="noun" postag="N(soort,ev,dim,onz,stan)" pt="n" rel="hd" rnum="sg" root="meisje" sense="meisje" word="meisje"/>
        <node begin="4" cat="pp" end="7" id="7" rel="mod">
          <node begin="4" end="5" frame="preposition(in,[])" his="normal" his_1="normal" id="8" lcat="pp" lemma="in" pos="prep" postag="VZ(init)" pt="vz" rel="hd" root="in" sense="in" vztype="init" word="in"/>
          <node begin="5" cat="np" end="7" id="9" rel="obj1">
            <node begin="5" end="6" frame="determiner(het,nwh,nmod,pro,nparg,wkpro)" his="normal" his_1="normal" id="10" infl="het" lcat="detp" lemma="het" lwtype="bep" naamval="stan" npagr="evon" pos="det" postag="LID(bep,stan,evon)" pt="lid" rel="det" root="het" sense="het" wh="nwh" word="het"/>
            <node begin="6" buiging="zonder" end="7" frame="noun(het,mass,sg)" gen="het" getal-n="zonder-n" graad="basis" his="normal" his_1="normal" id="11" lcat="np" lemma="wit" num="sg" pos="noun" positie="nom" postag="ADJ(nom,basis,zonder,zonder-n)" pt="adj" rel="hd" rnum="sg" root="wit" sense="wit" word="wit"/>
          </node>
        </node>
        <node begin="7" cat="rel" end="9" id="12" rel="mod">
          <node begin="7" case="no_obl" end="8" frame="rel_pronoun(het,no_obl)" gen="het" getal="ev" his="normal" his_1="normal" id="13" index="1" lcat="np" lemma="dat" naamval="stan" pdtype="pron" persoon="3" pos="pron" postag="VNW(betr,pron,stan,vol,3,ev)" pt="vnw" rel="rhd" rnum="sg" root="dat" sense="dat" status="vol" vwtype="betr" wh="rel" word="dat"/>
          <node begin="7" cat="ssub" end="9" id="14" rel="body">
            <node begin="7" end="8" id="15" index="1" rel="su"/>
            <node begin="8" end="9" frame="verb(hebben,sg3,intransitive)" his="normal" his_1="normal" id="16" infl="sg3" lcat="ssub" lemma="dansen" pos="verb" postag="WW(pv,tgw,met-t)" pt="ww" pvagr="met-t" pvtijd="tgw" rel="hd" root="dans" sc="intransitive" sense="dans" tense="present" word="danst" wvorm="pv"/>
          </node>
        </node>
      </node>
    </node>
  </node>
  <sentence sentid="143">Er is geen meisje in het wit dat danst</sentence>
  <comments>
    <comment>Q#143|Er is geen meisje in het wit dat danst|1|1|-5.080297820400001</comment>
  </comments>
</alpino_ds>
