<?xml version="1.0" encoding="UTF-8"?>
<alpino_ds version="1.6">
  <parser build="Alpino-x86_64-linux-glibc2.5-git233-sicstus" date="2021-02-02T16:11" cats="1" skips="0" />
  <node begin="0" cat="top" end="9" id="0" rel="top">
    <node begin="0" cat="smain" end="9" id="1" rel="--">
      <node begin="0" cat="np" end="2" id="2" index="1" rel="su">
        <node begin="0" end="1" frame="determiner(een)" his="normal" his_1="decap" his_1_1="normal" id="3" infl="een" lcat="detp" lemma="een" lwtype="onbep" naamval="stan" npagr="agr" pos="det" postag="LID(onbep,stan,agr)" pt="lid" rel="det" root="een" sense="een" word="Een"/>
        <node begin="1" end="2" frame="noun(de,count,sg)" gen="de" genus="zijd" getal="ev" graad="basis" his="normal" his_1="normal" id="4" lcat="np" lemma="kat" naamval="stan" ntype="soort" num="sg" pos="noun" postag="N(soort,ev,basis,zijd,stan)" pt="n" rel="hd" rnum="sg" root="kat" sense="kat" word="kat"/>
      </node>
      <node begin="2" end="3" frame="verb(unacc,sg_heeft,aan_het)" his="normal" his_1="normal" id="5" infl="sg_heeft" lcat="smain" lemma="zijn" pos="verb" postag="WW(pv,tgw,ev)" pt="ww" pvagr="ev" pvtijd="tgw" rel="hd" root="ben" sc="aan_het" sense="ben-aan_het" stype="declarative" tense="present" word="is" wvorm="pv"/>
      <node begin="0" cat="ahi" end="9" id="6" rel="vc">
        <node begin="3" cat="mwu" end="5" his="normal" his_1="normal" id="7" mwu_root="aan het" mwu_sense="aan het" rel="cmp">
          <node begin="3" end="4" frame="complementizer(aan_het)" id="8" lcat="ahi" lemma="aan" pos="comp" postag="VZ(init)" pt="vz" rel="mwp" root="aan" sc="aan_het" sense="aan" vztype="init" word="aan"/>
          <node begin="4" end="5" frame="complementizer(aan_het)" id="9" lcat="ahi" lemma="het" lwtype="bep" naamval="stan" npagr="evon" pos="comp" postag="LID(bep,stan,evon)" pt="lid" rel="mwp" root="het" sc="aan_het" sense="het" word="het"/>
        </node>
        <node begin="0" cat="inf" end="9" id="10" rel="body">
          <node begin="0" end="2" id="11" index="1" rel="su"/>
          <node begin="5" buiging="zonder" end="6" frame="verb(hebben,inf,pc_pp(met))" his="normal" his_1="normal" id="12" infl="inf" lcat="inf" lemma="spelen" pos="verb" positie="vrij" postag="WW(inf,vrij,zonder)" pt="ww" rel="hd" root="speel" sc="pc_pp(met)" sense="speel-met" word="spelen" wvorm="inf"/>
          <node begin="6" cat="pp" end="9" id="13" rel="pc">
            <node begin="6" end="7" frame="preposition(met,[mee,[en,al]])" his="normal" his_1="normal" id="14" lcat="pp" lemma="met" pos="prep" postag="VZ(init)" pt="vz" rel="hd" root="met" sense="met" vztype="init" word="met"/>
            <node begin="7" cat="np" end="9" id="15" rel="obj1">
              <node begin="7" end="8" frame="determiner(een)" his="normal" his_1="normal" id="16" infl="een" lcat="detp" lemma="een" lwtype="onbep" naamval="stan" npagr="agr" pos="det" postag="LID(onbep,stan,agr)" pt="lid" rel="det" root="een" sense="een" word="een"/>
              <node begin="8" end="9" frame="noun(de,count,sg)" gen="de" genus="zijd" getal="ev" graad="basis" his="compound" his_1="2" id="17" lcat="np" lemma="water_meloen" naamval="stan" ntype="soort" num="sg" pos="noun" postag="N(soort,ev,basis,zijd,stan)" pt="n" rel="hd" rnum="sg" root="water_meloen" sense="water_meloen" word="watermeloen"/>
            </node>
          </node>
        </node>
      </node>
    </node>
  </node>
  <sentence sentid="1432">Een kat is aan het spelen met een watermeloen</sentence>
  <comments>
    <comment>Q#1432|Een kat is aan het spelen met een watermeloen|1|1|-6.935487426699999</comment>
  </comments>
</alpino_ds>
