<?xml version="1.0" encoding="UTF-8"?>
<alpino_ds version="1.6">
  <parser build="Alpino-x86_64-linux-glibc2.5-git233-sicstus" date="2021-02-02T16:11" cats="1" skips="0" />
  <node begin="0" cat="top" end="9" id="0" rel="top">
    <node begin="0" cat="smain" end="9" id="1" rel="--">
      <node begin="0" cat="np" end="2" id="2" rel="su">
        <node begin="0" end="1" frame="determiner(een)" his="normal" his_1="decap" his_1_1="normal" id="3" infl="een" lcat="detp" lemma="een" lwtype="onbep" naamval="stan" npagr="agr" pos="det" postag="LID(onbep,stan,agr)" pt="lid" rel="det" root="een" sense="een" word="Een"/>
        <node begin="1" end="2" frame="noun(de,count,sg)" gen="de" genus="zijd" getal="ev" graad="basis" his="normal" his_1="normal" id="4" lcat="np" lemma="vrouw" naamval="stan" ntype="soort" num="sg" pos="noun" postag="N(soort,ev,basis,zijd,stan)" pt="n" rel="hd" rnum="sg" root="vrouw" sense="vrouw" word="vrouw"/>
      </node>
      <node begin="2" end="3" frame="verb(unacc,sg_heeft,pc_pp(aan))" his="normal" his_1="normal" id="5" infl="sg_heeft" lcat="smain" lemma="zijn" pos="verb" postag="WW(pv,tgw,ev)" pt="ww" pvagr="ev" pvtijd="tgw" rel="hd" root="ben" sc="pc_pp(aan)" sense="ben-aan" stype="declarative" tense="present" word="is" wvorm="pv"/>
      <node begin="3" cat="pp" end="9" id="6" rel="pc">
        <node begin="3" end="4" frame="preposition(aan,[vooraf])" his="normal" his_1="normal" id="7" lcat="pp" lemma="aan" pos="prep" postag="VZ(init)" pt="vz" rel="hd" root="aan" sense="aan" vztype="init" word="aan"/>
        <node begin="4" cat="np" end="9" id="8" rel="obj1">
          <node begin="4" end="5" frame="determiner(het,nwh,nmod,pro,nparg,wkpro)" his="normal" his_1="normal" id="9" infl="het" lcat="detp" lemma="het" lwtype="bep" naamval="stan" npagr="evon" pos="det" postag="LID(bep,stan,evon)" pt="lid" rel="det" root="het" sense="het" wh="nwh" word="het"/>
          <node begin="5" end="6" frame="noun(both,both,both)" gen="both" genus="onz" getal="ev" graad="basis" his="noun" id="10" lcat="np" lemma="wakeboarden" naamval="stan" ntype="soort" num="both" pos="noun" postag="N(soort,ev,basis,onz,stan)" pt="n" rel="hd" rnum="sg" root="wakeboarden" sense="wakeboarden" word="wakeboarden"/>
          <node begin="6" cat="pp" end="9" id="11" rel="mod">
            <node begin="6" end="7" frame="preposition(op,[af,na])" his="normal" his_1="normal" id="12" lcat="pp" lemma="op" pos="prep" postag="VZ(init)" pt="vz" rel="hd" root="op" sense="op" vztype="init" word="op"/>
            <node begin="7" cat="np" end="9" id="13" rel="obj1">
              <node begin="7" end="8" frame="determiner(het,nwh,nmod,pro,nparg,wkpro)" his="normal" his_1="normal" id="14" infl="het" lcat="detp" lemma="het" lwtype="bep" naamval="stan" npagr="evon" pos="det" postag="LID(bep,stan,evon)" pt="lid" rel="det" root="het" sense="het" wh="nwh" word="het"/>
              <node begin="8" end="9" frame="noun(het,count,sg)" gen="het" genus="onz" getal="ev" graad="basis" his="normal" his_1="normal" id="15" lcat="np" lemma="meer" naamval="stan" ntype="soort" num="sg" pos="noun" postag="N(soort,ev,basis,onz,stan)" pt="n" rel="hd" rnum="sg" root="meer" sense="meer" word="meer"/>
            </node>
          </node>
        </node>
      </node>
    </node>
  </node>
  <sentence sentid="1444">Een vrouw is aan het wakeboarden op het meer</sentence>
  <comments>
    <comment>Q#1444|Een vrouw is aan het wakeboarden op het meer|1|1|-0.06874745119999964</comment>
  </comments>
</alpino_ds>
